{
 "type": "FeatureCollection",
 "attribution": "© OpenStreetMap contributors (ODbL)",
 "area": {
  "label": "Cali metro, Valle del Cauca",
  "bbox": {
   "minLat": 3.3,
   "minLng": -76.6,
   "maxLat": 3.55,
   "maxLng": -76.42
  },
  "pulled": "2026-08-13",
  "source": "OpenStreetMap via Overpass"
 },
 "features": [
  {
   "type": "Feature",
   "geometry": {
    "type": "Point",
    "coordinates": [
     -76.5138588,
     3.3960696
    ]
   },
   "properties": {
    "kind": "medical",
    "name": "Centro de Salud de Ciudad Cordoba",
    "address": null,
    "phone": null,
    "capacity": null,
    "source": "osm",
    "source_ref": "node/505476620",
    "source_url": "https://www.openstreetmap.org/node/505476620"
   }
  },
  {
   "type": "Feature",
   "geometry": {
    "type": "Point",
    "coordinates": [
     -76.5004365,
     3.426246
    ]
   },
   "properties": {
    "kind": "shelter_candidate",
    "name": "Colegio Primario Comfandi Calipso",
    "address": null,
    "phone": null,
    "capacity": null,
    "source": "osm",
    "source_ref": "node/565320539",
    "source_url": "https://www.openstreetmap.org/node/565320539"
   }
  },
  {
   "type": "Feature",
   "geometry": {
    "type": "Point",
    "coordinates": [
     -76.4997363,
     3.4269318
    ]
   },
   "properties": {
    "kind": "market",
    "name": "Comfandi Calipso",
    "address": null,
    "phone": null,
    "capacity": null,
    "source": "osm",
    "source_ref": "node/565330263",
    "source_url": "https://www.openstreetmap.org/node/565330263"
   }
  },
  {
   "type": "Feature",
   "geometry": {
    "type": "Point",
    "coordinates": [
     -76.5471086,
     3.4403111
    ]
   },
   "properties": {
    "kind": "market",
    "name": "Supermercado Olímpica Los Cristales",
    "address": null,
    "phone": null,
    "capacity": null,
    "source": "osm",
    "source_ref": "node/615403740",
    "source_url": "https://www.openstreetmap.org/node/615403740"
   }
  },
  {
   "type": "Feature",
   "geometry": {
    "type": "Point",
    "coordinates": [
     -76.5159442,
     3.4643944
    ]
   },
   "properties": {
    "kind": "responder",
    "name": "ESTACIÓN DE POLICÍA DE SAN FRANCISCO",
    "address": "Carrera 1",
    "phone": null,
    "capacity": null,
    "source": "osm",
    "source_ref": "node/761835610",
    "source_url": "https://www.openstreetmap.org/node/761835610"
   }
  },
  {
   "type": "Feature",
   "geometry": {
    "type": "Point",
    "coordinates": [
     -76.522037,
     3.4282459
    ]
   },
   "properties": {
    "kind": "market",
    "name": "Tienda / supermercado (sin nombre)",
    "address": null,
    "phone": null,
    "capacity": null,
    "source": "osm",
    "source_ref": "node/860711429",
    "source_url": "https://www.openstreetmap.org/node/860711429"
   }
  },
  {
   "type": "Feature",
   "geometry": {
    "type": "Point",
    "coordinates": [
     -76.5282754,
     3.4261972
    ]
   },
   "properties": {
    "kind": "market",
    "name": "Pryca",
    "address": null,
    "phone": null,
    "capacity": null,
    "source": "osm",
    "source_ref": "node/860712654",
    "source_url": "https://www.openstreetmap.org/node/860712654"
   }
  },
  {
   "type": "Feature",
   "geometry": {
    "type": "Point",
    "coordinates": [
     -76.5240015,
     3.4038756
    ]
   },
   "properties": {
    "kind": "shelter_candidate",
    "name": "ITI",
    "address": null,
    "phone": null,
    "capacity": null,
    "source": "osm",
    "source_ref": "node/860728775",
    "source_url": "https://www.openstreetmap.org/node/860728775"
   }
  },
  {
   "type": "Feature",
   "geometry": {
    "type": "Point",
    "coordinates": [
     -76.5247359,
     3.4041969
    ]
   },
   "properties": {
    "kind": "shelter_candidate",
    "name": "Colegio Carlos Castro Saavedra",
    "address": null,
    "phone": null,
    "capacity": null,
    "source": "osm",
    "source_ref": "node/860728782",
    "source_url": "https://www.openstreetmap.org/node/860728782"
   }
  },
  {
   "type": "Feature",
   "geometry": {
    "type": "Point",
    "coordinates": [
     -76.498117,
     3.453434
    ]
   },
   "properties": {
    "kind": "shelter_candidate",
    "name": "Marco Fidel Suarez",
    "address": null,
    "phone": null,
    "capacity": null,
    "source": "osm",
    "source_ref": "node/979645426",
    "source_url": "https://www.openstreetmap.org/node/979645426"
   }
  },
  {
   "type": "Feature",
   "geometry": {
    "type": "Point",
    "coordinates": [
     -76.5273076,
     3.4289551
    ]
   },
   "properties": {
    "kind": "market",
    "name": "Supertiendas Cañaveral - Cootraemcali",
    "address": "Calle 13",
    "phone": null,
    "capacity": null,
    "source": "osm",
    "source_ref": "node/1171256208",
    "source_url": "https://www.openstreetmap.org/node/1171256208"
   }
  },
  {
   "type": "Feature",
   "geometry": {
    "type": "Point",
    "coordinates": [
     -76.5154442,
     3.4845799
    ]
   },
   "properties": {
    "kind": "medical",
    "name": "Centro Médico Familiar La Flora",
    "address": null,
    "phone": "+57 6026087000",
    "capacity": null,
    "source": "osm",
    "source_ref": "node/1230821143",
    "source_url": "https://www.openstreetmap.org/node/1230821143"
   }
  },
  {
   "type": "Feature",
   "geometry": {
    "type": "Point",
    "coordinates": [
     -76.4948908,
     3.4305796
    ]
   },
   "properties": {
    "kind": "medical",
    "name": "PROVIVIR LABORATORIO CLÍNICO No.2",
    "address": null,
    "phone": "+57 2 4374049",
    "capacity": null,
    "source": "osm",
    "source_ref": "node/1230821158",
    "source_url": "https://www.openstreetmap.org/node/1230821158"
   }
  },
  {
   "type": "Feature",
   "geometry": {
    "type": "Point",
    "coordinates": [
     -76.5315611,
     3.4518987
    ]
   },
   "properties": {
    "kind": "medical",
    "name": "ÓPTICA FRANCESA",
    "address": null,
    "phone": "+57 2 8843785",
    "capacity": null,
    "source": "osm",
    "source_ref": "node/1230821162",
    "source_url": "https://www.openstreetmap.org/node/1230821162"
   }
  },
  {
   "type": "Feature",
   "geometry": {
    "type": "Point",
    "coordinates": [
     -76.5348941,
     3.449362
    ]
   },
   "properties": {
    "kind": "medical",
    "name": "FUNDACIÓN PARA EL DESARROLLO DE LA SALUD FAMILIAR Y SOCIAL- FAMISALUD",
    "address": null,
    "phone": "+57 2 8822308",
    "capacity": null,
    "source": "osm",
    "source_ref": "node/1230821187",
    "source_url": "https://www.openstreetmap.org/node/1230821187"
   }
  },
  {
   "type": "Feature",
   "geometry": {
    "type": "Point",
    "coordinates": [
     -76.5284877,
     3.4608051
    ]
   },
   "properties": {
    "kind": "medical",
    "name": "CENTRO ODONTOLÓGICO FAMILIAR VERSALLES CRUZ BLANCA EPS S.A.",
    "address": null,
    "phone": "+57 2 6087000 Ext: 2303",
    "capacity": null,
    "source": "osm",
    "source_ref": "node/1230821204",
    "source_url": "https://www.openstreetmap.org/node/1230821204"
   }
  },
  {
   "type": "Feature",
   "geometry": {
    "type": "Point",
    "coordinates": [
     -76.5013507,
     3.432205
    ]
   },
   "properties": {
    "kind": "medical",
    "name": "Puesto de Salud Doce de Octubre",
    "address": null,
    "phone": "+57 2 4416925",
    "capacity": null,
    "source": "osm",
    "source_ref": "node/1230821241",
    "source_url": "https://www.openstreetmap.org/node/1230821241"
   }
  },
  {
   "type": "Feature",
   "geometry": {
    "type": "Point",
    "coordinates": [
     -76.5363103,
     3.4489415
    ]
   },
   "properties": {
    "kind": "medical",
    "name": "Ciclo Vital Colombia Limitada",
    "address": null,
    "phone": "+57 2 8882928",
    "capacity": null,
    "source": "osm",
    "source_ref": "node/1230821246",
    "source_url": "https://www.openstreetmap.org/node/1230821246"
   }
  },
  {
   "type": "Feature",
   "geometry": {
    "type": "Point",
    "coordinates": [
     -76.5290915,
     3.4678076
    ]
   },
   "properties": {
    "kind": "medical",
    "name": "AUDIOVIDA",
    "address": "Cali",
    "phone": "+57 2 6675252",
    "capacity": null,
    "source": "osm",
    "source_ref": "node/1230821269",
    "source_url": "https://www.openstreetmap.org/node/1230821269"
   }
  },
  {
   "type": "Feature",
   "geometry": {
    "type": "Point",
    "coordinates": [
     -76.5350964,
     3.4134963
    ]
   },
   "properties": {
    "kind": "medical",
    "name": "Medicina Electrodiagnostica",
    "address": null,
    "phone": "+57 2 5511637",
    "capacity": null,
    "source": "osm",
    "source_ref": "node/1230821280",
    "source_url": "https://www.openstreetmap.org/node/1230821280"
   }
  },
  {
   "type": "Feature",
   "geometry": {
    "type": "Point",
    "coordinates": [
     -76.5200015,
     3.3855722
    ]
   },
   "properties": {
    "kind": "medical",
    "name": "Consubsalud Ips E U",
    "address": null,
    "phone": "+57 2 3326145",
    "capacity": null,
    "source": "osm",
    "source_ref": "node/1230821316",
    "source_url": "https://www.openstreetmap.org/node/1230821316"
   }
  },
  {
   "type": "Feature",
   "geometry": {
    "type": "Point",
    "coordinates": [
     -76.5426557,
     3.4172961
    ]
   },
   "properties": {
    "kind": "medical",
    "name": "LABORATORIO CLÍNICO OSCAR COLLAZOS Y CIA",
    "address": null,
    "phone": "+57 2 5525193",
    "capacity": null,
    "source": "osm",
    "source_ref": "node/1230821339",
    "source_url": "https://www.openstreetmap.org/node/1230821339"
   }
  },
  {
   "type": "Feature",
   "geometry": {
    "type": "Point",
    "coordinates": [
     -76.5215527,
     3.4721295
    ]
   },
   "properties": {
    "kind": "medical",
    "name": "Centro de Reconocimiento de Conductores Colombia En Movimiento Ltda",
    "address": null,
    "phone": "+57 2 6670101",
    "capacity": null,
    "source": "osm",
    "source_ref": "node/1230821392",
    "source_url": "https://www.openstreetmap.org/node/1230821392"
   }
  },
  {
   "type": "Feature",
   "geometry": {
    "type": "Point",
    "coordinates": [
     -76.5299603,
     3.4702631
    ]
   },
   "properties": {
    "kind": "medical",
    "name": "Oftalaser S.a.",
    "address": null,
    "phone": "+57 2 6615628",
    "capacity": null,
    "source": "osm",
    "source_ref": "node/1230821560",
    "source_url": "https://www.openstreetmap.org/node/1230821560"
   }
  },
  {
   "type": "Feature",
   "geometry": {
    "type": "Point",
    "coordinates": [
     -76.5161261,
     3.4806042
    ]
   },
   "properties": {
    "kind": "medical",
    "name": "ÓPTICA CALIMA LTDA",
    "address": null,
    "phone": "+57 2 6648702",
    "capacity": null,
    "source": "osm",
    "source_ref": "node/1230821605",
    "source_url": "https://www.openstreetmap.org/node/1230821605"
   }
  },
  {
   "type": "Feature",
   "geometry": {
    "type": "Point",
    "coordinates": [
     -76.5439422,
     3.4023253
    ]
   },
   "properties": {
    "kind": "medical",
    "name": "CENTRO DE ESTÉTICA CARMEN GALINDO E.U.",
    "address": null,
    "phone": "+57 2 5535238",
    "capacity": null,
    "source": "osm",
    "source_ref": "node/1230821619",
    "source_url": "https://www.openstreetmap.org/node/1230821619"
   }
  },
  {
   "type": "Feature",
   "geometry": {
    "type": "Point",
    "coordinates": [
     -76.5256508,
     3.4530879
    ]
   },
   "properties": {
    "kind": "medical",
    "name": "PROVIDA # 1",
    "address": null,
    "phone": "+57 2 6809558",
    "capacity": null,
    "source": "osm",
    "source_ref": "node/1230821626",
    "source_url": "https://www.openstreetmap.org/node/1230821626"
   }
  },
  {
   "type": "Feature",
   "geometry": {
    "type": "Point",
    "coordinates": [
     -76.4931228,
     3.433989
    ]
   },
   "properties": {
    "kind": "medical",
    "name": "ASOCIACIÓN DE DISCAPACITADOS DEL VALLE - ASODISVALLE",
    "address": null,
    "phone": "+57 2 6633385",
    "capacity": null,
    "source": "osm",
    "source_ref": "node/1230821767",
    "source_url": "https://www.openstreetmap.org/node/1230821767"
   }
  },
  {
   "type": "Feature",
   "geometry": {
    "type": "Point",
    "coordinates": [
     -76.5041096,
     3.4356563
    ]
   },
   "properties": {
    "kind": "medical",
    "name": "LABORATORIO CLÍNICO SAN MARTIN SEDE RODEO",
    "address": null,
    "phone": "+57 2 4435115",
    "capacity": null,
    "source": "osm",
    "source_ref": "node/1230821826",
    "source_url": "https://www.openstreetmap.org/node/1230821826"
   }
  },
  {
   "type": "Feature",
   "geometry": {
    "type": "Point",
    "coordinates": [
     -76.5249453,
     3.4769198
    ]
   },
   "properties": {
    "kind": "medical",
    "name": "ÁNGEL DIAGNOSTICA S.A - SEDE CHIPICHAPE",
    "address": null,
    "phone": "+57 2 6080049",
    "capacity": null,
    "source": "osm",
    "source_ref": "node/1230821870",
    "source_url": "https://www.openstreetmap.org/node/1230821870"
   }
  },
  {
   "type": "Feature",
   "geometry": {
    "type": "Point",
    "coordinates": [
     -76.5589902,
     3.4526012
    ]
   },
   "properties": {
    "kind": "medical",
    "name": "LABORATORIO CLÍNICO SAN MARTIN T",
    "address": null,
    "phone": "+57 2 4435115",
    "capacity": null,
    "source": "osm",
    "source_ref": "node/1230821966",
    "source_url": "https://www.openstreetmap.org/node/1230821966"
   }
  },
  {
   "type": "Feature",
   "geometry": {
    "type": "Point",
    "coordinates": [
     -76.5385577,
     3.4363377
    ]
   },
   "properties": {
    "kind": "medical",
    "name": "Primsalud Primero Su Salud Empresa Unipersonal",
    "address": null,
    "phone": "+57 2 5570258",
    "capacity": null,
    "source": "osm",
    "source_ref": "node/1230822110",
    "source_url": "https://www.openstreetmap.org/node/1230822110"
   }
  },
  {
   "type": "Feature",
   "geometry": {
    "type": "Point",
    "coordinates": [
     -76.5453011,
     3.4019813
    ]
   },
   "properties": {
    "kind": "medical",
    "name": "ASOCIACIÓN PARA LA SALUD MENTAL INFANTIL DEL ADOLESCENTE SIMA",
    "address": null,
    "phone": "+57 2 6803678",
    "capacity": null,
    "source": "osm",
    "source_ref": "node/1230822144",
    "source_url": "https://www.openstreetmap.org/node/1230822144"
   }
  },
  {
   "type": "Feature",
   "geometry": {
    "type": "Point",
    "coordinates": [
     -76.5552691,
     3.4056855
    ]
   },
   "properties": {
    "kind": "medical",
    "name": "Ortoclub S.a",
    "address": null,
    "phone": "+57 2 4394120",
    "capacity": null,
    "source": "osm",
    "source_ref": "node/1230822159",
    "source_url": "https://www.openstreetmap.org/node/1230822159"
   }
  },
  {
   "type": "Feature",
   "geometry": {
    "type": "Point",
    "coordinates": [
     -76.4634818,
     3.4263427
    ]
   },
   "properties": {
    "kind": "medical",
    "name": "Centro de Salud Decepaz",
    "address": null,
    "phone": "+57 2 4374024",
    "capacity": null,
    "source": "osm",
    "source_ref": "node/1230822171",
    "source_url": "https://www.openstreetmap.org/node/1230822171"
   }
  },
  {
   "type": "Feature",
   "geometry": {
    "type": "Point",
    "coordinates": [
     -76.5267425,
     3.4676948
    ]
   },
   "properties": {
    "kind": "medical",
    "name": "SONRÍA DAMA SALUD CALI NORTE",
    "address": null,
    "phone": "+57 2 6608321",
    "capacity": null,
    "source": "osm",
    "source_ref": "node/1230822175",
    "source_url": "https://www.openstreetmap.org/node/1230822175"
   }
  },
  {
   "type": "Feature",
   "geometry": {
    "type": "Point",
    "coordinates": [
     -76.5027229,
     3.4187792
    ]
   },
   "properties": {
    "kind": "medical",
    "name": "Centro de Salud El Diamante",
    "address": null,
    "phone": "+57 2 4374024",
    "capacity": null,
    "source": "osm",
    "source_ref": "node/1230822207",
    "source_url": "https://www.openstreetmap.org/node/1230822207"
   }
  },
  {
   "type": "Feature",
   "geometry": {
    "type": "Point",
    "coordinates": [
     -76.4992685,
     3.4248595
    ]
   },
   "properties": {
    "kind": "medical",
    "name": "Puesto Desalud Calipso",
    "address": null,
    "phone": "+57 2 4374024",
    "capacity": null,
    "source": "osm",
    "source_ref": "node/1230822301",
    "source_url": "https://www.openstreetmap.org/node/1230822301"
   }
  },
  {
   "type": "Feature",
   "geometry": {
    "type": "Point",
    "coordinates": [
     -76.5248472,
     3.4626465
    ]
   },
   "properties": {
    "kind": "medical",
    "name": "Laboratorio Bioimagen Ltda Cali",
    "address": null,
    "phone": "+57 2 6810428",
    "capacity": null,
    "source": "osm",
    "source_ref": "node/1230822339",
    "source_url": "https://www.openstreetmap.org/node/1230822339"
   }
  },
  {
   "type": "Feature",
   "geometry": {
    "type": "Point",
    "coordinates": [
     -76.5414739,
     3.4511111
    ]
   },
   "properties": {
    "kind": "medical",
    "name": "Fisiosalud Terapias Integrales Ltda",
    "address": null,
    "phone": "+57 2 8920508",
    "capacity": null,
    "source": "osm",
    "source_ref": "node/1230822349",
    "source_url": "https://www.openstreetmap.org/node/1230822349"
   }
  },
  {
   "type": "Feature",
   "geometry": {
    "type": "Point",
    "coordinates": [
     -76.5412498,
     3.4281351
    ]
   },
   "properties": {
    "kind": "medical",
    "name": "FUNDACIÓN LIGA COLOMBIANA CONTRA LA EPILEPSIA CAPITULO VALLE - HELENA NADER DE ZACCOUR (LICCE)",
    "address": null,
    "phone": "+57 2 5586539",
    "capacity": null,
    "source": "osm",
    "source_ref": "node/1230822361",
    "source_url": "https://www.openstreetmap.org/node/1230822361"
   }
  },
  {
   "type": "Feature",
   "geometry": {
    "type": "Point",
    "coordinates": [
     -76.5464504,
     3.3748085
    ]
   },
   "properties": {
    "kind": "medical",
    "name": "PROVIDA # 11",
    "address": null,
    "phone": "+57 2 6809558",
    "capacity": null,
    "source": "osm",
    "source_ref": "node/1230822390",
    "source_url": "https://www.openstreetmap.org/node/1230822390"
   }
  },
  {
   "type": "Feature",
   "geometry": {
    "type": "Point",
    "coordinates": [
     -76.5312339,
     3.4649815
    ]
   },
   "properties": {
    "kind": "medical",
    "name": "ODONTOLAB - X DEL VALLE",
    "address": null,
    "phone": "+57 2 6673991",
    "capacity": null,
    "source": "osm",
    "source_ref": "node/1230822393",
    "source_url": "https://www.openstreetmap.org/node/1230822393"
   }
  },
  {
   "type": "Feature",
   "geometry": {
    "type": "Point",
    "coordinates": [
     -76.5160443,
     3.4776651
    ]
   },
   "properties": {
    "kind": "medical",
    "name": "Ips La Samaritana Santa",
    "address": null,
    "phone": "+ 57 2 6657475",
    "capacity": null,
    "source": "osm",
    "source_ref": "node/1230822402",
    "source_url": "https://www.openstreetmap.org/node/1230822402"
   }
  },
  {
   "type": "Feature",
   "geometry": {
    "type": "Point",
    "coordinates": [
     -76.5223462,
     3.4627583
    ]
   },
   "properties": {
    "kind": "medical",
    "name": "ÁLVAREZ MEDINA LTDA LABORATORIO MICROBIOLÓGICO",
    "address": null,
    "phone": "+57 2 6686955",
    "capacity": null,
    "source": "osm",
    "source_ref": "node/1230822413",
    "source_url": "https://www.openstreetmap.org/node/1230822413"
   }
  },
  {
   "type": "Feature",
   "geometry": {
    "type": "Point",
    "coordinates": [
     -76.5226573,
     3.4122977
    ]
   },
   "properties": {
    "kind": "medical",
    "name": "Centro de Salud Alfonso Young Valero",
    "address": null,
    "phone": "+57 2 4416925",
    "capacity": null,
    "source": "osm",
    "source_ref": "node/1230822458",
    "source_url": "https://www.openstreetmap.org/node/1230822458"
   }
  },
  {
   "type": "Feature",
   "geometry": {
    "type": "Point",
    "coordinates": [
     -76.5079713,
     3.4163732
    ]
   },
   "properties": {
    "kind": "medical",
    "name": "RED DE SALUD DEL SURORIENTE ESE - CENTRO DE SALUD ANTONIO NARIÑO",
    "address": null,
    "phone": "+57 2 3280047",
    "capacity": null,
    "source": "osm",
    "source_ref": "node/1230822488",
    "source_url": "https://www.openstreetmap.org/node/1230822488"
   }
  },
  {
   "type": "Feature",
   "geometry": {
    "type": "Point",
    "coordinates": [
     -76.5400364,
     3.45103
    ]
   },
   "properties": {
    "kind": "medical",
    "name": "CORPORACIÓN CENTRO INTERNACIONAL DE ENTRENAMIENTO E INVESTIGACIONES MEDICAS",
    "address": null,
    "phone": "+57 2 6682164",
    "capacity": null,
    "source": "osm",
    "source_ref": "node/1230822511",
    "source_url": "https://www.openstreetmap.org/node/1230822511"
   }
  },
  {
   "type": "Feature",
   "geometry": {
    "type": "Point",
    "coordinates": [
     -76.4981229,
     3.4696942
    ]
   },
   "properties": {
    "kind": "medical",
    "name": "GRUPO MEDICO ODONTOLÓGICO COLOMBIANO DE SALUD COLSALUD LTDA SEDE I",
    "address": null,
    "phone": "4476891",
    "capacity": null,
    "source": "osm",
    "source_ref": "node/1230822523",
    "source_url": "https://www.openstreetmap.org/node/1230822523"
   }
  },
  {
   "type": "Feature",
   "geometry": {
    "type": "Point",
    "coordinates": [
     -76.5153277,
     3.4921826
    ]
   },
   "properties": {
    "kind": "medical",
    "name": "Centro de Reconocimiento de Conductores A Prueba U.t. Cali",
    "address": null,
    "phone": "+57 2 6646238",
    "capacity": null,
    "source": "osm",
    "source_ref": "node/1230822538",
    "source_url": "https://www.openstreetmap.org/node/1230822538"
   }
  },
  {
   "type": "Feature",
   "geometry": {
    "type": "Point",
    "coordinates": [
     -76.5409867,
     3.4129294
    ]
   },
   "properties": {
    "kind": "medical",
    "name": "Depi Light Cali",
    "address": null,
    "phone": "+57 2 5136415",
    "capacity": null,
    "source": "osm",
    "source_ref": "node/1230822569",
    "source_url": "https://www.openstreetmap.org/node/1230822569"
   }
  },
  {
   "type": "Feature",
   "geometry": {
    "type": "Point",
    "coordinates": [
     -76.5378426,
     3.4144642
    ]
   },
   "properties": {
    "kind": "medical",
    "name": "Centro de Diagnostico Citopatologico del Occidente Ltda",
    "address": null,
    "phone": "+57 2 6826558",
    "capacity": null,
    "source": "osm",
    "source_ref": "node/1230822571",
    "source_url": "https://www.openstreetmap.org/node/1230822571"
   }
  },
  {
   "type": "Feature",
   "geometry": {
    "type": "Point",
    "coordinates": [
     -76.5304884,
     3.4620536
    ]
   },
   "properties": {
    "kind": "medical",
    "name": "Servicios de Diagnostico Medico S.a.",
    "address": null,
    "phone": "+57 2 6673410",
    "capacity": null,
    "source": "osm",
    "source_ref": "node/1230822621",
    "source_url": "https://www.openstreetmap.org/node/1230822621"
   }
  },
  {
   "type": "Feature",
   "geometry": {
    "type": "Point",
    "coordinates": [
     -76.4800481,
     3.4493999
    ]
   },
   "properties": {
    "kind": "medical",
    "name": "Centro de Salud Puerto Mallarino",
    "address": null,
    "phone": "+57 2 4184646",
    "capacity": null,
    "source": "osm",
    "source_ref": "node/1230822630",
    "source_url": "https://www.openstreetmap.org/node/1230822630"
   }
  },
  {
   "type": "Feature",
   "geometry": {
    "type": "Point",
    "coordinates": [
     -76.5269372,
     3.4617069
    ]
   },
   "properties": {
    "kind": "medical",
    "name": "Unidad de Salud Ocupacional Ltda",
    "address": null,
    "phone": "+57 2 6602221",
    "capacity": null,
    "source": "osm",
    "source_ref": "node/1230822643",
    "source_url": "https://www.openstreetmap.org/node/1230822643"
   }
  },
  {
   "type": "Feature",
   "geometry": {
    "type": "Point",
    "coordinates": [
     -76.541161,
     3.4231958
    ]
   },
   "properties": {
    "kind": "medical",
    "name": "REHABILITACIÓN IMPLANTOLOGIA Y ESTÉTICA ORAL E U",
    "address": null,
    "phone": "+57 2 5141636",
    "capacity": null,
    "source": "osm",
    "source_ref": "node/1230822664",
    "source_url": "https://www.openstreetmap.org/node/1230822664"
   }
  },
  {
   "type": "Feature",
   "geometry": {
    "type": "Point",
    "coordinates": [
     -76.5114726,
     3.4720538
    ]
   },
   "properties": {
    "kind": "medical",
    "name": "PROVIDA # 8",
    "address": null,
    "phone": "+57 2 6809558",
    "capacity": null,
    "source": "osm",
    "source_ref": "node/1230822748",
    "source_url": "https://www.openstreetmap.org/node/1230822748"
   }
  },
  {
   "type": "Feature",
   "geometry": {
    "type": "Point",
    "coordinates": [
     -76.5239883,
     3.4758944
    ]
   },
   "properties": {
    "kind": "medical",
    "name": "CLÍNICA INTERNACIONAL DEL OZONO - PORTAL DA SAUDE I.P.S.",
    "address": null,
    "phone": "+57 2 6838908",
    "capacity": null,
    "source": "osm",
    "source_ref": "node/1230822758",
    "source_url": "https://www.openstreetmap.org/node/1230822758"
   }
  },
  {
   "type": "Feature",
   "geometry": {
    "type": "Point",
    "coordinates": [
     -76.526235,
     3.4707825
    ]
   },
   "properties": {
    "kind": "medical",
    "name": "SERVICIOS MÉDICOS EMPRESARIALES LA TERMINAL",
    "address": "Santiago de Cali",
    "phone": "+57 2 6672804",
    "capacity": null,
    "source": "osm",
    "source_ref": "node/1230822886",
    "source_url": "https://www.openstreetmap.org/node/1230822886"
   }
  },
  {
   "type": "Feature",
   "geometry": {
    "type": "Point",
    "coordinates": [
     -76.5295398,
     3.4643832
    ]
   },
   "properties": {
    "kind": "medical",
    "name": "Sentir Fisioterapia Avanzada Ltda",
    "address": null,
    "phone": "+57 2 6608746",
    "capacity": null,
    "source": "osm",
    "source_ref": "node/1230822914",
    "source_url": "https://www.openstreetmap.org/node/1230822914"
   }
  },
  {
   "type": "Feature",
   "geometry": {
    "type": "Point",
    "coordinates": [
     -76.5006811,
     3.4463297
    ]
   },
   "properties": {
    "kind": "medical",
    "name": "LABORATORIO CLÍNICO SAN MARTIN SEDE B",
    "address": null,
    "phone": "+57 2 4435115",
    "capacity": null,
    "source": "osm",
    "source_ref": "node/1230822970",
    "source_url": "https://www.openstreetmap.org/node/1230822970"
   }
  },
  {
   "type": "Feature",
   "geometry": {
    "type": "Point",
    "coordinates": [
     -76.5313484,
     3.4604317
    ]
   },
   "properties": {
    "kind": "medical",
    "name": "CENTRO RADIOLÓGICO ODONTOFACIAL CENTRIX",
    "address": null,
    "phone": "+57 2 6536805",
    "capacity": null,
    "source": "osm",
    "source_ref": "node/1230823015",
    "source_url": "https://www.openstreetmap.org/node/1230823015"
   }
  },
  {
   "type": "Feature",
   "geometry": {
    "type": "Point",
    "coordinates": [
     -76.5336201,
     3.4577556
    ]
   },
   "properties": {
    "kind": "medical",
    "name": "E.S.E. RED DE SALUD DE LADERA EMPRESA SOCIAL DEL ESTADO HOSPITAL CAÑAVERALEJO",
    "address": null,
    "phone": "+57 2 6080124",
    "capacity": null,
    "source": "osm",
    "source_ref": "node/1230823024",
    "source_url": "https://www.openstreetmap.org/node/1230823024"
   }
  },
  {
   "type": "Feature",
   "geometry": {
    "type": "Point",
    "coordinates": [
     -76.4963963,
     3.4206472
    ]
   },
   "properties": {
    "kind": "medical",
    "name": "FUNDACIÓN PARA LA SALUD UNISALUD SEDE ORIENTE",
    "address": null,
    "phone": "+57 2 4463992",
    "capacity": null,
    "source": "osm",
    "source_ref": "node/1230823068",
    "source_url": "https://www.openstreetmap.org/node/1230823068"
   }
  },
  {
   "type": "Feature",
   "geometry": {
    "type": "Point",
    "coordinates": [
     -76.4996077,
     3.4269784
    ]
   },
   "properties": {
    "kind": "medical",
    "name": "Ips Comfandi Calipso",
    "address": null,
    "phone": "+57 4479582",
    "capacity": null,
    "source": "osm",
    "source_ref": "node/1230823073",
    "source_url": "https://www.openstreetmap.org/node/1230823073"
   }
  },
  {
   "type": "Feature",
   "geometry": {
    "type": "Point",
    "coordinates": [
     -76.5337422,
     3.4512446
    ]
   },
   "properties": {
    "kind": "medical",
    "name": "SONRÍA DAMA SALUD CALI CENTRO",
    "address": null,
    "phone": "+57 2 5519293",
    "capacity": null,
    "source": "osm",
    "source_ref": "node/1230823085",
    "source_url": "https://www.openstreetmap.org/node/1230823085"
   }
  },
  {
   "type": "Feature",
   "geometry": {
    "type": "Point",
    "coordinates": [
     -76.5257179,
     3.4612971
    ]
   },
   "properties": {
    "kind": "medical",
    "name": "ÁNGEL DIAGNOSTICA S.A. SEDE AV. DEL RIO",
    "address": null,
    "phone": "+57 2 6080049",
    "capacity": null,
    "source": "osm",
    "source_ref": "node/1230823099",
    "source_url": "https://www.openstreetmap.org/node/1230823099"
   }
  },
  {
   "type": "Feature",
   "geometry": {
    "type": "Point",
    "coordinates": [
     -76.5441152,
     3.3989056
    ]
   },
   "properties": {
    "kind": "medical",
    "name": "FISIOPRAXIS",
    "address": null,
    "phone": "+57 2 3391082",
    "capacity": null,
    "source": "osm",
    "source_ref": "node/1230823129",
    "source_url": "https://www.openstreetmap.org/node/1230823129"
   }
  },
  {
   "type": "Feature",
   "geometry": {
    "type": "Point",
    "coordinates": [
     -76.5419243,
     3.4193204
    ]
   },
   "properties": {
    "kind": "medical",
    "name": "GENOMICS",
    "address": null,
    "phone": "+57 2 5534411",
    "capacity": null,
    "source": "osm",
    "source_ref": "node/1230823143",
    "source_url": "https://www.openstreetmap.org/node/1230823143"
   }
  },
  {
   "type": "Feature",
   "geometry": {
    "type": "Point",
    "coordinates": [
     -76.4951072,
     3.4426557
    ]
   },
   "properties": {
    "kind": "medical",
    "name": "Unidad Medica Integral Ler Ltda",
    "address": null,
    "phone": "+57 2 4444008",
    "capacity": null,
    "source": "osm",
    "source_ref": "node/1230823171",
    "source_url": "https://www.openstreetmap.org/node/1230823171"
   }
  },
  {
   "type": "Feature",
   "geometry": {
    "type": "Point",
    "coordinates": [
     -76.5255553,
     3.4618655
    ]
   },
   "properties": {
    "kind": "medical",
    "name": "TRADI-SALUD LTDA (TRADICIONES EN SALUD LTDA) # 1",
    "address": null,
    "phone": "+57 2 6616529",
    "capacity": null,
    "source": "osm",
    "source_ref": "node/1230823182",
    "source_url": "https://www.openstreetmap.org/node/1230823182"
   }
  },
  {
   "type": "Feature",
   "geometry": {
    "type": "Point",
    "coordinates": [
     -76.5286888,
     3.4680285
    ]
   },
   "properties": {
    "kind": "medical",
    "name": "REHABILITAMOS",
    "address": null,
    "phone": "+57 2 6600621",
    "capacity": null,
    "source": "osm",
    "source_ref": "node/1230823185",
    "source_url": "https://www.openstreetmap.org/node/1230823185"
   }
  },
  {
   "type": "Feature",
   "geometry": {
    "type": "Point",
    "coordinates": [
     -76.521889,
     3.4821273
    ]
   },
   "properties": {
    "kind": "medical",
    "name": "SERVICIOS DE LABORATORIOS CLÍNICO LTDA",
    "address": null,
    "phone": "+57 2 6804058",
    "capacity": null,
    "source": "osm",
    "source_ref": "node/1230823256",
    "source_url": "https://www.openstreetmap.org/node/1230823256"
   }
  },
  {
   "type": "Feature",
   "geometry": {
    "type": "Point",
    "coordinates": [
     -76.5376044,
     3.4311481
    ]
   },
   "properties": {
    "kind": "medical",
    "name": "SALUD INTEGRAL IPS LTDA ODONTOLOGÍA",
    "address": null,
    "phone": "+57 2 5577649",
    "capacity": null,
    "source": "osm",
    "source_ref": "node/1230823302",
    "source_url": "https://www.openstreetmap.org/node/1230823302"
   }
  },
  {
   "type": "Feature",
   "geometry": {
    "type": "Point",
    "coordinates": [
     -76.4938781,
     3.4524332
    ]
   },
   "properties": {
    "kind": "medical",
    "name": "Centro Medico Burgos",
    "address": null,
    "phone": "+57 2 4433973",
    "capacity": null,
    "source": "osm",
    "source_ref": "node/1230823307",
    "source_url": "https://www.openstreetmap.org/node/1230823307"
   }
  },
  {
   "type": "Feature",
   "geometry": {
    "type": "Point",
    "coordinates": [
     -76.5257288,
     3.4233639
    ]
   },
   "properties": {
    "kind": "medical",
    "name": "PUESTO DE SALUD CRISTÓBAL COLON",
    "address": null,
    "phone": "+57 2 4416925",
    "capacity": null,
    "source": "osm",
    "source_ref": "node/1230823347",
    "source_url": "https://www.openstreetmap.org/node/1230823347"
   }
  },
  {
   "type": "Feature",
   "geometry": {
    "type": "Point",
    "coordinates": [
     -76.5405225,
     3.4145147
    ]
   },
   "properties": {
    "kind": "medical",
    "name": "MULTIOPTICAS # 1",
    "address": null,
    "phone": "+57 2 5518870",
    "capacity": null,
    "source": "osm",
    "source_ref": "node/1230823353",
    "source_url": "https://www.openstreetmap.org/node/1230823353"
   }
  },
  {
   "type": "Feature",
   "geometry": {
    "type": "Point",
    "coordinates": [
     -76.5331232,
     3.4585994
    ]
   },
   "properties": {
    "kind": "medical",
    "name": "Cefes Eu Centro de Fisioterapia Especializado",
    "address": null,
    "phone": "+57 2 6616771",
    "capacity": null,
    "source": "osm",
    "source_ref": "node/1230823447",
    "source_url": "https://www.openstreetmap.org/node/1230823447"
   }
  },
  {
   "type": "Feature",
   "geometry": {
    "type": "Point",
    "coordinates": [
     -76.5134932,
     3.4832449
    ]
   },
   "properties": {
    "kind": "medical",
    "name": "IPS Comfandi La Merced",
    "address": null,
    "phone": "+57 2 6541414",
    "capacity": null,
    "source": "osm",
    "source_ref": "node/1230823514",
    "source_url": "https://www.openstreetmap.org/node/1230823514"
   }
  },
  {
   "type": "Feature",
   "geometry": {
    "type": "Point",
    "coordinates": [
     -76.5317496,
     3.4681122
    ]
   },
   "properties": {
    "kind": "medical",
    "name": "CINCO ELEMENTOS CENTRO HOLÍSTICO & SPA",
    "address": null,
    "phone": "+57 2 6610428",
    "capacity": null,
    "source": "osm",
    "source_ref": "node/1230823539",
    "source_url": "https://www.openstreetmap.org/node/1230823539"
   }
  },
  {
   "type": "Feature",
   "geometry": {
    "type": "Point",
    "coordinates": [
     -76.5250845,
     3.4626358
    ]
   },
   "properties": {
    "kind": "medical",
    "name": "FUNDACIÓN DE APOYO A LA SOLIDARIDAD FAS",
    "address": null,
    "phone": "+57 2 6673128",
    "capacity": null,
    "source": "osm",
    "source_ref": "node/1230823582",
    "source_url": "https://www.openstreetmap.org/node/1230823582"
   }
  },
  {
   "type": "Feature",
   "geometry": {
    "type": "Point",
    "coordinates": [
     -76.5297933,
     3.4681989
    ]
   },
   "properties": {
    "kind": "medical",
    "name": "CLÍNICA DE OFTALMOLOGÍA DE CALI S.A. SEDE SANTA MÓNICA",
    "address": null,
    "phone": "+57 2 5520890",
    "capacity": null,
    "source": "osm",
    "source_ref": "node/1230823712",
    "source_url": "https://www.openstreetmap.org/node/1230823712"
   }
  },
  {
   "type": "Feature",
   "geometry": {
    "type": "Point",
    "coordinates": [
     -76.4949552,
     3.4083804
    ]
   },
   "properties": {
    "kind": "medical",
    "name": "ÓPTICA UNIVER ROOSEVELT",
    "address": null,
    "phone": "+57 2 6436826",
    "capacity": null,
    "source": "osm",
    "source_ref": "node/1230823783",
    "source_url": "https://www.openstreetmap.org/node/1230823783"
   }
  },
  {
   "type": "Feature",
   "geometry": {
    "type": "Point",
    "coordinates": [
     -76.5447533,
     3.422534
    ]
   },
   "properties": {
    "kind": "medical",
    "name": "Centro de Biomedicina Reproductiva del Valle S.a.",
    "address": null,
    "phone": "+57 2 5534300",
    "capacity": null,
    "source": "osm",
    "source_ref": "node/1230823837",
    "source_url": "https://www.openstreetmap.org/node/1230823837"
   }
  },
  {
   "type": "Feature",
   "geometry": {
    "type": "Point",
    "coordinates": [
     -76.5459533,
     3.4211177
    ]
   },
   "properties": {
    "kind": "medical",
    "name": "Ips Saludcoop Cali Centro",
    "address": null,
    "phone": "+57 2 5540000",
    "capacity": null,
    "source": "osm",
    "source_ref": "node/1230823969",
    "source_url": "https://www.openstreetmap.org/node/1230823969"
   }
  },
  {
   "type": "Feature",
   "geometry": {
    "type": "Point",
    "coordinates": [
     -76.5247732,
     3.462595
    ]
   },
   "properties": {
    "kind": "medical",
    "name": "RADIOLOGÍA ESPECIALIZADA LIMITADA RADES LTDA",
    "address": null,
    "phone": "+57 2 6686111",
    "capacity": null,
    "source": "osm",
    "source_ref": "node/1230823985",
    "source_url": "https://www.openstreetmap.org/node/1230823985"
   }
  },
  {
   "type": "Feature",
   "geometry": {
    "type": "Point",
    "coordinates": [
     -76.5257163,
     3.4676265
    ]
   },
   "properties": {
    "kind": "medical",
    "name": "Ame Cali",
    "address": null,
    "phone": "+57 2 6682329",
    "capacity": null,
    "source": "osm",
    "source_ref": "node/1230824045",
    "source_url": "https://www.openstreetmap.org/node/1230824045"
   }
  },
  {
   "type": "Feature",
   "geometry": {
    "type": "Point",
    "coordinates": [
     -76.5368941,
     3.4300896
    ]
   },
   "properties": {
    "kind": "medical",
    "name": "ESCENOGRAFÍA SAN JOSÉ GRUPO ESCENOGRÁFICO DEL SUR",
    "address": null,
    "phone": "+57 2 5562607",
    "capacity": null,
    "source": "osm",
    "source_ref": "node/1230824068",
    "source_url": "https://www.openstreetmap.org/node/1230824068"
   }
  },
  {
   "type": "Feature",
   "geometry": {
    "type": "Point",
    "coordinates": [
     -76.4818888,
     3.4329205
    ]
   },
   "properties": {
    "kind": "medical",
    "name": "PUESTO DE SALUD ALIRIO MORA BELTRÁN",
    "address": null,
    "phone": "+57 2 4374024",
    "capacity": null,
    "source": "osm",
    "source_ref": "node/1230824075",
    "source_url": "https://www.openstreetmap.org/node/1230824075"
   }
  },
  {
   "type": "Feature",
   "geometry": {
    "type": "Point",
    "coordinates": [
     -76.4684832,
     3.4122604
    ]
   },
   "properties": {
    "kind": "medical",
    "name": "Provisalud Ltda",
    "address": null,
    "phone": "+57 2 4025142",
    "capacity": null,
    "source": "osm",
    "source_ref": "node/1230824112",
    "source_url": "https://www.openstreetmap.org/node/1230824112"
   }
  },
  {
   "type": "Feature",
   "geometry": {
    "type": "Point",
    "coordinates": [
     -76.4917339,
     3.4242697
    ]
   },
   "properties": {
    "kind": "medical",
    "name": "FUNDACIÓN PARA LIMITACIONES MÚLTIPLES FULIM",
    "address": null,
    "phone": "+57 2 4374771",
    "capacity": null,
    "source": "osm",
    "source_ref": "node/1230824131",
    "source_url": "https://www.openstreetmap.org/node/1230824131"
   }
  },
  {
   "type": "Feature",
   "geometry": {
    "type": "Point",
    "coordinates": [
     -76.5326825,
     3.4607108
    ]
   },
   "properties": {
    "kind": "medical",
    "name": "Enfermeras Servicios Integrales Ltda",
    "address": null,
    "phone": "+57 2 6608775",
    "capacity": null,
    "source": "osm",
    "source_ref": "node/1230824247",
    "source_url": "https://www.openstreetmap.org/node/1230824247"
   }
  },
  {
   "type": "Feature",
   "geometry": {
    "type": "Point",
    "coordinates": [
     -76.5304322,
     3.4627539
    ]
   },
   "properties": {
    "kind": "medical",
    "name": "LA ÓPTICA DEL NORTE LTDA.",
    "address": null,
    "phone": "+57 2 4444053",
    "capacity": null,
    "source": "osm",
    "source_ref": "node/1230824336",
    "source_url": "https://www.openstreetmap.org/node/1230824336"
   }
  },
  {
   "type": "Feature",
   "geometry": {
    "type": "Point",
    "coordinates": [
     -76.5430702,
     3.3927097
    ]
   },
   "properties": {
    "kind": "medical",
    "name": "COOPERATIVA DE TRABAJO ASOCIADO FÉNIX SALUD CTA - FÉNIX SALUD CTA",
    "address": null,
    "phone": "+57 2 6831312",
    "capacity": null,
    "source": "osm",
    "source_ref": "node/1230824422",
    "source_url": "https://www.openstreetmap.org/node/1230824422"
   }
  },
  {
   "type": "Feature",
   "geometry": {
    "type": "Point",
    "coordinates": [
     -76.5213147,
     3.4800311
    ]
   },
   "properties": {
    "kind": "medical",
    "name": "FUNDACIÓN PARA LA ORIENTACIÓN FAMILIAR FUNOF CAPITULO CALI",
    "address": null,
    "phone": "+ 57 2 6661473",
    "capacity": null,
    "source": "osm",
    "source_ref": "node/1230824531",
    "source_url": "https://www.openstreetmap.org/node/1230824531"
   }
  },
  {
   "type": "Feature",
   "geometry": {
    "type": "Point",
    "coordinates": [
     -76.5413897,
     3.4169349
    ]
   },
   "properties": {
    "kind": "medical",
    "name": "NÉMESIS DENTAL GROUP",
    "address": null,
    "phone": "+57 2 5525773",
    "capacity": null,
    "source": "osm",
    "source_ref": "node/1230824561",
    "source_url": "https://www.openstreetmap.org/node/1230824561"
   }
  },
  {
   "type": "Feature",
   "geometry": {
    "type": "Point",
    "coordinates": [
     -76.546119,
     3.4345682
    ]
   },
   "properties": {
    "kind": "medical",
    "name": "CLÍNICA DE ALERGIAS Y TERAPÉUTICAS ALTERNATIVAS FUNDALERGIAS LTDA",
    "address": null,
    "phone": "+57 2 5583737",
    "capacity": null,
    "source": "osm",
    "source_ref": "node/1230824649",
    "source_url": "https://www.openstreetmap.org/node/1230824649"
   }
  },
  {
   "type": "Feature",
   "geometry": {
    "type": "Point",
    "coordinates": [
     -76.48201,
     3.4277005
    ]
   },
   "properties": {
    "kind": "medical",
    "name": "CENTRO DESALUD MARROQUÍN CAUQUITA",
    "address": null,
    "phone": "+57 2 4374024",
    "capacity": null,
    "source": "osm",
    "source_ref": "node/1230824771",
    "source_url": "https://www.openstreetmap.org/node/1230824771"
   }
  },
  {
   "type": "Feature",
   "geometry": {
    "type": "Point",
    "coordinates": [
     -76.5207926,
     3.4296722
    ]
   },
   "properties": {
    "kind": "medical",
    "name": "PROVIDA # 3",
    "address": null,
    "phone": "+57 2 6809558",
    "capacity": null,
    "source": "osm",
    "source_ref": "node/1230824787",
    "source_url": "https://www.openstreetmap.org/node/1230824787"
   }
  },
  {
   "type": "Feature",
   "geometry": {
    "type": "Point",
    "coordinates": [
     -76.5170577,
     3.4103216
    ]
   },
   "properties": {
    "kind": "medical",
    "name": "Policlinico y Laboratorio de Diagnostico del Sur Numero 2",
    "address": null,
    "phone": "+57 2 3278038",
    "capacity": null,
    "source": "osm",
    "source_ref": "node/1230824957",
    "source_url": "https://www.openstreetmap.org/node/1230824957"
   }
  },
  {
   "type": "Feature",
   "geometry": {
    "type": "Point",
    "coordinates": [
     -76.5340276,
     3.4559727
    ]
   },
   "properties": {
    "kind": "medical",
    "name": "IMAX RADIOLOGÍA ORAL SUR",
    "address": null,
    "phone": "+57 6026687541",
    "capacity": null,
    "source": "osm",
    "source_ref": "node/1230824991",
    "source_url": "https://www.openstreetmap.org/node/1230824991"
   }
  },
  {
   "type": "Feature",
   "geometry": {
    "type": "Point",
    "coordinates": [
     -76.5277431,
     3.461728
    ]
   },
   "properties": {
    "kind": "medical",
    "name": "CLÍNICA SANTIAGO DE CALI",
    "address": null,
    "phone": "+57 2 6600303",
    "capacity": null,
    "source": "osm",
    "source_ref": "node/1230825005",
    "source_url": "https://www.openstreetmap.org/node/1230825005"
   }
  },
  {
   "type": "Feature",
   "geometry": {
    "type": "Point",
    "coordinates": [
     -76.5080566,
     3.4849076
    ]
   },
   "properties": {
    "kind": "medical",
    "name": "PUESTO DE SALUD LOS ÁLAMOS",
    "address": null,
    "phone": "+57 2 4184646",
    "capacity": null,
    "source": "osm",
    "source_ref": "node/1230825052",
    "source_url": "https://www.openstreetmap.org/node/1230825052"
   }
  },
  {
   "type": "Feature",
   "geometry": {
    "type": "Point",
    "coordinates": [
     -76.5282681,
     3.4586689
    ]
   },
   "properties": {
    "kind": "medical",
    "name": "JEES GESTIÓN COMERCIAL & CLÍNICAS ODONTOLÓGICAS",
    "address": null,
    "phone": "+57 2 6812131",
    "capacity": null,
    "source": "osm",
    "source_ref": "node/1230825082",
    "source_url": "https://www.openstreetmap.org/node/1230825082"
   }
  },
  {
   "type": "Feature",
   "geometry": {
    "type": "Point",
    "coordinates": [
     -76.5413644,
     3.4124656
    ]
   },
   "properties": {
    "kind": "medical",
    "name": "LA ÓPTICA LIMITADA SEDE IMBANACO",
    "address": null,
    "phone": "+57 2 5520275",
    "capacity": null,
    "source": "osm",
    "source_ref": "node/1230825121",
    "source_url": "https://www.openstreetmap.org/node/1230825121"
   }
  },
  {
   "type": "Feature",
   "geometry": {
    "type": "Point",
    "coordinates": [
     -76.5562152,
     3.3758742
    ]
   },
   "properties": {
    "kind": "medical",
    "name": "Puesto de Salud Polvorines",
    "address": null,
    "phone": "+57 2 6080124",
    "capacity": null,
    "source": "osm",
    "source_ref": "node/1230825126",
    "source_url": "https://www.openstreetmap.org/node/1230825126"
   }
  },
  {
   "type": "Feature",
   "geometry": {
    "type": "Point",
    "coordinates": [
     -76.533714,
     3.4596572
    ]
   },
   "properties": {
    "kind": "medical",
    "name": "FUNDACIÓN HOGARES CLARET - CENTRO DE REEDUCACIÓN DE ADICTOS",
    "address": null,
    "phone": "+57 2 6611872",
    "capacity": null,
    "source": "osm",
    "source_ref": "node/1230825153",
    "source_url": "https://www.openstreetmap.org/node/1230825153"
   }
  },
  {
   "type": "Feature",
   "geometry": {
    "type": "Point",
    "coordinates": [
     -76.5106808,
     3.4298512
    ]
   },
   "properties": {
    "kind": "medical",
    "name": "CENTRO DE RADIOLOGÍA ORAL Y MAXILOFACIAL",
    "address": null,
    "phone": "+57 2 5563161",
    "capacity": null,
    "source": "osm",
    "source_ref": "node/1230825165",
    "source_url": "https://www.openstreetmap.org/node/1230825165"
   }
  },
  {
   "type": "Feature",
   "geometry": {
    "type": "Point",
    "coordinates": [
     -76.5077105,
     3.4728043
    ]
   },
   "properties": {
    "kind": "medical",
    "name": "UNIDAD DE ATENCIÓN BÁSICA NORORIENTE",
    "address": null,
    "phone": "+57 2 3180400",
    "capacity": null,
    "source": "osm",
    "source_ref": "node/1230825179",
    "source_url": "https://www.openstreetmap.org/node/1230825179"
   }
  },
  {
   "type": "Feature",
   "geometry": {
    "type": "Point",
    "coordinates": [
     -76.4918232,
     3.4974825
    ]
   },
   "properties": {
    "kind": "medical",
    "name": "Centro de Salud Floralia",
    "address": null,
    "phone": "+57 2 4184646",
    "capacity": null,
    "source": "osm",
    "source_ref": "node/1230825193",
    "source_url": "https://www.openstreetmap.org/node/1230825193"
   }
  },
  {
   "type": "Feature",
   "geometry": {
    "type": "Point",
    "coordinates": [
     -76.5288764,
     3.4615371
    ]
   },
   "properties": {
    "kind": "medical",
    "name": "INSTITUTO DE GENÉTICA MEDICA CAROLINA ISAZA",
    "address": null,
    "phone": "+57 2 6600160",
    "capacity": null,
    "source": "osm",
    "source_ref": "node/1230825200",
    "source_url": "https://www.openstreetmap.org/node/1230825200"
   }
  },
  {
   "type": "Feature",
   "geometry": {
    "type": "Point",
    "coordinates": [
     -76.5333508,
     3.4476268
    ]
   },
   "properties": {
    "kind": "medical",
    "name": "ÓPTICA OCAMPO",
    "address": null,
    "phone": "+57 2 8809348",
    "capacity": null,
    "source": "osm",
    "source_ref": "node/1230825205",
    "source_url": "https://www.openstreetmap.org/node/1230825205"
   }
  },
  {
   "type": "Feature",
   "geometry": {
    "type": "Point",
    "coordinates": [
     -76.4685758,
     3.4275807
    ]
   },
   "properties": {
    "kind": "medical",
    "name": "CENTRO DE SALUD MANUELA BELTRÁN",
    "address": null,
    "phone": "+57 2 4374024",
    "capacity": null,
    "source": "osm",
    "source_ref": "node/1230825251",
    "source_url": "https://www.openstreetmap.org/node/1230825251"
   }
  },
  {
   "type": "Feature",
   "geometry": {
    "type": "Point",
    "coordinates": [
     -76.4940974,
     3.4180652
    ]
   },
   "properties": {
    "kind": "medical",
    "name": "Centro Medico Ip Salud Ltda",
    "address": null,
    "phone": "+57 2 4365309",
    "capacity": null,
    "source": "osm",
    "source_ref": "node/1230825278",
    "source_url": "https://www.openstreetmap.org/node/1230825278"
   }
  },
  {
   "type": "Feature",
   "geometry": {
    "type": "Point",
    "coordinates": [
     -76.5374787,
     3.451727
    ]
   },
   "properties": {
    "kind": "medical",
    "name": "MÉDICOS EN SU CASA S.A.",
    "address": null,
    "phone": "+57 2 6606010",
    "capacity": null,
    "source": "osm",
    "source_ref": "node/1230825301",
    "source_url": "https://www.openstreetmap.org/node/1230825301"
   }
  },
  {
   "type": "Feature",
   "geometry": {
    "type": "Point",
    "coordinates": [
     -76.4942122,
     3.41818
    ]
   },
   "properties": {
    "kind": "medical",
    "name": "PROVIVIR LABORATORIO CLÍNICO SEDE PRINCIPAL",
    "address": null,
    "phone": "+57 2 4374049",
    "capacity": null,
    "source": "osm",
    "source_ref": "node/1230825307",
    "source_url": "https://www.openstreetmap.org/node/1230825307"
   }
  },
  {
   "type": "Feature",
   "geometry": {
    "type": "Point",
    "coordinates": [
     -76.53532,
     3.4579802
    ]
   },
   "properties": {
    "kind": "medical",
    "name": "Soto Limitada",
    "address": null,
    "phone": "+57 2 6821000",
    "capacity": null,
    "source": "osm",
    "source_ref": "node/1230825362",
    "source_url": "https://www.openstreetmap.org/node/1230825362"
   }
  },
  {
   "type": "Feature",
   "geometry": {
    "type": "Point",
    "coordinates": [
     -76.5576754,
     3.4499584
    ]
   },
   "properties": {
    "kind": "medical",
    "name": "CENTRO DE SALUD TERRÓN COLORADO",
    "address": null,
    "phone": "+57 2 6080124",
    "capacity": null,
    "source": "osm",
    "source_ref": "node/1230825375",
    "source_url": "https://www.openstreetmap.org/node/1230825375"
   }
  },
  {
   "type": "Feature",
   "geometry": {
    "type": "Point",
    "coordinates": [
     -76.5857238,
     3.4604973
    ]
   },
   "properties": {
    "kind": "medical",
    "name": "Puesto de Salud Vista Hermosa",
    "address": null,
    "phone": "+57 2 6080124",
    "capacity": null,
    "source": "osm",
    "source_ref": "node/1230825423",
    "source_url": "https://www.openstreetmap.org/node/1230825423"
   }
  },
  {
   "type": "Feature",
   "geometry": {
    "type": "Point",
    "coordinates": [
     -76.5205027,
     3.4855171
    ]
   },
   "properties": {
    "kind": "medical",
    "name": "Sociedad Cardiovascular de Imbanaco",
    "address": null,
    "phone": "6640664",
    "capacity": null,
    "source": "osm",
    "source_ref": "node/1230825438",
    "source_url": "https://www.openstreetmap.org/node/1230825438"
   }
  },
  {
   "type": "Feature",
   "geometry": {
    "type": "Point",
    "coordinates": [
     -76.5406373,
     3.4232298
    ]
   },
   "properties": {
    "kind": "medical",
    "name": "CENTRO DE REHABILITACIÓN ESPECIALIZADA CERES IPS LTDA",
    "address": null,
    "phone": "+57 2 5575257",
    "capacity": null,
    "source": "osm",
    "source_ref": "node/1230825463",
    "source_url": "https://www.openstreetmap.org/node/1230825463"
   }
  },
  {
   "type": "Feature",
   "geometry": {
    "type": "Point",
    "coordinates": [
     -76.5303831,
     3.483508
    ]
   },
   "properties": {
    "kind": "medical",
    "name": "PUESTO DE SALUD LA CAMPIÑA",
    "address": null,
    "phone": "+57 2 4184646",
    "capacity": null,
    "source": "osm",
    "source_ref": "node/1230825475",
    "source_url": "https://www.openstreetmap.org/node/1230825475"
   }
  },
  {
   "type": "Feature",
   "geometry": {
    "type": "Point",
    "coordinates": [
     -76.5316162,
     3.4649467
    ]
   },
   "properties": {
    "kind": "medical",
    "name": "Fisioter Ltda",
    "address": null,
    "phone": "+57 2 6681398",
    "capacity": null,
    "source": "osm",
    "source_ref": "node/1230825595",
    "source_url": "https://www.openstreetmap.org/node/1230825595"
   }
  },
  {
   "type": "Feature",
   "geometry": {
    "type": "Point",
    "coordinates": [
     -76.5281085,
     3.4653404
    ]
   },
   "properties": {
    "kind": "medical",
    "name": "Forma Vital de Colombia S.a.",
    "address": null,
    "phone": "+57 2 6536880",
    "capacity": null,
    "source": "osm",
    "source_ref": "node/1230825607",
    "source_url": "https://www.openstreetmap.org/node/1230825607"
   }
  },
  {
   "type": "Feature",
   "geometry": {
    "type": "Point",
    "coordinates": [
     -76.521127,
     3.4724467
    ]
   },
   "properties": {
    "kind": "medical",
    "name": "OPTIKUS",
    "address": null,
    "phone": "+57 2 6616964",
    "capacity": null,
    "source": "osm",
    "source_ref": "node/1230825615",
    "source_url": "https://www.openstreetmap.org/node/1230825615"
   }
  },
  {
   "type": "Feature",
   "geometry": {
    "type": "Point",
    "coordinates": [
     -76.5328264,
     3.4482809
    ]
   },
   "properties": {
    "kind": "medical",
    "name": "Comfenalco Valle",
    "address": null,
    "phone": "+57 2 8862727",
    "capacity": null,
    "source": "osm",
    "source_ref": "node/1230825645",
    "source_url": "https://www.openstreetmap.org/node/1230825645"
   }
  },
  {
   "type": "Feature",
   "geometry": {
    "type": "Point",
    "coordinates": [
     -76.5007362,
     3.4133027
    ]
   },
   "properties": {
    "kind": "medical",
    "name": "Puesto de Salud El Vergel",
    "address": null,
    "phone": "+57 2 4374024",
    "capacity": null,
    "source": "osm",
    "source_ref": "node/1230825658",
    "source_url": "https://www.openstreetmap.org/node/1230825658"
   }
  },
  {
   "type": "Feature",
   "geometry": {
    "type": "Point",
    "coordinates": [
     -76.5247992,
     3.4705382
    ]
   },
   "properties": {
    "kind": "medical",
    "name": "Ortho Clinic",
    "address": null,
    "phone": "+57 2 6827059",
    "capacity": null,
    "source": "osm",
    "source_ref": "node/1230825675",
    "source_url": "https://www.openstreetmap.org/node/1230825675"
   }
  },
  {
   "type": "Feature",
   "geometry": {
    "type": "Point",
    "coordinates": [
     -76.5280879,
     3.4825661
    ]
   },
   "properties": {
    "kind": "medical",
    "name": "Global Therapy",
    "address": null,
    "phone": "+57 2 3701977",
    "capacity": null,
    "source": "osm",
    "source_ref": "node/1230825720",
    "source_url": "https://www.openstreetmap.org/node/1230825720"
   }
  },
  {
   "type": "Feature",
   "geometry": {
    "type": "Point",
    "coordinates": [
     -76.5303137,
     3.4649631
    ]
   },
   "properties": {
    "kind": "medical",
    "name": "Sonrisalud E.u.",
    "address": null,
    "phone": "+57 2 6609391",
    "capacity": null,
    "source": "osm",
    "source_ref": "node/1230825753",
    "source_url": "https://www.openstreetmap.org/node/1230825753"
   }
  },
  {
   "type": "Feature",
   "geometry": {
    "type": "Point",
    "coordinates": [
     -76.5287411,
     3.4669129
    ]
   },
   "properties": {
    "kind": "medical",
    "name": "FUNDACIÓN SALUD HOMBRE",
    "address": "Cali",
    "phone": "+57 2 6843929",
    "capacity": null,
    "source": "osm",
    "source_ref": "node/1230825809",
    "source_url": "https://www.openstreetmap.org/node/1230825809"
   }
  },
  {
   "type": "Feature",
   "geometry": {
    "type": "Point",
    "coordinates": [
     -76.5244259,
     3.4604519
    ]
   },
   "properties": {
    "kind": "medical",
    "name": "GRUPO CARDIOLÓGICO DE LOS REMEDIOS SEDE SANTILLANA",
    "address": null,
    "phone": "+57 2 6671242",
    "capacity": null,
    "source": "osm",
    "source_ref": "node/1230825835",
    "source_url": "https://www.openstreetmap.org/node/1230825835"
   }
  },
  {
   "type": "Feature",
   "geometry": {
    "type": "Point",
    "coordinates": [
     -76.5053782,
     3.4094509
    ]
   },
   "properties": {
    "kind": "medical",
    "name": "RED DE SALUD DEL SURORIENTE ESE - PUESTO DE SALUD UNIÓN DE VIVIENDA POPULAR",
    "address": null,
    "phone": "+57 2 3280047",
    "capacity": null,
    "source": "osm",
    "source_ref": "node/1230825865",
    "source_url": "https://www.openstreetmap.org/node/1230825865"
   }
  },
  {
   "type": "Feature",
   "geometry": {
    "type": "Point",
    "coordinates": [
     -76.4990141,
     3.4804532
    ]
   },
   "properties": {
    "kind": "medical",
    "name": "Carmenza Flórez Estética Integral E.U.",
    "address": null,
    "phone": "+57 2 4290358",
    "capacity": null,
    "source": "osm",
    "source_ref": "node/1230825894",
    "source_url": "https://www.openstreetmap.org/node/1230825894"
   }
  },
  {
   "type": "Feature",
   "geometry": {
    "type": "Point",
    "coordinates": [
     -76.5451096,
     3.4200521
    ]
   },
   "properties": {
    "kind": "medical",
    "name": "Salud Coomeva Medicina Prepagada S.a. Upp Tequendama",
    "address": null,
    "phone": "+57 2 5534240",
    "capacity": null,
    "source": "osm",
    "source_ref": "node/1230825896",
    "source_url": "https://www.openstreetmap.org/node/1230825896"
   }
  },
  {
   "type": "Feature",
   "geometry": {
    "type": "Point",
    "coordinates": [
     -76.5449272,
     3.4199775
    ]
   },
   "properties": {
    "kind": "medical",
    "name": "CENTRO MEDICO IMBANACO CMI SEDE No.7",
    "address": null,
    "phone": "+57 2 6821000",
    "capacity": null,
    "source": "osm",
    "source_ref": "node/1230825929",
    "source_url": "https://www.openstreetmap.org/node/1230825929"
   }
  },
  {
   "type": "Feature",
   "geometry": {
    "type": "Point",
    "coordinates": [
     -76.5462552,
     3.4234222
    ]
   },
   "properties": {
    "kind": "medical",
    "name": "Salud Familiar S.a. I. P.s.",
    "address": null,
    "phone": "+57 2 5517962",
    "capacity": null,
    "source": "osm",
    "source_ref": "node/1230825950",
    "source_url": "https://www.openstreetmap.org/node/1230825950"
   }
  },
  {
   "type": "Feature",
   "geometry": {
    "type": "Point",
    "coordinates": [
     -76.513226,
     3.4215013
    ]
   },
   "properties": {
    "kind": "medical",
    "name": "Puesto de Salud 7 de Agosto",
    "address": null,
    "phone": "+57 2 4184646",
    "capacity": null,
    "source": "osm",
    "source_ref": "node/1230826039",
    "source_url": "https://www.openstreetmap.org/node/1230826039"
   }
  },
  {
   "type": "Feature",
   "geometry": {
    "type": "Point",
    "coordinates": [
     -76.5441003,
     3.3980331
    ]
   },
   "properties": {
    "kind": "medical",
    "name": "CUERPO & COLOR CLÍNICA - SPA LTDA",
    "address": null,
    "phone": "+57 2 3960531",
    "capacity": null,
    "source": "osm",
    "source_ref": "node/1230826096",
    "source_url": "https://www.openstreetmap.org/node/1230826096"
   }
  },
  {
   "type": "Feature",
   "geometry": {
    "type": "Point",
    "coordinates": [
     -76.5468154,
     3.4383428
    ]
   },
   "properties": {
    "kind": "medical",
    "name": "ORGANIZACIÓN VACUNEMOS COLOMBIA S.A",
    "address": null,
    "phone": "+57 2 5576459",
    "capacity": null,
    "source": "osm",
    "source_ref": "node/1230826150",
    "source_url": "https://www.openstreetmap.org/node/1230826150"
   }
  },
  {
   "type": "Feature",
   "geometry": {
    "type": "Point",
    "coordinates": [
     -76.5233237,
     3.4632201
    ]
   },
   "properties": {
    "kind": "medical",
    "name": "COOPERATIVA DE TRABAJO ASOCIADO PARA LA INVESTIGACIÓN Y PROMOCIÓN DE LA SALUD - COMEDICA IPS SEDE NORTE",
    "address": null,
    "phone": "+57 2 6675764",
    "capacity": null,
    "source": "osm",
    "source_ref": "node/1230826171",
    "source_url": "https://www.openstreetmap.org/node/1230826171"
   }
  },
  {
   "type": "Feature",
   "geometry": {
    "type": "Point",
    "coordinates": [
     -76.4970493,
     3.436103
    ]
   },
   "properties": {
    "kind": "medical",
    "name": "FUNDACIÓN OBRA SOCIAL SAN FRANCISCO DE PAULA DE LAS HERMANITAS DE LOS POBRES DE SAN PEDRO CLAVER",
    "address": null,
    "phone": "+57 2 4443886",
    "capacity": null,
    "source": "osm",
    "source_ref": "node/1230826173",
    "source_url": "https://www.openstreetmap.org/node/1230826173"
   }
  },
  {
   "type": "Feature",
   "geometry": {
    "type": "Point",
    "coordinates": [
     -76.4837101,
     3.4648943
    ]
   },
   "properties": {
    "kind": "medical",
    "name": "CLÍNICA NUEVA SONRISA ALFONSO LÓPEZ E.U.",
    "address": null,
    "phone": "+57 2 6621452",
    "capacity": null,
    "source": "osm",
    "source_ref": "node/1230826180",
    "source_url": "https://www.openstreetmap.org/node/1230826180"
   }
  },
  {
   "type": "Feature",
   "geometry": {
    "type": "Point",
    "coordinates": [
     -76.4827291,
     3.4793099
    ]
   },
   "properties": {
    "kind": "medical",
    "name": "Puesto de Salud Petecuy Ii",
    "address": null,
    "phone": "+57 2 4184646",
    "capacity": null,
    "source": "osm",
    "source_ref": "node/1230826183",
    "source_url": "https://www.openstreetmap.org/node/1230826183"
   }
  },
  {
   "type": "Feature",
   "geometry": {
    "type": "Point",
    "coordinates": [
     -76.5025959,
     3.4062775
    ]
   },
   "properties": {
    "kind": "medical",
    "name": "Centro de Salud El Vallado",
    "address": null,
    "phone": "+57 2 4374024",
    "capacity": null,
    "source": "osm",
    "source_ref": "node/1230826221",
    "source_url": "https://www.openstreetmap.org/node/1230826221"
   }
  },
  {
   "type": "Feature",
   "geometry": {
    "type": "Point",
    "coordinates": [
     -76.5235756,
     3.4358675
    ]
   },
   "properties": {
    "kind": "medical",
    "name": "ROSEMBERT CENTER-CENTRO DE ESTÉTICA FACIAL Y CORPORAL",
    "address": null,
    "phone": "+57 2 8818454",
    "capacity": null,
    "source": "osm",
    "source_ref": "node/1230826233",
    "source_url": "https://www.openstreetmap.org/node/1230826233"
   }
  },
  {
   "type": "Feature",
   "geometry": {
    "type": "Point",
    "coordinates": [
     -76.5176171,
     3.4658528
    ]
   },
   "properties": {
    "kind": "medical",
    "name": "Laboratorio Bioimagen Ltda C.m.f. Versalles",
    "address": null,
    "phone": "+57 2 6681657",
    "capacity": null,
    "source": "osm",
    "source_ref": "node/1230826238",
    "source_url": "https://www.openstreetmap.org/node/1230826238"
   }
  },
  {
   "type": "Feature",
   "geometry": {
    "type": "Point",
    "coordinates": [
     -76.502899,
     3.4189596
    ]
   },
   "properties": {
    "kind": "medical",
    "name": "PROVIVIR LABORATORIO CLÍNICO No.3",
    "address": null,
    "phone": "+57 2 4374049",
    "capacity": null,
    "source": "osm",
    "source_ref": "node/1230826248",
    "source_url": "https://www.openstreetmap.org/node/1230826248"
   }
  },
  {
   "type": "Feature",
   "geometry": {
    "type": "Point",
    "coordinates": [
     -76.5082381,
     3.410291
    ]
   },
   "properties": {
    "kind": "medical",
    "name": "\"CORPORACIÓN SERVICIO DE REHABILITACIÓN ANTONIETA FAGE \"\"SALUD EDUCACIÓN\"\"\"",
    "address": null,
    "phone": "+57 2 3274522",
    "capacity": null,
    "source": "osm",
    "source_ref": "node/1230826249",
    "source_url": "https://www.openstreetmap.org/node/1230826249"
   }
  },
  {
   "type": "Feature",
   "geometry": {
    "type": "Point",
    "coordinates": [
     -76.543916,
     3.4191156
    ]
   },
   "properties": {
    "kind": "medical",
    "name": "CLÍNICA BASILIA S.A.",
    "address": null,
    "phone": "+57 2 5242202",
    "capacity": null,
    "source": "osm",
    "source_ref": "node/1230826306",
    "source_url": "https://www.openstreetmap.org/node/1230826306"
   }
  },
  {
   "type": "Feature",
   "geometry": {
    "type": "Point",
    "coordinates": [
     -76.5250734,
     3.4872204
    ]
   },
   "properties": {
    "kind": "medical",
    "name": "Ser Ocupacional",
    "address": null,
    "phone": "+57 2 6844350",
    "capacity": null,
    "source": "osm",
    "source_ref": "node/1230826346",
    "source_url": "https://www.openstreetmap.org/node/1230826346"
   }
  },
  {
   "type": "Feature",
   "geometry": {
    "type": "Point",
    "coordinates": [
     -76.5270538,
     3.4291943
    ]
   },
   "properties": {
    "kind": "medical",
    "name": "ODONTOMEDIC",
    "address": null,
    "phone": "+57 2 3266254",
    "capacity": null,
    "source": "osm",
    "source_ref": "node/1230826374",
    "source_url": "https://www.openstreetmap.org/node/1230826374"
   }
  },
  {
   "type": "Feature",
   "geometry": {
    "type": "Point",
    "coordinates": [
     -76.5353463,
     3.4479492
    ]
   },
   "properties": {
    "kind": "medical",
    "name": "\"COOPERATIVA DE PROFESIONALES EN SALUD C.T.A . \"\"COOPENSALUD\"\"\"",
    "address": null,
    "phone": "8801648",
    "capacity": null,
    "source": "osm",
    "source_ref": "node/1230826375",
    "source_url": "https://www.openstreetmap.org/node/1230826375"
   }
  },
  {
   "type": "Feature",
   "geometry": {
    "type": "Point",
    "coordinates": [
     -76.5422136,
     3.4174722
    ]
   },
   "properties": {
    "kind": "medical",
    "name": "\"OPTOMETRAS PARA EL CUIDADO DE LA SALUD VISUAL COOPERATIVA INTEGRAL \"\"COOPVISUAL\"\"\"",
    "address": null,
    "phone": "+57 2 5528599",
    "capacity": null,
    "source": "osm",
    "source_ref": "node/1230826380",
    "source_url": "https://www.openstreetmap.org/node/1230826380"
   }
  },
  {
   "type": "Feature",
   "geometry": {
    "type": "Point",
    "coordinates": [
     -76.5253101,
     3.4661649
    ]
   },
   "properties": {
    "kind": "medical",
    "name": "Servidoc S.a.",
    "address": null,
    "phone": "+57 2 6682297",
    "capacity": null,
    "source": "osm",
    "source_ref": "node/1230826385",
    "source_url": "https://www.openstreetmap.org/node/1230826385"
   }
  },
  {
   "type": "Feature",
   "geometry": {
    "type": "Point",
    "coordinates": [
     -76.484108,
     3.4220137
    ]
   },
   "properties": {
    "kind": "medical",
    "name": "HOSPITALITO INFANTIL NIÑO DIOS",
    "address": null,
    "phone": "+57 2 4229721",
    "capacity": null,
    "source": "osm",
    "source_ref": "node/1230826395",
    "source_url": "https://www.openstreetmap.org/node/1230826395"
   }
  },
  {
   "type": "Feature",
   "geometry": {
    "type": "Point",
    "coordinates": [
     -76.5332624,
     3.3638957
    ]
   },
   "properties": {
    "kind": "medical",
    "name": "CLINICENTRO CIUDAD JARDÍN",
    "address": null,
    "phone": "+57 2 6252111",
    "capacity": null,
    "source": "osm",
    "source_ref": "node/1230826422",
    "source_url": "https://www.openstreetmap.org/node/1230826422"
   }
  },
  {
   "type": "Feature",
   "geometry": {
    "type": "Point",
    "coordinates": [
     -76.5037309,
     3.4631942
    ]
   },
   "properties": {
    "kind": "medical",
    "name": "Puesto de Salud Sena",
    "address": null,
    "phone": "+57 2 4184646",
    "capacity": null,
    "source": "osm",
    "source_ref": "node/1230826455",
    "source_url": "https://www.openstreetmap.org/node/1230826455"
   }
  },
  {
   "type": "Feature",
   "geometry": {
    "type": "Point",
    "coordinates": [
     -76.5385619,
     3.4359644
    ]
   },
   "properties": {
    "kind": "medical",
    "name": "CLÍNICAS GERIÁTRICAS",
    "address": null,
    "phone": "+57 2 6823888",
    "capacity": null,
    "source": "osm",
    "source_ref": "node/1230826466",
    "source_url": "https://www.openstreetmap.org/node/1230826466"
   }
  },
  {
   "type": "Feature",
   "geometry": {
    "type": "Point",
    "coordinates": [
     -76.5397184,
     3.4004046
    ]
   },
   "properties": {
    "kind": "medical",
    "name": "City Dent Limitada",
    "address": null,
    "phone": "+57 2 3392336",
    "capacity": null,
    "source": "osm",
    "source_ref": "node/1230826487",
    "source_url": "https://www.openstreetmap.org/node/1230826487"
   }
  },
  {
   "type": "Feature",
   "geometry": {
    "type": "Point",
    "coordinates": [
     -76.5391303,
     3.309678
    ]
   },
   "properties": {
    "kind": "medical",
    "name": "FUNDACIÓN DAR AMOR - FUNDAMOR",
    "address": null,
    "phone": null,
    "capacity": null,
    "source": "osm",
    "source_ref": "node/1230826499",
    "source_url": "https://www.openstreetmap.org/node/1230826499"
   }
  },
  {
   "type": "Feature",
   "geometry": {
    "type": "Point",
    "coordinates": [
     -76.5428048,
     3.4361126
    ]
   },
   "properties": {
    "kind": "medical",
    "name": "CENTRO DE MEDICINA BIOLÓGICA DR. O`BYRNE Y CIA S. EN C.",
    "address": null,
    "phone": "+57 2 5541287",
    "capacity": null,
    "source": "osm",
    "source_ref": "node/1230826509",
    "source_url": "https://www.openstreetmap.org/node/1230826509"
   }
  },
  {
   "type": "Feature",
   "geometry": {
    "type": "Point",
    "coordinates": [
     -76.532764,
     3.4522563
    ]
   },
   "properties": {
    "kind": "medical",
    "name": "Dentilaser Cali Limitada Sede Centro",
    "address": null,
    "phone": "+57 2 4851330",
    "capacity": null,
    "source": "osm",
    "source_ref": "node/1230826521",
    "source_url": "https://www.openstreetmap.org/node/1230826521"
   }
  },
  {
   "type": "Feature",
   "geometry": {
    "type": "Point",
    "coordinates": [
     -76.5241163,
     3.4678255
    ]
   },
   "properties": {
    "kind": "medical",
    "name": "SINDICATO NACIONAL DE TRABAJADORES DE CARTÓN DE COLOMBIA - SINTRACARCOL",
    "address": null,
    "phone": "+57 2 6612902",
    "capacity": null,
    "source": "osm",
    "source_ref": "node/1230826525",
    "source_url": "https://www.openstreetmap.org/node/1230826525"
   }
  },
  {
   "type": "Feature",
   "geometry": {
    "type": "Point",
    "coordinates": [
     -76.5429168,
     3.4304724
    ]
   },
   "properties": {
    "kind": "medical",
    "name": "MEJÍA JIMÉNEZ & CIA",
    "address": null,
    "phone": "+57 2 5536219",
    "capacity": null,
    "source": "osm",
    "source_ref": "node/1230826533",
    "source_url": "https://www.openstreetmap.org/node/1230826533"
   }
  },
  {
   "type": "Feature",
   "geometry": {
    "type": "Point",
    "coordinates": [
     -76.5210417,
     3.4491054
    ]
   },
   "properties": {
    "kind": "medical",
    "name": "Provida # 2",
    "address": null,
    "phone": "+57 2 6809558",
    "capacity": null,
    "source": "osm",
    "source_ref": "node/1230826587",
    "source_url": "https://www.openstreetmap.org/node/1230826587"
   }
  },
  {
   "type": "Feature",
   "geometry": {
    "type": "Point",
    "coordinates": [
     -76.5039804,
     3.4357258
    ]
   },
   "properties": {
    "kind": "medical",
    "name": "Centro de Salud El Rodeo",
    "address": null,
    "phone": "+57 2 4416925",
    "capacity": null,
    "source": "osm",
    "source_ref": "node/1230826679",
    "source_url": "https://www.openstreetmap.org/node/1230826679"
   }
  },
  {
   "type": "Feature",
   "geometry": {
    "type": "Point",
    "coordinates": [
     -76.5144942,
     3.4100119
    ]
   },
   "properties": {
    "kind": "medical",
    "name": "LABORATORIO CLÍNICO SAN MARTIN SEDE E",
    "address": null,
    "phone": "+57 2 4435115",
    "capacity": null,
    "source": "osm",
    "source_ref": "node/1230826724",
    "source_url": "https://www.openstreetmap.org/node/1230826724"
   }
  },
  {
   "type": "Feature",
   "geometry": {
    "type": "Point",
    "coordinates": [
     -76.5314964,
     3.4519304
    ]
   },
   "properties": {
    "kind": "medical",
    "name": "ÓPTICA VALLE",
    "address": null,
    "phone": "+57 2 8804620",
    "capacity": null,
    "source": "osm",
    "source_ref": "node/1230826800",
    "source_url": "https://www.openstreetmap.org/node/1230826800"
   }
  },
  {
   "type": "Feature",
   "geometry": {
    "type": "Point",
    "coordinates": [
     -76.5412248,
     3.4230461
    ]
   },
   "properties": {
    "kind": "medical",
    "name": "CRC 124 ROOSEVELT",
    "address": null,
    "phone": "+57 2 5543100",
    "capacity": null,
    "source": "osm",
    "source_ref": "node/1230826802",
    "source_url": "https://www.openstreetmap.org/node/1230826802"
   }
  },
  {
   "type": "Feature",
   "geometry": {
    "type": "Point",
    "coordinates": [
     -76.5357952,
     3.4540816
    ]
   },
   "properties": {
    "kind": "medical",
    "name": "CORPORACIÓN IPS SALUDCOOP OCCIDENTE CLÍNICA SALUDCOOP CALI",
    "address": null,
    "phone": "+57 2 6608070",
    "capacity": null,
    "source": "osm",
    "source_ref": "node/1230826815",
    "source_url": "https://www.openstreetmap.org/node/1230826815"
   }
  },
  {
   "type": "Feature",
   "geometry": {
    "type": "Point",
    "coordinates": [
     -76.522526,
     3.4627502
    ]
   },
   "properties": {
    "kind": "medical",
    "name": "Perinatologos Ltda",
    "address": null,
    "phone": "+57 2 6615879",
    "capacity": null,
    "source": "osm",
    "source_ref": "node/1230826823",
    "source_url": "https://www.openstreetmap.org/node/1230826823"
   }
  },
  {
   "type": "Feature",
   "geometry": {
    "type": "Point",
    "coordinates": [
     -76.4905597,
     3.4353797
    ]
   },
   "properties": {
    "kind": "medical",
    "name": "PUESTO DE SALUD RICARDO BALCÁZAR",
    "address": null,
    "phone": "+57 2 4374024",
    "capacity": null,
    "source": "osm",
    "source_ref": "node/1230826852",
    "source_url": "https://www.openstreetmap.org/node/1230826852"
   }
  },
  {
   "type": "Feature",
   "geometry": {
    "type": "Point",
    "coordinates": [
     -76.4865481,
     3.4427908
    ]
   },
   "properties": {
    "kind": "medical",
    "name": "Previmedic S.a. Agencia Cali",
    "address": null,
    "phone": "+57 2 3106878",
    "capacity": null,
    "source": "osm",
    "source_ref": "node/1230826868",
    "source_url": "https://www.openstreetmap.org/node/1230826868"
   }
  },
  {
   "type": "Feature",
   "geometry": {
    "type": "Point",
    "coordinates": [
     -76.5342439,
     3.4094653
    ]
   },
   "properties": {
    "kind": "medical",
    "name": "Laboratorio Bioimagen Ltda Paso Ancho",
    "address": null,
    "phone": "+57 2 6810428",
    "capacity": null,
    "source": "osm",
    "source_ref": "node/1230826970",
    "source_url": "https://www.openstreetmap.org/node/1230826970"
   }
  },
  {
   "type": "Feature",
   "geometry": {
    "type": "Point",
    "coordinates": [
     -76.515584,
     3.4821516
    ]
   },
   "properties": {
    "kind": "medical",
    "name": "FISIOTERAPIA - CENTRO ESPECIALIZADO E.U.",
    "address": null,
    "phone": "+57 2 6648205",
    "capacity": null,
    "source": "osm",
    "source_ref": "node/1230826991",
    "source_url": "https://www.openstreetmap.org/node/1230826991"
   }
  },
  {
   "type": "Feature",
   "geometry": {
    "type": "Point",
    "coordinates": [
     -76.5342272,
     3.4095169
    ]
   },
   "properties": {
    "kind": "medical",
    "name": "Centro Medico Familiar Pasoancho Cruz Blanca Eps S.a.",
    "address": null,
    "phone": "+57 2 6087000 Ext: 2303",
    "capacity": null,
    "source": "osm",
    "source_ref": "node/1230827046",
    "source_url": "https://www.openstreetmap.org/node/1230827046"
   }
  },
  {
   "type": "Feature",
   "geometry": {
    "type": "Point",
    "coordinates": [
     -76.4982047,
     3.4363698
    ]
   },
   "properties": {
    "kind": "medical",
    "name": "Centro de Salud Santiago Rengifo",
    "address": null,
    "phone": "+57 2 4416925",
    "capacity": null,
    "source": "osm",
    "source_ref": "node/1230827106",
    "source_url": "https://www.openstreetmap.org/node/1230827106"
   }
  },
  {
   "type": "Feature",
   "geometry": {
    "type": "Point",
    "coordinates": [
     -76.5145937,
     3.40229
    ]
   },
   "properties": {
    "kind": "medical",
    "name": "RED DE SALUD DEL SURORIENTE ESE - PUESTO DE SALUD MARIANO RAMOS",
    "address": null,
    "phone": "+57 2 3280047",
    "capacity": null,
    "source": "osm",
    "source_ref": "node/1230827143",
    "source_url": "https://www.openstreetmap.org/node/1230827143"
   }
  },
  {
   "type": "Feature",
   "geometry": {
    "type": "Point",
    "coordinates": [
     -76.4765147,
     3.4253819
    ]
   },
   "properties": {
    "kind": "medical",
    "name": "LENTES Y MONTURAS SANTA MARÍA SALUD VISUAL IPS KM 30",
    "address": null,
    "phone": "+57 2 4036123",
    "capacity": null,
    "source": "osm",
    "source_ref": "node/1230827166",
    "source_url": "https://www.openstreetmap.org/node/1230827166"
   }
  },
  {
   "type": "Feature",
   "geometry": {
    "type": "Point",
    "coordinates": [
     -76.5240751,
     3.4627721
    ]
   },
   "properties": {
    "kind": "medical",
    "name": "CENTRO ODONTÓLOGOS ESPECIALISTAS",
    "address": null,
    "phone": "+57 2 6530303",
    "capacity": null,
    "source": "osm",
    "source_ref": "node/1230827214",
    "source_url": "https://www.openstreetmap.org/node/1230827214"
   }
  },
  {
   "type": "Feature",
   "geometry": {
    "type": "Point",
    "coordinates": [
     -76.53589,
     3.4297876
    ]
   },
   "properties": {
    "kind": "medical",
    "name": "Cuidado Medico Integral E U",
    "address": null,
    "phone": "+57 2 5147095",
    "capacity": null,
    "source": "osm",
    "source_ref": "node/1230827298",
    "source_url": "https://www.openstreetmap.org/node/1230827298"
   }
  },
  {
   "type": "Feature",
   "geometry": {
    "type": "Point",
    "coordinates": [
     -76.4903096,
     3.4746807
    ]
   },
   "properties": {
    "kind": "medical",
    "name": "Centro de Salud La Rivera",
    "address": null,
    "phone": "+57 2 4184646",
    "capacity": null,
    "source": "osm",
    "source_ref": "node/1230827373",
    "source_url": "https://www.openstreetmap.org/node/1230827373"
   }
  },
  {
   "type": "Feature",
   "geometry": {
    "type": "Point",
    "coordinates": [
     -76.5171678,
     3.4925974
    ]
   },
   "properties": {
    "kind": "medical",
    "name": "CRC 351 CALI LA 70",
    "address": null,
    "phone": "+57 2 6540512",
    "capacity": null,
    "source": "osm",
    "source_ref": "node/1230827400",
    "source_url": "https://www.openstreetmap.org/node/1230827400"
   }
  },
  {
   "type": "Feature",
   "geometry": {
    "type": "Point",
    "coordinates": [
     -76.4934689,
     3.4063134
    ]
   },
   "properties": {
    "kind": "medical",
    "name": "FUNDACIÓN PARA EL SERVICIO INTEGRAL DE ATENCIÓN MEDICA - FUNDACIÓN SIAM - SEDE CALI",
    "address": null,
    "phone": "+57 2 2219283",
    "capacity": null,
    "source": "osm",
    "source_ref": "node/1230827550",
    "source_url": "https://www.openstreetmap.org/node/1230827550"
   }
  },
  {
   "type": "Feature",
   "geometry": {
    "type": "Point",
    "coordinates": [
     -76.5276464,
     3.457305
    ]
   },
   "properties": {
    "kind": "medical",
    "name": "FUNDACIÓN SERVICIOS INTEGRALES PARA LA MUJER SI MUJER",
    "address": null,
    "phone": "+57 2 6683000",
    "capacity": null,
    "source": "osm",
    "source_ref": "node/1230827561",
    "source_url": "https://www.openstreetmap.org/node/1230827561"
   }
  },
  {
   "type": "Feature",
   "geometry": {
    "type": "Point",
    "coordinates": [
     -76.5416499,
     3.4187107
    ]
   },
   "properties": {
    "kind": "medical",
    "name": "CLÍNICA LOS ANDES S.A.",
    "address": null,
    "phone": "+57 2 6812424",
    "capacity": null,
    "source": "osm",
    "source_ref": "node/1230827660",
    "source_url": "https://www.openstreetmap.org/node/1230827660"
   }
  },
  {
   "type": "Feature",
   "geometry": {
    "type": "Point",
    "coordinates": [
     -76.5399192,
     3.4175007
    ]
   },
   "properties": {
    "kind": "medical",
    "name": "Inversiones Isaza y Osorio Scs",
    "address": null,
    "phone": "+57 2 4000070",
    "capacity": null,
    "source": "osm",
    "source_ref": "node/1230827764",
    "source_url": "https://www.openstreetmap.org/node/1230827764"
   }
  },
  {
   "type": "Feature",
   "geometry": {
    "type": "Point",
    "coordinates": [
     -76.5232181,
     3.4628414
    ]
   },
   "properties": {
    "kind": "medical",
    "name": "Centro Medico Ocupacional Santa Clara Limitada",
    "address": null,
    "phone": "+57 2 6604489",
    "capacity": null,
    "source": "osm",
    "source_ref": "node/1230827795",
    "source_url": "https://www.openstreetmap.org/node/1230827795"
   }
  },
  {
   "type": "Feature",
   "geometry": {
    "type": "Point",
    "coordinates": [
     -76.5310162,
     3.4363445
    ]
   },
   "properties": {
    "kind": "medical",
    "name": "Centro de Salud Ramiro Guerrero",
    "address": null,
    "phone": "+57 2 4416925",
    "capacity": null,
    "source": "osm",
    "source_ref": "node/1230827827",
    "source_url": "https://www.openstreetmap.org/node/1230827827"
   }
  },
  {
   "type": "Feature",
   "geometry": {
    "type": "Point",
    "coordinates": [
     -76.5417523,
     3.4192894
    ]
   },
   "properties": {
    "kind": "medical",
    "name": "Human Fine Limitada",
    "address": null,
    "phone": "+57 2 5534763",
    "capacity": null,
    "source": "osm",
    "source_ref": "node/1230827859",
    "source_url": "https://www.openstreetmap.org/node/1230827859"
   }
  },
  {
   "type": "Feature",
   "geometry": {
    "type": "Point",
    "coordinates": [
     -76.53959,
     3.3979956
    ]
   },
   "properties": {
    "kind": "medical",
    "name": "BRACKET`S ODONTOLOGÍA INTEGRAL",
    "address": null,
    "phone": "+57 2 3395150",
    "capacity": null,
    "source": "osm",
    "source_ref": "node/1230827919",
    "source_url": "https://www.openstreetmap.org/node/1230827919"
   }
  },
  {
   "type": "Feature",
   "geometry": {
    "type": "Point",
    "coordinates": [
     -76.5256431,
     3.4772771
    ]
   },
   "properties": {
    "kind": "medical",
    "name": "CENTRO ODONTOLÓGICO DEL VALLE LTDA",
    "address": null,
    "phone": "+57 2 6603322",
    "capacity": null,
    "source": "osm",
    "source_ref": "node/1230827962",
    "source_url": "https://www.openstreetmap.org/node/1230827962"
   }
  },
  {
   "type": "Feature",
   "geometry": {
    "type": "Point",
    "coordinates": [
     -76.5426037,
     3.4172813
    ]
   },
   "properties": {
    "kind": "medical",
    "name": "A A Splendor Center",
    "address": null,
    "phone": "+57 2 5547994",
    "capacity": null,
    "source": "osm",
    "source_ref": "node/1230828049",
    "source_url": "https://www.openstreetmap.org/node/1230828049"
   }
  },
  {
   "type": "Feature",
   "geometry": {
    "type": "Point",
    "coordinates": [
     -76.5286968,
     3.4619255
    ]
   },
   "properties": {
    "kind": "medical",
    "name": "LAFAM VISIÓN CENTER No.2",
    "address": null,
    "phone": null,
    "capacity": null,
    "source": "osm",
    "source_ref": "node/1230828112",
    "source_url": "https://www.openstreetmap.org/node/1230828112"
   }
  },
  {
   "type": "Feature",
   "geometry": {
    "type": "Point",
    "coordinates": [
     -76.5376709,
     3.3756307
    ]
   },
   "properties": {
    "kind": "medical",
    "name": "COOMEVA PREPAGADA - SINERGIA SALUD",
    "address": null,
    "phone": null,
    "capacity": null,
    "source": "osm",
    "source_ref": "node/1230828159",
    "source_url": "https://www.openstreetmap.org/node/1230828159"
   }
  },
  {
   "type": "Feature",
   "geometry": {
    "type": "Point",
    "coordinates": [
     -76.5368415,
     3.4300771
    ]
   },
   "properties": {
    "kind": "medical",
    "name": "Riesgos de Fracturas .a.",
    "address": null,
    "phone": "+57 2 5568104",
    "capacity": null,
    "source": "osm",
    "source_ref": "node/1230828170",
    "source_url": "https://www.openstreetmap.org/node/1230828170"
   }
  },
  {
   "type": "Feature",
   "geometry": {
    "type": "Point",
    "coordinates": [
     -76.4817996,
     3.4610046
    ]
   },
   "properties": {
    "kind": "medical",
    "name": "LABORATORIO CLÍNICO SAN MARTIN SEDE G",
    "address": null,
    "phone": "+57 2 4435115",
    "capacity": null,
    "source": "osm",
    "source_ref": "node/1230828256",
    "source_url": "https://www.openstreetmap.org/node/1230828256"
   }
  },
  {
   "type": "Feature",
   "geometry": {
    "type": "Point",
    "coordinates": [
     -76.5406582,
     3.4243731
    ]
   },
   "properties": {
    "kind": "medical",
    "name": "Centro de Reconocimiento de Conductores Avalamos Ltda",
    "address": null,
    "phone": "+57 2 5543721",
    "capacity": null,
    "source": "osm",
    "source_ref": "node/1230828422",
    "source_url": "https://www.openstreetmap.org/node/1230828422"
   }
  },
  {
   "type": "Feature",
   "geometry": {
    "type": "Point",
    "coordinates": [
     -76.5183328,
     3.4785949
    ]
   },
   "properties": {
    "kind": "medical",
    "name": "CENTRO ELECTRO AUDICTIVO NACIONAL AL SERVICIO DE LA REHABILITACIÓN LTDA.",
    "address": null,
    "phone": "+57 2 6646618",
    "capacity": null,
    "source": "osm",
    "source_ref": "node/1230828524",
    "source_url": "https://www.openstreetmap.org/node/1230828524"
   }
  },
  {
   "type": "Feature",
   "geometry": {
    "type": "Point",
    "coordinates": [
     -76.5388449,
     3.4348405
    ]
   },
   "properties": {
    "kind": "medical",
    "name": "UNIDAD DE ATENCIÓN BÁSICA SAN FERNANDO",
    "address": null,
    "phone": "+57 2 3180400",
    "capacity": null,
    "source": "osm",
    "source_ref": "node/1230828816",
    "source_url": "https://www.openstreetmap.org/node/1230828816"
   }
  },
  {
   "type": "Feature",
   "geometry": {
    "type": "Point",
    "coordinates": [
     -76.5442174,
     3.3914098
    ]
   },
   "properties": {
    "kind": "medical",
    "name": "CENTRO DIABETOLOGICO DEL VALLE LTDA - CEDIVA LTDA",
    "address": null,
    "phone": "+57 2 3150197",
    "capacity": null,
    "source": "osm",
    "source_ref": "node/1230828828",
    "source_url": "https://www.openstreetmap.org/node/1230828828"
   }
  },
  {
   "type": "Feature",
   "geometry": {
    "type": "Point",
    "coordinates": [
     -76.5354381,
     3.4487653
    ]
   },
   "properties": {
    "kind": "medical",
    "name": "C R C 350 AV. 3 NTE",
    "address": null,
    "phone": "+57 2 8569430",
    "capacity": null,
    "source": "osm",
    "source_ref": "node/1230828846",
    "source_url": "https://www.openstreetmap.org/node/1230828846"
   }
  },
  {
   "type": "Feature",
   "geometry": {
    "type": "Point",
    "coordinates": [
     -76.5240844,
     3.4632157
    ]
   },
   "properties": {
    "kind": "medical",
    "name": "Laboratorio Medico Dr. Guillermo Montes",
    "address": null,
    "phone": "+57 2 6681357",
    "capacity": null,
    "source": "osm",
    "source_ref": "node/1230828853",
    "source_url": "https://www.openstreetmap.org/node/1230828853"
   }
  },
  {
   "type": "Feature",
   "geometry": {
    "type": "Point",
    "coordinates": [
     -76.5261906,
     3.4662629
    ]
   },
   "properties": {
    "kind": "medical",
    "name": "Droguería comfandi super ínter",
    "address": "Avenida 4 Norte",
    "phone": null,
    "capacity": null,
    "source": "osm",
    "source_ref": "node/1230828857",
    "source_url": "https://www.openstreetmap.org/node/1230828857"
   }
  },
  {
   "type": "Feature",
   "geometry": {
    "type": "Point",
    "coordinates": [
     -76.540341,
     3.4240121
    ]
   },
   "properties": {
    "kind": "medical",
    "name": "CORPORACIÓN DE LUCHA CONTRA EL SIDA",
    "address": null,
    "phone": "+57 2 5142061",
    "capacity": null,
    "source": "osm",
    "source_ref": "node/1230828869",
    "source_url": "https://www.openstreetmap.org/node/1230828869"
   }
  },
  {
   "type": "Feature",
   "geometry": {
    "type": "Point",
    "coordinates": [
     -76.4859831,
     3.4767294
    ]
   },
   "properties": {
    "kind": "medical",
    "name": "PROVIDA # 10",
    "address": null,
    "phone": "+57 6026809558",
    "capacity": null,
    "source": "osm",
    "source_ref": "node/1230828887",
    "source_url": "https://www.openstreetmap.org/node/1230828887"
   }
  },
  {
   "type": "Feature",
   "geometry": {
    "type": "Point",
    "coordinates": [
     -76.5298711,
     3.4682233
    ]
   },
   "properties": {
    "kind": "medical",
    "name": "SALUD COOMEVA MEDICINA PREPAGADA S.A. UNIDAD DE PROMOCIÓN Y PREVENCIÓN",
    "address": null,
    "phone": "+57 2 6510000",
    "capacity": null,
    "source": "osm",
    "source_ref": "node/1230828889",
    "source_url": "https://www.openstreetmap.org/node/1230828889"
   }
  },
  {
   "type": "Feature",
   "geometry": {
    "type": "Point",
    "coordinates": [
     -76.5305733,
     3.4531049
    ]
   },
   "properties": {
    "kind": "medical",
    "name": "ÓPTICAS GMO T 24",
    "address": null,
    "phone": "+57 2 5938860",
    "capacity": null,
    "source": "osm",
    "source_ref": "node/1230828918",
    "source_url": "https://www.openstreetmap.org/node/1230828918"
   }
  },
  {
   "type": "Feature",
   "geometry": {
    "type": "Point",
    "coordinates": [
     -76.5331089,
     3.4123618
    ]
   },
   "properties": {
    "kind": "medical",
    "name": "Centro de Salud Panamericano",
    "address": null,
    "phone": "+57 2 4416925",
    "capacity": null,
    "source": "osm",
    "source_ref": "node/1230828938",
    "source_url": "https://www.openstreetmap.org/node/1230828938"
   }
  },
  {
   "type": "Feature",
   "geometry": {
    "type": "Point",
    "coordinates": [
     -76.5167687,
     3.4291025
    ]
   },
   "properties": {
    "kind": "medical",
    "name": "Parada MIO - Calle 27 entre Carrera 28 y 29",
    "address": null,
    "phone": null,
    "capacity": null,
    "source": "osm",
    "source_ref": "node/1230828967",
    "source_url": "https://www.openstreetmap.org/node/1230828967"
   }
  },
  {
   "type": "Feature",
   "geometry": {
    "type": "Point",
    "coordinates": [
     -76.5409104,
     3.4131897
    ]
   },
   "properties": {
    "kind": "medical",
    "name": "MULTIOPTICAS # 5",
    "address": null,
    "phone": "+57 2 5137620",
    "capacity": null,
    "source": "osm",
    "source_ref": "node/1230828970",
    "source_url": "https://www.openstreetmap.org/node/1230828970"
   }
  },
  {
   "type": "Feature",
   "geometry": {
    "type": "Point",
    "coordinates": [
     -76.5343016,
     3.4480286
    ]
   },
   "properties": {
    "kind": "medical",
    "name": "CLÍNICA ODONTOLÓGICA COMFANDI SANTA ROSA",
    "address": null,
    "phone": "+57 2 8854862",
    "capacity": null,
    "source": "osm",
    "source_ref": "node/1230829005",
    "source_url": "https://www.openstreetmap.org/node/1230829005"
   }
  },
  {
   "type": "Feature",
   "geometry": {
    "type": "Point",
    "coordinates": [
     -76.5094972,
     3.4726332
    ]
   },
   "properties": {
    "kind": "medical",
    "name": "Puesto de Salud Popular",
    "address": null,
    "phone": "+57 2 4184646",
    "capacity": null,
    "source": "osm",
    "source_ref": "node/1230829006",
    "source_url": "https://www.openstreetmap.org/node/1230829006"
   }
  },
  {
   "type": "Feature",
   "geometry": {
    "type": "Point",
    "coordinates": [
     -76.5247942,
     3.4628897
    ]
   },
   "properties": {
    "kind": "medical",
    "name": "A.SÁNCHEZ RADIÓLOGOS & CIA",
    "address": null,
    "phone": "+57 2 6672846",
    "capacity": null,
    "source": "osm",
    "source_ref": "node/1230829013",
    "source_url": "https://www.openstreetmap.org/node/1230829013"
   }
  },
  {
   "type": "Feature",
   "geometry": {
    "type": "Point",
    "coordinates": [
     -76.5381137,
     3.42729
    ]
   },
   "properties": {
    "kind": "medical",
    "name": "CLÍNICAS MATIZZ",
    "address": null,
    "phone": "+57 2 5242727",
    "capacity": null,
    "source": "osm",
    "source_ref": "node/1230829016",
    "source_url": "https://www.openstreetmap.org/node/1230829016"
   }
  },
  {
   "type": "Feature",
   "geometry": {
    "type": "Point",
    "coordinates": [
     -76.4822107,
     3.4652723
    ]
   },
   "properties": {
    "kind": "medical",
    "name": "HOSPITAL JOAQUÍN PAZ BORRERO",
    "address": "Carrera 7A Bis 7a-00, Comuna 7",
    "phone": "6024184747",
    "capacity": null,
    "source": "osm",
    "source_ref": "node/1230829026",
    "source_url": "https://www.openstreetmap.org/node/1230829026"
   }
  },
  {
   "type": "Feature",
   "geometry": {
    "type": "Point",
    "coordinates": [
     -76.560443,
     3.4549044
    ]
   },
   "properties": {
    "kind": "medical",
    "name": "Puesto de Salud La Paz",
    "address": null,
    "phone": "+57 2 6080124",
    "capacity": null,
    "source": "osm",
    "source_ref": "node/1230829046",
    "source_url": "https://www.openstreetmap.org/node/1230829046"
   }
  },
  {
   "type": "Feature",
   "geometry": {
    "type": "Point",
    "coordinates": [
     -76.5363608,
     3.4510272
    ]
   },
   "properties": {
    "kind": "medical",
    "name": "ÁNGEL DIAGNOSTICA S.A. SEDE LA MERCED",
    "address": null,
    "phone": "+57 2 6080049",
    "capacity": null,
    "source": "osm",
    "source_ref": "node/1230829081",
    "source_url": "https://www.openstreetmap.org/node/1230829081"
   }
  },
  {
   "type": "Feature",
   "geometry": {
    "type": "Point",
    "coordinates": [
     -76.5171575,
     3.4094999
    ]
   },
   "properties": {
    "kind": "medical",
    "name": "PROVIDA # 7",
    "address": null,
    "phone": "+57 2 6809558",
    "capacity": null,
    "source": "osm",
    "source_ref": "node/1230829097",
    "source_url": "https://www.openstreetmap.org/node/1230829097"
   }
  },
  {
   "type": "Feature",
   "geometry": {
    "type": "Point",
    "coordinates": [
     -76.5406531,
     3.4161174
    ]
   },
   "properties": {
    "kind": "medical",
    "name": "Coordinadora Medica de Salud Ips",
    "address": null,
    "phone": "+57 2 3327987",
    "capacity": null,
    "source": "osm",
    "source_ref": "node/1230829104",
    "source_url": "https://www.openstreetmap.org/node/1230829104"
   }
  },
  {
   "type": "Feature",
   "geometry": {
    "type": "Point",
    "coordinates": [
     -76.5238701,
     3.46429
    ]
   },
   "properties": {
    "kind": "medical",
    "name": "Salud Ocupacional y Medicinas Alternativas",
    "address": null,
    "phone": "+57 2 6675006",
    "capacity": null,
    "source": "osm",
    "source_ref": "node/1230829111",
    "source_url": "https://www.openstreetmap.org/node/1230829111"
   }
  },
  {
   "type": "Feature",
   "geometry": {
    "type": "Point",
    "coordinates": [
     -76.5386809,
     3.3981303
    ]
   },
   "properties": {
    "kind": "medical",
    "name": "Ips Saludcoop Cali Sur",
    "address": null,
    "phone": "+57 2 5540000",
    "capacity": null,
    "source": "osm",
    "source_ref": "node/1230829112",
    "source_url": "https://www.openstreetmap.org/node/1230829112"
   }
  },
  {
   "type": "Feature",
   "geometry": {
    "type": "Point",
    "coordinates": [
     -76.5321096,
     3.4613508
    ]
   },
   "properties": {
    "kind": "medical",
    "name": "HUBERT RUIZ ÓPTICA LTDA",
    "address": null,
    "phone": "+57 2 6671145",
    "capacity": null,
    "source": "osm",
    "source_ref": "node/1230829128",
    "source_url": "https://www.openstreetmap.org/node/1230829128"
   }
  },
  {
   "type": "Feature",
   "geometry": {
    "type": "Point",
    "coordinates": [
     -76.5413244,
     3.3995192
    ]
   },
   "properties": {
    "kind": "medical",
    "name": "FISIOVIDA LTDA CENTRO DE REHABILITACIÓN FUNCIONAL Y ACONDICIONAMIENTO FÍSICO",
    "address": null,
    "phone": "+57 2 3317446",
    "capacity": null,
    "source": "osm",
    "source_ref": "node/1230829211",
    "source_url": "https://www.openstreetmap.org/node/1230829211"
   }
  },
  {
   "type": "Feature",
   "geometry": {
    "type": "Point",
    "coordinates": [
     -76.5292587,
     3.4623664
    ]
   },
   "properties": {
    "kind": "medical",
    "name": "VISIÓN 20/20 S.A. ÓPTICA LAFAM",
    "address": null,
    "phone": "+57 2 6670766",
    "capacity": null,
    "source": "osm",
    "source_ref": "node/1230829261",
    "source_url": "https://www.openstreetmap.org/node/1230829261"
   }
  },
  {
   "type": "Feature",
   "geometry": {
    "type": "Point",
    "coordinates": [
     -76.5436438,
     3.4001058
    ]
   },
   "properties": {
    "kind": "medical",
    "name": "Centro Fisioterapia Gran Limonar Ltda",
    "address": null,
    "phone": "+57 2 3304376",
    "capacity": null,
    "source": "osm",
    "source_ref": "node/1230829267",
    "source_url": "https://www.openstreetmap.org/node/1230829267"
   }
  },
  {
   "type": "Feature",
   "geometry": {
    "type": "Point",
    "coordinates": [
     -76.5254876,
     3.4786785
    ]
   },
   "properties": {
    "kind": "medical",
    "name": "CENTRO DE ESTÉTICA FACIAL Y CORPORAL WORLD TV # 1",
    "address": null,
    "phone": "+57 2 6831666",
    "capacity": null,
    "source": "osm",
    "source_ref": "node/1230829278",
    "source_url": "https://www.openstreetmap.org/node/1230829278"
   }
  },
  {
   "type": "Feature",
   "geometry": {
    "type": "Point",
    "coordinates": [
     -76.5229869,
     3.4695905
    ]
   },
   "properties": {
    "kind": "medical",
    "name": "Centro Medico Ocupacional Porvenir Ltda",
    "address": null,
    "phone": "+57 2 6806685",
    "capacity": null,
    "source": "osm",
    "source_ref": "node/1230829291",
    "source_url": "https://www.openstreetmap.org/node/1230829291"
   }
  },
  {
   "type": "Feature",
   "geometry": {
    "type": "Point",
    "coordinates": [
     -76.5408609,
     3.3987401
    ]
   },
   "properties": {
    "kind": "medical",
    "name": "Salud y Vitalidad S A",
    "address": null,
    "phone": "+57 2 3392674",
    "capacity": null,
    "source": "osm",
    "source_ref": "node/1230829311",
    "source_url": "https://www.openstreetmap.org/node/1230829311"
   }
  },
  {
   "type": "Feature",
   "geometry": {
    "type": "Point",
    "coordinates": [
     -76.5257568,
     3.4163568
    ]
   },
   "properties": {
    "kind": "medical",
    "name": "PUESTO DE SALUD EL DIVINO NIÑO",
    "address": null,
    "phone": "+57 2 4416925",
    "capacity": null,
    "source": "osm",
    "source_ref": "node/1230829334",
    "source_url": "https://www.openstreetmap.org/node/1230829334"
   }
  },
  {
   "type": "Feature",
   "geometry": {
    "type": "Point",
    "coordinates": [
     -76.5414909,
     3.4355126
    ]
   },
   "properties": {
    "kind": "medical",
    "name": "CORAZÓN Y AORTA",
    "address": null,
    "phone": "+57 2 5580430",
    "capacity": null,
    "source": "osm",
    "source_ref": "node/1230829374",
    "source_url": "https://www.openstreetmap.org/node/1230829374"
   }
  },
  {
   "type": "Feature",
   "geometry": {
    "type": "Point",
    "coordinates": [
     -76.5530266,
     3.4460122
    ]
   },
   "properties": {
    "kind": "medical",
    "name": "Puesto de Salud Bella Vista",
    "address": null,
    "phone": "+57 2 6080124",
    "capacity": null,
    "source": "osm",
    "source_ref": "node/1230829419",
    "source_url": "https://www.openstreetmap.org/node/1230829419"
   }
  },
  {
   "type": "Feature",
   "geometry": {
    "type": "Point",
    "coordinates": [
     -76.5343561,
     3.4134463
    ]
   },
   "properties": {
    "kind": "medical",
    "name": "Dental World Cali E.u.",
    "address": null,
    "phone": "+57 2 5132597",
    "capacity": null,
    "source": "osm",
    "source_ref": "node/1230829454",
    "source_url": "https://www.openstreetmap.org/node/1230829454"
   }
  },
  {
   "type": "Feature",
   "geometry": {
    "type": "Point",
    "coordinates": [
     -76.538311,
     3.3966003
    ]
   },
   "properties": {
    "kind": "medical",
    "name": "ORTHODONTPLUS",
    "address": null,
    "phone": "+57 2 3399043",
    "capacity": null,
    "source": "osm",
    "source_ref": "node/1230829486",
    "source_url": "https://www.openstreetmap.org/node/1230829486"
   }
  },
  {
   "type": "Feature",
   "geometry": {
    "type": "Point",
    "coordinates": [
     -76.5191047,
     3.4756538
    ]
   },
   "properties": {
    "kind": "medical",
    "name": "Ips Saludcoop Cali Norte",
    "address": null,
    "phone": "+57 2 5540000",
    "capacity": null,
    "source": "osm",
    "source_ref": "node/1230829517",
    "source_url": "https://www.openstreetmap.org/node/1230829517"
   }
  },
  {
   "type": "Feature",
   "geometry": {
    "type": "Point",
    "coordinates": [
     -76.5314945,
     3.4629592
    ]
   },
   "properties": {
    "kind": "medical",
    "name": "ÓPTICA PROFESIONAL ELECTRÓNICA ELECTROVISION LTDA",
    "address": null,
    "phone": "+57 2 6681540",
    "capacity": null,
    "source": "osm",
    "source_ref": "node/1230829540",
    "source_url": "https://www.openstreetmap.org/node/1230829540"
   }
  },
  {
   "type": "Feature",
   "geometry": {
    "type": "Point",
    "coordinates": [
     -76.4875526,
     3.4268607
    ]
   },
   "properties": {
    "kind": "medical",
    "name": "Puesto de Salud Los Lagos",
    "address": null,
    "phone": "+57 2 4374024",
    "capacity": null,
    "source": "osm",
    "source_ref": "node/1230829546",
    "source_url": "https://www.openstreetmap.org/node/1230829546"
   }
  },
  {
   "type": "Feature",
   "geometry": {
    "type": "Point",
    "coordinates": [
     -76.4990705,
     3.4474812
    ]
   },
   "properties": {
    "kind": "medical",
    "name": "CLÍNICA ORIENTE LTDA SEDE VILLACOLOMBIA",
    "address": null,
    "phone": "+57 2 4480315",
    "capacity": null,
    "source": "osm",
    "source_ref": "node/1230829559",
    "source_url": "https://www.openstreetmap.org/node/1230829559"
   }
  },
  {
   "type": "Feature",
   "geometry": {
    "type": "Point",
    "coordinates": [
     -76.5084555,
     3.423344
    ]
   },
   "properties": {
    "kind": "medical",
    "name": "Puesto de Salud La Primavera",
    "address": null,
    "phone": "+57 2 4416925",
    "capacity": null,
    "source": "osm",
    "source_ref": "node/1230829613",
    "source_url": "https://www.openstreetmap.org/node/1230829613"
   }
  },
  {
   "type": "Feature",
   "geometry": {
    "type": "Point",
    "coordinates": [
     -76.5247855,
     3.4768331
    ]
   },
   "properties": {
    "kind": "medical",
    "name": "IPS PUNTO DE SALUD ASISTENCIA MEDICA Y ODONTOLÓGICA LA FLORA",
    "address": null,
    "phone": "+57 2 5563050",
    "capacity": null,
    "source": "osm",
    "source_ref": "node/1230829633",
    "source_url": "https://www.openstreetmap.org/node/1230829633"
   }
  },
  {
   "type": "Feature",
   "geometry": {
    "type": "Point",
    "coordinates": [
     -76.5293794,
     3.4644527
    ]
   },
   "properties": {
    "kind": "medical",
    "name": "Ser Conductor Cali",
    "address": null,
    "phone": "+57 2 6682855",
    "capacity": null,
    "source": "osm",
    "source_ref": "node/1230829725",
    "source_url": "https://www.openstreetmap.org/node/1230829725"
   }
  },
  {
   "type": "Feature",
   "geometry": {
    "type": "Point",
    "coordinates": [
     -76.5170252,
     3.4358606
    ]
   },
   "properties": {
    "kind": "medical",
    "name": "CLÍNICA DE OFTALMOLOGÍA DE CALI S.A. SEDE EL PRADO",
    "address": null,
    "phone": "+57 2 5520890",
    "capacity": null,
    "source": "osm",
    "source_ref": "node/1230829812",
    "source_url": "https://www.openstreetmap.org/node/1230829812"
   }
  },
  {
   "type": "Feature",
   "geometry": {
    "type": "Point",
    "coordinates": [
     -76.5597329,
     3.384121
    ]
   },
   "properties": {
    "kind": "medical",
    "name": "PUESTO DE SALUD ALTO NÁPOLES",
    "address": null,
    "phone": "+57 2 6080124",
    "capacity": null,
    "source": "osm",
    "source_ref": "node/1230829822",
    "source_url": "https://www.openstreetmap.org/node/1230829822"
   }
  },
  {
   "type": "Feature",
   "geometry": {
    "type": "Point",
    "coordinates": [
     -76.5002316,
     3.4504051
    ]
   },
   "properties": {
    "kind": "medical",
    "name": "\"FUNDACIÓN IDEAL PARA LA REHABILITACIÓN INTEGRAL \"\"JULIO H CALONJE\"\"\"",
    "address": null,
    "phone": "+57 2 4415062",
    "capacity": null,
    "source": "osm",
    "source_ref": "node/1230829878",
    "source_url": "https://www.openstreetmap.org/node/1230829878"
   }
  },
  {
   "type": "Feature",
   "geometry": {
    "type": "Point",
    "coordinates": [
     -76.4802816,
     3.4554587
    ]
   },
   "properties": {
    "kind": "medical",
    "name": "PROVIDA # 5",
    "address": null,
    "phone": "+57 2 6809558",
    "capacity": null,
    "source": "osm",
    "source_ref": "node/1230829958",
    "source_url": "https://www.openstreetmap.org/node/1230829958"
   }
  },
  {
   "type": "Feature",
   "geometry": {
    "type": "Point",
    "coordinates": [
     -76.5276374,
     3.4547546
    ]
   },
   "properties": {
    "kind": "medical",
    "name": "GRUPO DE ESPECIALISTAS EN CIRUGÍA ENDOSCÓPICA - GECE LTDA",
    "address": null,
    "phone": "+57 2 8862219",
    "capacity": null,
    "source": "osm",
    "source_ref": "node/1230829974",
    "source_url": "https://www.openstreetmap.org/node/1230829974"
   }
  },
  {
   "type": "Feature",
   "geometry": {
    "type": "Point",
    "coordinates": [
     -76.5255261,
     3.4772342
    ]
   },
   "properties": {
    "kind": "medical",
    "name": "Corporación Ips Chipichape",
    "address": null,
    "phone": "+57 2 5540000",
    "capacity": null,
    "source": "osm",
    "source_ref": "node/1230830028",
    "source_url": "https://www.openstreetmap.org/node/1230830028"
   }
  },
  {
   "type": "Feature",
   "geometry": {
    "type": "Point",
    "coordinates": [
     -76.5431652,
     3.4169104
    ]
   },
   "properties": {
    "kind": "medical",
    "name": "DARPACOL",
    "address": null,
    "phone": "+57 2 5513161",
    "capacity": null,
    "source": "osm",
    "source_ref": "node/1230830092",
    "source_url": "https://www.openstreetmap.org/node/1230830092"
   }
  },
  {
   "type": "Feature",
   "geometry": {
    "type": "Point",
    "coordinates": [
     -76.4812221,
     3.4324585
    ]
   },
   "properties": {
    "kind": "medical",
    "name": "PUESTO DE SALUD ALFONSO BONILLA ARAGÓN",
    "address": null,
    "phone": "+57 2 4374024",
    "capacity": null,
    "source": "osm",
    "source_ref": "node/1230830142",
    "source_url": "https://www.openstreetmap.org/node/1230830142"
   }
  },
  {
   "type": "Feature",
   "geometry": {
    "type": "Point",
    "coordinates": [
     -76.5393793,
     3.4072334
    ]
   },
   "properties": {
    "kind": "medical",
    "name": "Medes Centro de Medicinas Alternativas",
    "address": null,
    "phone": "+57 2 3392025",
    "capacity": null,
    "source": "osm",
    "source_ref": "node/1230830234",
    "source_url": "https://www.openstreetmap.org/node/1230830234"
   }
  },
  {
   "type": "Feature",
   "geometry": {
    "type": "Point",
    "coordinates": [
     -76.5525531,
     3.4510343
    ]
   },
   "properties": {
    "kind": "medical",
    "name": "Casanar S A",
    "address": null,
    "phone": "+57 2 8931317",
    "capacity": null,
    "source": "osm",
    "source_ref": "node/1230830331",
    "source_url": "https://www.openstreetmap.org/node/1230830331"
   }
  },
  {
   "type": "Feature",
   "geometry": {
    "type": "Point",
    "coordinates": [
     -76.5267696,
     3.4605575
    ]
   },
   "properties": {
    "kind": "medical",
    "name": "CENTRO DE ORTOPEDIA Y FRACTURAS SEDE No.2",
    "address": null,
    "phone": "+57 2 6670400",
    "capacity": null,
    "source": "osm",
    "source_ref": "node/1230830350",
    "source_url": "https://www.openstreetmap.org/node/1230830350"
   }
  },
  {
   "type": "Feature",
   "geometry": {
    "type": "Point",
    "coordinates": [
     -76.5311449,
     3.4614619
    ]
   },
   "properties": {
    "kind": "medical",
    "name": "\"EMERGENCY MEDICAL SERVICE \"\"PARAMÉDICOS EMS EAT\"\"\"",
    "address": null,
    "phone": "+57 2 6611940",
    "capacity": null,
    "source": "osm",
    "source_ref": "node/1230830376",
    "source_url": "https://www.openstreetmap.org/node/1230830376"
   }
  },
  {
   "type": "Feature",
   "geometry": {
    "type": "Point",
    "coordinates": [
     -76.5443544,
     3.3980275
    ]
   },
   "properties": {
    "kind": "medical",
    "name": "IPS PUNTO DE SALUD ASISTENCIA MEDICA Y ODONTOLÓGICA EL LIMONAR",
    "address": null,
    "phone": "+57 2 5563050",
    "capacity": null,
    "source": "osm",
    "source_ref": "node/1230830606",
    "source_url": "https://www.openstreetmap.org/node/1230830606"
   }
  },
  {
   "type": "Feature",
   "geometry": {
    "type": "Point",
    "coordinates": [
     -76.5412276,
     3.4279705
    ]
   },
   "properties": {
    "kind": "medical",
    "name": "Policlinico y Laboratorio de Diagnostico del Sur E. U.",
    "address": null,
    "phone": "+57 2 5145525",
    "capacity": null,
    "source": "osm",
    "source_ref": "node/1230830660",
    "source_url": "https://www.openstreetmap.org/node/1230830660"
   }
  },
  {
   "type": "Feature",
   "geometry": {
    "type": "Point",
    "coordinates": [
     -76.5423916,
     3.4025966
    ]
   },
   "properties": {
    "kind": "medical",
    "name": "SALUD ARMONÍA Y BELLEZA SPA LTDA U",
    "address": null,
    "phone": "+57 2 5547837",
    "capacity": null,
    "source": "osm",
    "source_ref": "node/1230830791",
    "source_url": "https://www.openstreetmap.org/node/1230830791"
   }
  },
  {
   "type": "Feature",
   "geometry": {
    "type": "Point",
    "coordinates": [
     -76.5395743,
     3.4098484
    ]
   },
   "properties": {
    "kind": "medical",
    "name": "OFTALMÓLOGOS ESPECIALIZADOS IPS SA - OFTALMOS I.P.S.",
    "address": null,
    "phone": "+57 2 5133763",
    "capacity": null,
    "source": "osm",
    "source_ref": "node/1230830859",
    "source_url": "https://www.openstreetmap.org/node/1230830859"
   }
  },
  {
   "type": "Feature",
   "geometry": {
    "type": "Point",
    "coordinates": [
     -76.5293225,
     3.4248559
    ]
   },
   "properties": {
    "kind": "medical",
    "name": "Servicios de Ambulancia Al Paciente",
    "address": null,
    "phone": "+57 2 3254758",
    "capacity": null,
    "source": "osm",
    "source_ref": "node/1230830944",
    "source_url": "https://www.openstreetmap.org/node/1230830944"
   }
  },
  {
   "type": "Feature",
   "geometry": {
    "type": "Point",
    "coordinates": [
     -76.4959675,
     3.4700477
    ]
   },
   "properties": {
    "kind": "medical",
    "name": "MACRODENT",
    "address": null,
    "phone": "+57 2 4473202",
    "capacity": null,
    "source": "osm",
    "source_ref": "node/1230831025",
    "source_url": "https://www.openstreetmap.org/node/1230831025"
   }
  },
  {
   "type": "Feature",
   "geometry": {
    "type": "Point",
    "coordinates": [
     -76.5265432,
     3.4021423
    ]
   },
   "properties": {
    "kind": "medical",
    "name": "CLÍNICA DE ORTODONCIA Y ODONTOLOGÍA ESTÉTICA COES LTDA",
    "address": null,
    "phone": "+57 2 6833764",
    "capacity": null,
    "source": "osm",
    "source_ref": "node/1230831042",
    "source_url": "https://www.openstreetmap.org/node/1230831042"
   }
  },
  {
   "type": "Feature",
   "geometry": {
    "type": "Point",
    "coordinates": [
     -76.4940558,
     3.4322293
    ]
   },
   "properties": {
    "kind": "medical",
    "name": "Puesto de Salud Chorro Azul",
    "address": null,
    "phone": "+57 2 4374024",
    "capacity": null,
    "source": "osm",
    "source_ref": "node/1230831068",
    "source_url": "https://www.openstreetmap.org/node/1230831068"
   }
  },
  {
   "type": "Feature",
   "geometry": {
    "type": "Point",
    "coordinates": [
     -76.530011,
     3.4625433
    ]
   },
   "properties": {
    "kind": "medical",
    "name": "CENTRO DE ESPECIALISTAS CLÍNICA VERSALLES S.A.",
    "address": null,
    "phone": "+57 2 6084343",
    "capacity": null,
    "source": "osm",
    "source_ref": "node/1230831098",
    "source_url": "https://www.openstreetmap.org/node/1230831098"
   }
  },
  {
   "type": "Feature",
   "geometry": {
    "type": "Point",
    "coordinates": [
     -76.5004528,
     3.4524989
    ]
   },
   "properties": {
    "kind": "medical",
    "name": "Nueva Eps Ips Villacolombia",
    "address": null,
    "phone": "+57 6025242441",
    "capacity": null,
    "source": "osm",
    "source_ref": "node/1230831131",
    "source_url": "https://www.openstreetmap.org/node/1230831131"
   }
  },
  {
   "type": "Feature",
   "geometry": {
    "type": "Point",
    "coordinates": [
     -76.5384739,
     3.4528025
    ]
   },
   "properties": {
    "kind": "medical",
    "name": "PROVIDA # 14",
    "address": null,
    "phone": "+57 2 6809558",
    "capacity": null,
    "source": "osm",
    "source_ref": "node/1230831145",
    "source_url": "https://www.openstreetmap.org/node/1230831145"
   }
  },
  {
   "type": "Feature",
   "geometry": {
    "type": "Point",
    "coordinates": [
     -76.533913,
     3.4518213
    ]
   },
   "properties": {
    "kind": "medical",
    "name": "CENTRO DE ORTODONCIA Y ODONTOLOGÍA ESTÉTICA LTDA",
    "address": null,
    "phone": "+57 2 8855593",
    "capacity": null,
    "source": "osm",
    "source_ref": "node/1230831391",
    "source_url": "https://www.openstreetmap.org/node/1230831391"
   }
  },
  {
   "type": "Feature",
   "geometry": {
    "type": "Point",
    "coordinates": [
     -76.5006357,
     3.4461785
    ]
   },
   "properties": {
    "kind": "medical",
    "name": "Centro de Salud Diego Lalinde",
    "address": null,
    "phone": "+57 2 4416925",
    "capacity": null,
    "source": "osm",
    "source_ref": "node/1230831411",
    "source_url": "https://www.openstreetmap.org/node/1230831411"
   }
  },
  {
   "type": "Feature",
   "geometry": {
    "type": "Point",
    "coordinates": [
     -76.5473,
     3.4355407
    ]
   },
   "properties": {
    "kind": "medical",
    "name": "Renacimiento Medical Hair Center Ltda",
    "address": null,
    "phone": "+57 2 5184444",
    "capacity": null,
    "source": "osm",
    "source_ref": "node/1230831447",
    "source_url": "https://www.openstreetmap.org/node/1230831447"
   }
  },
  {
   "type": "Feature",
   "geometry": {
    "type": "Point",
    "coordinates": [
     -76.5331882,
     3.4286789
    ]
   },
   "properties": {
    "kind": "medical",
    "name": "CENTRO DE MEDICINA BIOLÓGICA SANARTE",
    "address": null,
    "phone": "+57 2 5574512",
    "capacity": null,
    "source": "osm",
    "source_ref": "node/1230831464",
    "source_url": "https://www.openstreetmap.org/node/1230831464"
   }
  },
  {
   "type": "Feature",
   "geometry": {
    "type": "Point",
    "coordinates": [
     -76.5377174,
     3.4302848
    ]
   },
   "properties": {
    "kind": "medical",
    "name": "SERVICIOS DE SALUD CLÍNICA Y OCUPACIONAL",
    "address": null,
    "phone": "+57 2 5582245",
    "capacity": null,
    "source": "osm",
    "source_ref": "node/1230831524",
    "source_url": "https://www.openstreetmap.org/node/1230831524"
   }
  },
  {
   "type": "Feature",
   "geometry": {
    "type": "Point",
    "coordinates": [
     -76.5265007,
     3.4626278
    ]
   },
   "properties": {
    "kind": "medical",
    "name": "\"ASOCIACIÓN PROBIENESTAR DE LA FAMILIA COLOMBIANA \"\" PROFAMILIA CALI\"\"\"",
    "address": null,
    "phone": "+57 2 6618032",
    "capacity": null,
    "source": "osm",
    "source_ref": "node/1230831554",
    "source_url": "https://www.openstreetmap.org/node/1230831554"
   }
  },
  {
   "type": "Feature",
   "geometry": {
    "type": "Point",
    "coordinates": [
     -76.5311733,
     3.4595243
    ]
   },
   "properties": {
    "kind": "medical",
    "name": "Centro Medico 54",
    "address": null,
    "phone": null,
    "capacity": null,
    "source": "osm",
    "source_ref": "node/1230831578",
    "source_url": "https://www.openstreetmap.org/node/1230831578"
   }
  },
  {
   "type": "Feature",
   "geometry": {
    "type": "Point",
    "coordinates": [
     -76.4911687,
     3.410625
    ]
   },
   "properties": {
    "kind": "medical",
    "name": "SERVICIOS COMPLEMENTARIOS DE SALUD - SCS",
    "address": null,
    "phone": "+57 2 4362762",
    "capacity": null,
    "source": "osm",
    "source_ref": "node/1230831596",
    "source_url": "https://www.openstreetmap.org/node/1230831596"
   }
  },
  {
   "type": "Feature",
   "geometry": {
    "type": "Point",
    "coordinates": [
     -76.5303162,
     3.421199
    ]
   },
   "properties": {
    "kind": "medical",
    "name": "Oral Center",
    "address": null,
    "phone": "+57 2 3371974",
    "capacity": null,
    "source": "osm",
    "source_ref": "node/1230831684",
    "source_url": "https://www.openstreetmap.org/node/1230831684"
   }
  },
  {
   "type": "Feature",
   "geometry": {
    "type": "Point",
    "coordinates": [
     -76.5433722,
     3.3981627
    ]
   },
   "properties": {
    "kind": "medical",
    "name": "FITNESSPARK CENTRO DE ACONDICIONAMIENTO Y PREPARACIÓN FÍSICA",
    "address": null,
    "phone": "+57 2 3306002",
    "capacity": null,
    "source": "osm",
    "source_ref": "node/1230831745",
    "source_url": "https://www.openstreetmap.org/node/1230831745"
   }
  },
  {
   "type": "Feature",
   "geometry": {
    "type": "Point",
    "coordinates": [
     -76.5307704,
     3.4607274
    ]
   },
   "properties": {
    "kind": "medical",
    "name": "Alternativas En Salud",
    "address": null,
    "phone": "+57 2 6612412",
    "capacity": null,
    "source": "osm",
    "source_ref": "node/1230831768",
    "source_url": "https://www.openstreetmap.org/node/1230831768"
   }
  },
  {
   "type": "Feature",
   "geometry": {
    "type": "Point",
    "coordinates": [
     -76.5258948,
     3.4674254
    ]
   },
   "properties": {
    "kind": "medical",
    "name": "MÉDICOS SAN JOSÉ",
    "address": null,
    "phone": "+57 2 6607647",
    "capacity": null,
    "source": "osm",
    "source_ref": "node/1230831791",
    "source_url": "https://www.openstreetmap.org/node/1230831791"
   }
  },
  {
   "type": "Feature",
   "geometry": {
    "type": "Point",
    "coordinates": [
     -76.5426719,
     3.393635
    ]
   },
   "properties": {
    "kind": "medical",
    "name": "Sonreire Ltda",
    "address": null,
    "phone": "+57 2 3151431",
    "capacity": null,
    "source": "osm",
    "source_ref": "node/1230831816",
    "source_url": "https://www.openstreetmap.org/node/1230831816"
   }
  },
  {
   "type": "Feature",
   "geometry": {
    "type": "Point",
    "coordinates": [
     -76.4878279,
     3.4815412
    ]
   },
   "properties": {
    "kind": "medical",
    "name": "Puesto de Salud San Luis I",
    "address": null,
    "phone": "+57 2 4184646",
    "capacity": null,
    "source": "osm",
    "source_ref": "node/1230831827",
    "source_url": "https://www.openstreetmap.org/node/1230831827"
   }
  },
  {
   "type": "Feature",
   "geometry": {
    "type": "Point",
    "coordinates": [
     -76.5390779,
     3.3958087
    ]
   },
   "properties": {
    "kind": "medical",
    "name": "Aga Fano Fabrica Nacional de Oxigeno Sa",
    "address": null,
    "phone": "+57 2 4254550",
    "capacity": null,
    "source": "osm",
    "source_ref": "node/1230831848",
    "source_url": "https://www.openstreetmap.org/node/1230831848"
   }
  },
  {
   "type": "Feature",
   "geometry": {
    "type": "Point",
    "coordinates": [
     -76.5024869,
     3.4449178
    ]
   },
   "properties": {
    "kind": "medical",
    "name": "Centro Medico Cemed",
    "address": null,
    "phone": "+57 2 6800662",
    "capacity": null,
    "source": "osm",
    "source_ref": "node/1230831858",
    "source_url": "https://www.openstreetmap.org/node/1230831858"
   }
  },
  {
   "type": "Feature",
   "geometry": {
    "type": "Point",
    "coordinates": [
     -76.5261945,
     3.4698503
    ]
   },
   "properties": {
    "kind": "medical",
    "name": "SERSALUD #1",
    "address": "Santiago de Cali",
    "phone": "+57 2 6601118",
    "capacity": null,
    "source": "osm",
    "source_ref": "node/1230831909",
    "source_url": "https://www.openstreetmap.org/node/1230831909"
   }
  },
  {
   "type": "Feature",
   "geometry": {
    "type": "Point",
    "coordinates": [
     -76.4918368,
     3.4108727
    ]
   },
   "properties": {
    "kind": "medical",
    "name": "Puesto de Salud Comuneros I",
    "address": null,
    "phone": "+57 2 4374024",
    "capacity": null,
    "source": "osm",
    "source_ref": "node/1230831920",
    "source_url": "https://www.openstreetmap.org/node/1230831920"
   }
  },
  {
   "type": "Feature",
   "geometry": {
    "type": "Point",
    "coordinates": [
     -76.5409644,
     3.4235821
    ]
   },
   "properties": {
    "kind": "medical",
    "name": "Aaa Estar Bien Spa",
    "address": null,
    "phone": "+57 2 5571939",
    "capacity": null,
    "source": "osm",
    "source_ref": "node/1230832011",
    "source_url": "https://www.openstreetmap.org/node/1230832011"
   }
  },
  {
   "type": "Feature",
   "geometry": {
    "type": "Point",
    "coordinates": [
     -76.5185646,
     3.4317972
    ]
   },
   "properties": {
    "kind": "medical",
    "name": "Centro de Salud Agua Blanca",
    "address": null,
    "phone": "+57 2 4416925",
    "capacity": null,
    "source": "osm",
    "source_ref": "node/1230832085",
    "source_url": "https://www.openstreetmap.org/node/1230832085"
   }
  },
  {
   "type": "Feature",
   "geometry": {
    "type": "Point",
    "coordinates": [
     -76.4962846,
     3.4673406
    ]
   },
   "properties": {
    "kind": "medical",
    "name": "Biocep Ltda",
    "address": null,
    "phone": "+57 6024399673",
    "capacity": null,
    "source": "osm",
    "source_ref": "node/1230832114",
    "source_url": "https://www.openstreetmap.org/node/1230832114"
   }
  },
  {
   "type": "Feature",
   "geometry": {
    "type": "Point",
    "coordinates": [
     -76.5342132,
     3.3641661
    ]
   },
   "properties": {
    "kind": "medical",
    "name": "CLÍNICA EXCELLENCE S.A.",
    "address": null,
    "phone": "+57 2 3320234",
    "capacity": null,
    "source": "osm",
    "source_ref": "node/1230832410",
    "source_url": "https://www.openstreetmap.org/node/1230832410"
   }
  },
  {
   "type": "Feature",
   "geometry": {
    "type": "Point",
    "coordinates": [
     -76.4902161,
     3.4169675
    ]
   },
   "properties": {
    "kind": "medical",
    "name": "Puesto de Salud Poblado Ii",
    "address": null,
    "phone": "+57 2 4374024",
    "capacity": null,
    "source": "osm",
    "source_ref": "node/1230832457",
    "source_url": "https://www.openstreetmap.org/node/1230832457"
   }
  },
  {
   "type": "Feature",
   "geometry": {
    "type": "Point",
    "coordinates": [
     -76.527693,
     3.4609272
    ]
   },
   "properties": {
    "kind": "medical",
    "name": "CLÍNICA CANDELARIA SIES SALUD",
    "address": null,
    "phone": "+57 3133490010",
    "capacity": null,
    "source": "osm",
    "source_ref": "node/1230832474",
    "source_url": "https://www.openstreetmap.org/node/1230832474"
   }
  },
  {
   "type": "Feature",
   "geometry": {
    "type": "Point",
    "coordinates": [
     -76.546865,
     3.438113
    ]
   },
   "properties": {
    "kind": "medical",
    "name": "Instituto Medico Cubano",
    "address": null,
    "phone": "+57 2 5541659",
    "capacity": null,
    "source": "osm",
    "source_ref": "node/1230832495",
    "source_url": "https://www.openstreetmap.org/node/1230832495"
   }
  },
  {
   "type": "Feature",
   "geometry": {
    "type": "Point",
    "coordinates": [
     -76.5080241,
     3.444655
    ]
   },
   "properties": {
    "kind": "medical",
    "name": "PROVIDA # 4",
    "address": null,
    "phone": "+57 2 6809558",
    "capacity": null,
    "source": "osm",
    "source_ref": "node/1230832547",
    "source_url": "https://www.openstreetmap.org/node/1230832547"
   }
  },
  {
   "type": "Feature",
   "geometry": {
    "type": "Point",
    "coordinates": [
     -76.5393008,
     3.3849524
    ]
   },
   "properties": {
    "kind": "medical",
    "name": "CLÍNICA NUEVA SONRISA S.A. CLINIDENT",
    "address": null,
    "phone": "+57 2 3147740",
    "capacity": null,
    "source": "osm",
    "source_ref": "node/1230832620",
    "source_url": "https://www.openstreetmap.org/node/1230832620"
   }
  },
  {
   "type": "Feature",
   "geometry": {
    "type": "Point",
    "coordinates": [
     -76.5315956,
     3.4126056
    ]
   },
   "properties": {
    "kind": "medical",
    "name": "Salud Auditiva Empresarial Ltda. Sae Ltda.",
    "address": null,
    "phone": "+57 2 5517529",
    "capacity": null,
    "source": "osm",
    "source_ref": "node/1230832635",
    "source_url": "https://www.openstreetmap.org/node/1230832635"
   }
  },
  {
   "type": "Feature",
   "geometry": {
    "type": "Point",
    "coordinates": [
     -76.4974602,
     3.485181
    ]
   },
   "properties": {
    "kind": "medical",
    "name": "LABORATORIO CLÍNICO CENTRO COMERCIAL CALIMA",
    "address": "301, Calima",
    "phone": "+57 2 6651810",
    "capacity": null,
    "source": "osm",
    "source_ref": "node/1230832696",
    "source_url": "https://www.openstreetmap.org/node/1230832696"
   }
  },
  {
   "type": "Feature",
   "geometry": {
    "type": "Point",
    "coordinates": [
     -76.5428157,
     3.4198025
    ]
   },
   "properties": {
    "kind": "medical",
    "name": "Uba Coomeva Tequendama",
    "address": null,
    "phone": "+57 2 553 6080",
    "capacity": null,
    "source": "osm",
    "source_ref": "node/1230832709",
    "source_url": "https://www.openstreetmap.org/node/1230832709"
   }
  },
  {
   "type": "Feature",
   "geometry": {
    "type": "Point",
    "coordinates": [
     -76.5114888,
     3.4284249
    ]
   },
   "properties": {
    "kind": "medical",
    "name": "LABORATORIO CLÍNICO SAN MARTIN SEDE J",
    "address": null,
    "phone": "+57 2 4435115",
    "capacity": null,
    "source": "osm",
    "source_ref": "node/1230832720",
    "source_url": "https://www.openstreetmap.org/node/1230832720"
   }
  },
  {
   "type": "Feature",
   "geometry": {
    "type": "Point",
    "coordinates": [
     -76.5446846,
     3.407914
    ]
   },
   "properties": {
    "kind": "medical",
    "name": "VÍA SALUD LIMITADA CALI",
    "address": null,
    "phone": "+57 3152759444",
    "capacity": null,
    "source": "osm",
    "source_ref": "node/1230832730",
    "source_url": "https://www.openstreetmap.org/node/1230832730"
   }
  },
  {
   "type": "Feature",
   "geometry": {
    "type": "Point",
    "coordinates": [
     -76.527369,
     3.4536937
    ]
   },
   "properties": {
    "kind": "medical",
    "name": "CENTRO MEDICO SAN NICOLÁS Y CIA",
    "address": null,
    "phone": "+57 2 8821208",
    "capacity": null,
    "source": "osm",
    "source_ref": "node/1230832745",
    "source_url": "https://www.openstreetmap.org/node/1230832745"
   }
  },
  {
   "type": "Feature",
   "geometry": {
    "type": "Point",
    "coordinates": [
     -76.5254315,
     3.4682195
    ]
   },
   "properties": {
    "kind": "medical",
    "name": "LABORATORIO ÁLVAREZ SINISTERRA Y CIA LTDA",
    "address": null,
    "phone": "+57 2 6682349",
    "capacity": null,
    "source": "osm",
    "source_ref": "node/1230832761",
    "source_url": "https://www.openstreetmap.org/node/1230832761"
   }
  },
  {
   "type": "Feature",
   "geometry": {
    "type": "Point",
    "coordinates": [
     -76.4810601,
     3.4559503
    ]
   },
   "properties": {
    "kind": "medical",
    "name": "PUESTO DE SALUD ALFONSO LÓPEZ III",
    "address": null,
    "phone": "+57 2 4184646",
    "capacity": null,
    "source": "osm",
    "source_ref": "node/1230832786",
    "source_url": "https://www.openstreetmap.org/node/1230832786"
   }
  },
  {
   "type": "Feature",
   "geometry": {
    "type": "Point",
    "coordinates": [
     -76.5486142,
     3.395849
    ]
   },
   "properties": {
    "kind": "shelter_candidate",
    "name": "Colegio Parroquial Divino Salvador",
    "address": null,
    "phone": null,
    "capacity": null,
    "source": "osm",
    "source_ref": "node/1230832799",
    "source_url": "https://www.openstreetmap.org/node/1230832799"
   }
  },
  {
   "type": "Feature",
   "geometry": {
    "type": "Point",
    "coordinates": [
     -76.5474194,
     3.4360979
    ]
   },
   "properties": {
    "kind": "medical",
    "name": "Funcrear de Occidente",
    "address": null,
    "phone": "+57 2 5585981",
    "capacity": null,
    "source": "osm",
    "source_ref": "node/1230832807",
    "source_url": "https://www.openstreetmap.org/node/1230832807"
   }
  },
  {
   "type": "Feature",
   "geometry": {
    "type": "Point",
    "coordinates": [
     -76.5535513,
     3.4263381
    ]
   },
   "properties": {
    "kind": "medical",
    "name": "PUESTO DE SALUD BELÉN",
    "address": null,
    "phone": "+57 2 6080124",
    "capacity": null,
    "source": "osm",
    "source_ref": "node/1230832814",
    "source_url": "https://www.openstreetmap.org/node/1230832814"
   }
  },
  {
   "type": "Feature",
   "geometry": {
    "type": "Point",
    "coordinates": [
     -76.5408527,
     3.3980018
    ]
   },
   "properties": {
    "kind": "medical",
    "name": "Vident Plus",
    "address": null,
    "phone": "+57 2 3399300",
    "capacity": null,
    "source": "osm",
    "source_ref": "node/1230832833",
    "source_url": "https://www.openstreetmap.org/node/1230832833"
   }
  },
  {
   "type": "Feature",
   "geometry": {
    "type": "Point",
    "coordinates": [
     -76.5409949,
     3.432641
    ]
   },
   "properties": {
    "kind": "medical",
    "name": "Holistica Unidad de Medicina Integral",
    "address": null,
    "phone": "+57 2 5561336",
    "capacity": null,
    "source": "osm",
    "source_ref": "node/1230832854",
    "source_url": "https://www.openstreetmap.org/node/1230832854"
   }
  },
  {
   "type": "Feature",
   "geometry": {
    "type": "Point",
    "coordinates": [
     -76.5296214,
     3.4677391
    ]
   },
   "properties": {
    "kind": "medical",
    "name": "Dental Plan",
    "address": null,
    "phone": null,
    "capacity": null,
    "source": "osm",
    "source_ref": "node/1230832872",
    "source_url": "https://www.openstreetmap.org/node/1230832872"
   }
  },
  {
   "type": "Feature",
   "geometry": {
    "type": "Point",
    "coordinates": [
     -76.4822028,
     3.4476365
    ]
   },
   "properties": {
    "kind": "medical",
    "name": "Puesto de Salud Petecuy Iii",
    "address": null,
    "phone": "+57 2 4184646",
    "capacity": null,
    "source": "osm",
    "source_ref": "node/1230832892",
    "source_url": "https://www.openstreetmap.org/node/1230832892"
   }
  },
  {
   "type": "Feature",
   "geometry": {
    "type": "Point",
    "coordinates": [
     -76.5336306,
     3.4298875
    ]
   },
   "properties": {
    "kind": "medical",
    "name": "Clinic Dent Ips Ltda.",
    "address": null,
    "phone": "+57 2 5585706",
    "capacity": null,
    "source": "osm",
    "source_ref": "node/1230832905",
    "source_url": "https://www.openstreetmap.org/node/1230832905"
   }
  },
  {
   "type": "Feature",
   "geometry": {
    "type": "Point",
    "coordinates": [
     -76.5392125,
     3.41874
    ]
   },
   "properties": {
    "kind": "medical",
    "name": "SU ÓPTICA",
    "address": null,
    "phone": "+57 2 5533567",
    "capacity": null,
    "source": "osm",
    "source_ref": "node/1230832915",
    "source_url": "https://www.openstreetmap.org/node/1230832915"
   }
  },
  {
   "type": "Feature",
   "geometry": {
    "type": "Point",
    "coordinates": [
     -76.5241555,
     3.3139869
    ]
   },
   "properties": {
    "kind": "shelter_candidate",
    "name": "Universidad Antonio Nariño - Sede Farallones",
    "address": null,
    "phone": "+57 2 5551997",
    "capacity": null,
    "source": "osm",
    "source_ref": "node/1230848651",
    "source_url": "https://www.openstreetmap.org/node/1230848651"
   }
  },
  {
   "type": "Feature",
   "geometry": {
    "type": "Point",
    "coordinates": [
     -76.4984839,
     3.4890075
    ]
   },
   "properties": {
    "kind": "shelter_candidate",
    "name": "Instituto Camilo Terreros",
    "address": null,
    "phone": null,
    "capacity": null,
    "source": "osm",
    "source_ref": "node/1353398288",
    "source_url": "https://www.openstreetmap.org/node/1353398288"
   }
  },
  {
   "type": "Feature",
   "geometry": {
    "type": "Point",
    "coordinates": [
     -76.5523887,
     3.4242858
    ]
   },
   "properties": {
    "kind": "market",
    "name": "Tienda / supermercado (sin nombre)",
    "address": null,
    "phone": null,
    "capacity": null,
    "source": "osm",
    "source_ref": "node/1365350503",
    "source_url": "https://www.openstreetmap.org/node/1365350503"
   }
  },
  {
   "type": "Feature",
   "geometry": {
    "type": "Point",
    "coordinates": [
     -76.5523266,
     3.4245215
    ]
   },
   "properties": {
    "kind": "market",
    "name": "Tienda / supermercado (sin nombre)",
    "address": null,
    "phone": null,
    "capacity": null,
    "source": "osm",
    "source_ref": "node/1365350513",
    "source_url": "https://www.openstreetmap.org/node/1365350513"
   }
  },
  {
   "type": "Feature",
   "geometry": {
    "type": "Point",
    "coordinates": [
     -76.548593,
     3.4246181
    ]
   },
   "properties": {
    "kind": "market",
    "name": "La Isabela",
    "address": null,
    "phone": null,
    "capacity": null,
    "source": "osm",
    "source_ref": "node/1365350520",
    "source_url": "https://www.openstreetmap.org/node/1365350520"
   }
  },
  {
   "type": "Feature",
   "geometry": {
    "type": "Point",
    "coordinates": [
     -76.5301892,
     3.4633966
    ]
   },
   "properties": {
    "kind": "shelter_candidate",
    "name": "Alliance Française",
    "address": null,
    "phone": null,
    "capacity": null,
    "source": "osm",
    "source_ref": "node/1514331816",
    "source_url": "https://www.openstreetmap.org/node/1514331816"
   }
  },
  {
   "type": "Feature",
   "geometry": {
    "type": "Point",
    "coordinates": [
     -76.5023983,
     3.4850555
    ]
   },
   "properties": {
    "kind": "shelter_candidate",
    "name": "Escuela Fray Domingo de las Casas",
    "address": null,
    "phone": null,
    "capacity": null,
    "source": "osm",
    "source_ref": "node/1742284024",
    "source_url": "https://www.openstreetmap.org/node/1742284024"
   }
  },
  {
   "type": "Feature",
   "geometry": {
    "type": "Point",
    "coordinates": [
     -76.5008587,
     3.486898
    ]
   },
   "properties": {
    "kind": "pharmacy",
    "name": "Drogueria Saavedra",
    "address": null,
    "phone": null,
    "capacity": null,
    "source": "osm",
    "source_ref": "node/1742284025",
    "source_url": "https://www.openstreetmap.org/node/1742284025"
   }
  },
  {
   "type": "Feature",
   "geometry": {
    "type": "Point",
    "coordinates": [
     -76.4989818,
     3.4865045
    ]
   },
   "properties": {
    "kind": "pharmacy",
    "name": "Drogas La Rebaja",
    "address": "calle 70 no 4a-01",
    "phone": null,
    "capacity": null,
    "source": "osm",
    "source_ref": "node/1742284031",
    "source_url": "https://www.openstreetmap.org/node/1742284031"
   }
  },
  {
   "type": "Feature",
   "geometry": {
    "type": "Point",
    "coordinates": [
     -76.5009448,
     3.4838615
    ]
   },
   "properties": {
    "kind": "shelter_candidate",
    "name": "Colegio Mixto San Vicente",
    "address": null,
    "phone": null,
    "capacity": null,
    "source": "osm",
    "source_ref": "node/1742284037",
    "source_url": "https://www.openstreetmap.org/node/1742284037"
   }
  },
  {
   "type": "Feature",
   "geometry": {
    "type": "Point",
    "coordinates": [
     -76.5015683,
     3.4855403
    ]
   },
   "properties": {
    "kind": "shelter_candidate",
    "name": "Colegio Miguel Angel Buonarroti",
    "address": null,
    "phone": null,
    "capacity": null,
    "source": "osm",
    "source_ref": "node/1742284043",
    "source_url": "https://www.openstreetmap.org/node/1742284043"
   }
  },
  {
   "type": "Feature",
   "geometry": {
    "type": "Point",
    "coordinates": [
     -76.5032622,
     3.4837116
    ]
   },
   "properties": {
    "kind": "shelter_candidate",
    "name": "COLEGIO NUESTRA SEÑORA DE FATIMA",
    "address": null,
    "phone": null,
    "capacity": null,
    "source": "osm",
    "source_ref": "node/1742284904",
    "source_url": "https://www.openstreetmap.org/node/1742284904"
   }
  },
  {
   "type": "Feature",
   "geometry": {
    "type": "Point",
    "coordinates": [
     -76.4981982,
     3.4895777
    ]
   },
   "properties": {
    "kind": "shelter_candidate",
    "name": "Liceo Farallones del Norte",
    "address": "Carrera 4N # 71E - 39",
    "phone": null,
    "capacity": null,
    "source": "osm",
    "source_ref": "node/1759303646",
    "source_url": "https://www.openstreetmap.org/node/1759303646"
   }
  },
  {
   "type": "Feature",
   "geometry": {
    "type": "Point",
    "coordinates": [
     -76.4997668,
     3.4892123
    ]
   },
   "properties": {
    "kind": "market",
    "name": "Tienda / supermercado (sin nombre)",
    "address": null,
    "phone": null,
    "capacity": null,
    "source": "osm",
    "source_ref": "node/1763823912",
    "source_url": "https://www.openstreetmap.org/node/1763823912"
   }
  },
  {
   "type": "Feature",
   "geometry": {
    "type": "Point",
    "coordinates": [
     -76.4983954,
     3.4891146
    ]
   },
   "properties": {
    "kind": "market",
    "name": "Tienda / supermercado (sin nombre)",
    "address": null,
    "phone": null,
    "capacity": null,
    "source": "osm",
    "source_ref": "node/1763823915",
    "source_url": "https://www.openstreetmap.org/node/1763823915"
   }
  },
  {
   "type": "Feature",
   "geometry": {
    "type": "Point",
    "coordinates": [
     -76.4991008,
     3.4900811
    ]
   },
   "properties": {
    "kind": "market",
    "name": "Tienda / supermercado (sin nombre)",
    "address": null,
    "phone": null,
    "capacity": null,
    "source": "osm",
    "source_ref": "node/1763823922",
    "source_url": "https://www.openstreetmap.org/node/1763823922"
   }
  },
  {
   "type": "Feature",
   "geometry": {
    "type": "Point",
    "coordinates": [
     -76.4983981,
     3.4899847
    ]
   },
   "properties": {
    "kind": "market",
    "name": "Tienda / supermercado (sin nombre)",
    "address": null,
    "phone": null,
    "capacity": null,
    "source": "osm",
    "source_ref": "node/1763823923",
    "source_url": "https://www.openstreetmap.org/node/1763823923"
   }
  },
  {
   "type": "Feature",
   "geometry": {
    "type": "Point",
    "coordinates": [
     -76.4980376,
     3.4892243
    ]
   },
   "properties": {
    "kind": "market",
    "name": "Tienda / supermercado (sin nombre)",
    "address": null,
    "phone": null,
    "capacity": null,
    "source": "osm",
    "source_ref": "node/1763823924",
    "source_url": "https://www.openstreetmap.org/node/1763823924"
   }
  },
  {
   "type": "Feature",
   "geometry": {
    "type": "Point",
    "coordinates": [
     -76.5104989,
     3.4404266
    ]
   },
   "properties": {
    "kind": "shelter_candidate",
    "name": "Escuela Manuel Rebolledo",
    "address": null,
    "phone": null,
    "capacity": null,
    "source": "osm",
    "source_ref": "node/1859033542",
    "source_url": "https://www.openstreetmap.org/node/1859033542"
   }
  },
  {
   "type": "Feature",
   "geometry": {
    "type": "Point",
    "coordinates": [
     -76.5105073,
     3.4377893
    ]
   },
   "properties": {
    "kind": "shelter_candidate",
    "name": "Liceo San Antonio",
    "address": null,
    "phone": null,
    "capacity": null,
    "source": "osm",
    "source_ref": "node/1859055285",
    "source_url": "https://www.openstreetmap.org/node/1859055285"
   }
  },
  {
   "type": "Feature",
   "geometry": {
    "type": "Point",
    "coordinates": [
     -76.5323492,
     3.3643792
    ]
   },
   "properties": {
    "kind": "market",
    "name": "Rapi Merque",
    "address": null,
    "phone": null,
    "capacity": null,
    "source": "osm",
    "source_ref": "node/2207086555",
    "source_url": "https://www.openstreetmap.org/node/2207086555"
   }
  },
  {
   "type": "Feature",
   "geometry": {
    "type": "Point",
    "coordinates": [
     -76.531228,
     3.3610322
    ]
   },
   "properties": {
    "kind": "pharmacy",
    "name": "Droguería Comfandi",
    "address": null,
    "phone": null,
    "capacity": null,
    "source": "osm",
    "source_ref": "node/2207095389",
    "source_url": "https://www.openstreetmap.org/node/2207095389"
   }
  },
  {
   "type": "Feature",
   "geometry": {
    "type": "Point",
    "coordinates": [
     -76.5318608,
     3.362502
    ]
   },
   "properties": {
    "kind": "market",
    "name": "Tienda / supermercado (sin nombre)",
    "address": null,
    "phone": null,
    "capacity": null,
    "source": "osm",
    "source_ref": "node/2207095390",
    "source_url": "https://www.openstreetmap.org/node/2207095390"
   }
  },
  {
   "type": "Feature",
   "geometry": {
    "type": "Point",
    "coordinates": [
     -76.5279683,
     3.435789
    ]
   },
   "properties": {
    "kind": "pharmacy",
    "name": "Drogas La Rebaja",
    "address": null,
    "phone": null,
    "capacity": null,
    "source": "osm",
    "source_ref": "node/2207661558",
    "source_url": "https://www.openstreetmap.org/node/2207661558"
   }
  },
  {
   "type": "Feature",
   "geometry": {
    "type": "Point",
    "coordinates": [
     -76.5340676,
     3.4341558
    ]
   },
   "properties": {
    "kind": "market",
    "name": "Surtifamiliar",
    "address": null,
    "phone": null,
    "capacity": null,
    "source": "osm",
    "source_ref": "node/2207661559",
    "source_url": "https://www.openstreetmap.org/node/2207661559"
   }
  },
  {
   "type": "Feature",
   "geometry": {
    "type": "Point",
    "coordinates": [
     -76.5011148,
     3.4784002
    ]
   },
   "properties": {
    "kind": "market",
    "name": "Comfandi",
    "address": null,
    "phone": null,
    "capacity": null,
    "source": "osm",
    "source_ref": "node/2399942065",
    "source_url": "https://www.openstreetmap.org/node/2399942065"
   }
  },
  {
   "type": "Feature",
   "geometry": {
    "type": "Point",
    "coordinates": [
     -76.4983977,
     3.4806539
    ]
   },
   "properties": {
    "kind": "pharmacy",
    "name": "Drogas La Rebaja",
    "address": null,
    "phone": null,
    "capacity": null,
    "source": "osm",
    "source_ref": "node/2399942142",
    "source_url": "https://www.openstreetmap.org/node/2399942142"
   }
  },
  {
   "type": "Feature",
   "geometry": {
    "type": "Point",
    "coordinates": [
     -76.5265216,
     3.4628462
    ]
   },
   "properties": {
    "kind": "medical",
    "name": "Profamilia",
    "address": null,
    "phone": null,
    "capacity": null,
    "source": "osm",
    "source_ref": "node/2454314572",
    "source_url": "https://www.openstreetmap.org/node/2454314572"
   }
  },
  {
   "type": "Feature",
   "geometry": {
    "type": "Point",
    "coordinates": [
     -76.5301593,
     3.4495903
    ]
   },
   "properties": {
    "kind": "market",
    "name": "ÉXITO CARRERA OCTAVA",
    "address": null,
    "phone": null,
    "capacity": null,
    "source": "osm",
    "source_ref": "node/2529942815",
    "source_url": "https://www.openstreetmap.org/node/2529942815"
   }
  },
  {
   "type": "Feature",
   "geometry": {
    "type": "Point",
    "coordinates": [
     -76.5410454,
     3.4121042
    ]
   },
   "properties": {
    "kind": "market",
    "name": "Éxito",
    "address": null,
    "phone": null,
    "capacity": null,
    "source": "osm",
    "source_ref": "node/2529943303",
    "source_url": "https://www.openstreetmap.org/node/2529943303"
   }
  },
  {
   "type": "Feature",
   "geometry": {
    "type": "Point",
    "coordinates": [
     -76.52808,
     3.42676
    ]
   },
   "properties": {
    "kind": "market",
    "name": "ÉXITO PASOANCHO",
    "address": null,
    "phone": null,
    "capacity": null,
    "source": "osm",
    "source_ref": "node/2529943329",
    "source_url": "https://www.openstreetmap.org/node/2529943329"
   }
  },
  {
   "type": "Feature",
   "geometry": {
    "type": "Point",
    "coordinates": [
     -76.5388562,
     3.3750163
    ]
   },
   "properties": {
    "kind": "market",
    "name": "Almacenes Exito",
    "address": null,
    "phone": null,
    "capacity": null,
    "source": "osm",
    "source_ref": "node/2529943545",
    "source_url": "https://www.openstreetmap.org/node/2529943545"
   }
  },
  {
   "type": "Feature",
   "geometry": {
    "type": "Point",
    "coordinates": [
     -76.5114777,
     3.4722025
    ]
   },
   "properties": {
    "kind": "market",
    "name": "Super Inter",
    "address": null,
    "phone": null,
    "capacity": null,
    "source": "osm",
    "source_ref": "node/2534038479",
    "source_url": "https://www.openstreetmap.org/node/2534038479"
   }
  },
  {
   "type": "Feature",
   "geometry": {
    "type": "Point",
    "coordinates": [
     -76.5093885,
     3.4814921
    ]
   },
   "properties": {
    "kind": "responder",
    "name": "CAI Los Alamos",
    "address": null,
    "phone": null,
    "capacity": null,
    "source": "osm",
    "source_ref": "node/2534138410",
    "source_url": "https://www.openstreetmap.org/node/2534138410"
   }
  },
  {
   "type": "Feature",
   "geometry": {
    "type": "Point",
    "coordinates": [
     -76.5114609,
     3.4743481
    ]
   },
   "properties": {
    "kind": "shelter_candidate",
    "name": "Guillermo Valencia",
    "address": null,
    "phone": null,
    "capacity": null,
    "source": "osm",
    "source_ref": "node/2534358617",
    "source_url": "https://www.openstreetmap.org/node/2534358617"
   }
  },
  {
   "type": "Feature",
   "geometry": {
    "type": "Point",
    "coordinates": [
     -76.5029701,
     3.462495
    ]
   },
   "properties": {
    "kind": "shelter_candidate",
    "name": "La Merced",
    "address": null,
    "phone": null,
    "capacity": null,
    "source": "osm",
    "source_ref": "node/2534366113",
    "source_url": "https://www.openstreetmap.org/node/2534366113"
   }
  },
  {
   "type": "Feature",
   "geometry": {
    "type": "Point",
    "coordinates": [
     -76.4866128,
     3.4476566
    ]
   },
   "properties": {
    "kind": "shelter_candidate",
    "name": "Siete de Agosto",
    "address": null,
    "phone": null,
    "capacity": null,
    "source": "osm",
    "source_ref": "node/2534401257",
    "source_url": "https://www.openstreetmap.org/node/2534401257"
   }
  },
  {
   "type": "Feature",
   "geometry": {
    "type": "Point",
    "coordinates": [
     -76.4952595,
     3.448271
    ]
   },
   "properties": {
    "kind": "shelter_candidate",
    "name": "Juan de Ampudia",
    "address": "Carrera 12 57-13",
    "phone": null,
    "capacity": null,
    "source": "osm",
    "source_ref": "node/2534445506",
    "source_url": "https://www.openstreetmap.org/node/2534445506"
   }
  },
  {
   "type": "Feature",
   "geometry": {
    "type": "Point",
    "coordinates": [
     -76.5074445,
     3.446846
    ]
   },
   "properties": {
    "kind": "shelter_candidate",
    "name": "Las Américas",
    "address": null,
    "phone": null,
    "capacity": null,
    "source": "osm",
    "source_ref": "node/2534445782",
    "source_url": "https://www.openstreetmap.org/node/2534445782"
   }
  },
  {
   "type": "Feature",
   "geometry": {
    "type": "Point",
    "coordinates": [
     -76.4952781,
     3.4445835
    ]
   },
   "properties": {
    "kind": "shelter_candidate",
    "name": "Alberto Carvajal Borrero",
    "address": null,
    "phone": null,
    "capacity": null,
    "source": "osm",
    "source_ref": "node/2539749406",
    "source_url": "https://www.openstreetmap.org/node/2539749406"
   }
  },
  {
   "type": "Feature",
   "geometry": {
    "type": "Point",
    "coordinates": [
     -76.5137552,
     3.4430834
    ]
   },
   "properties": {
    "kind": "shelter_candidate",
    "name": "Evaristo Garcia",
    "address": null,
    "phone": null,
    "capacity": null,
    "source": "osm",
    "source_ref": "node/2539749879",
    "source_url": "https://www.openstreetmap.org/node/2539749879"
   }
  },
  {
   "type": "Feature",
   "geometry": {
    "type": "Point",
    "coordinates": [
     -76.507614,
     3.4416982
    ]
   },
   "properties": {
    "kind": "shelter_candidate",
    "name": "Santa Fe",
    "address": null,
    "phone": null,
    "capacity": null,
    "source": "osm",
    "source_ref": "node/2539773444",
    "source_url": "https://www.openstreetmap.org/node/2539773444"
   }
  },
  {
   "type": "Feature",
   "geometry": {
    "type": "Point",
    "coordinates": [
     -76.5258785,
     3.4368674
    ]
   },
   "properties": {
    "kind": "shelter_candidate",
    "name": "Alfredo Vasquez Cobo",
    "address": null,
    "phone": null,
    "capacity": null,
    "source": "osm",
    "source_ref": "node/2539786205",
    "source_url": "https://www.openstreetmap.org/node/2539786205"
   }
  },
  {
   "type": "Feature",
   "geometry": {
    "type": "Point",
    "coordinates": [
     -76.5297276,
     3.4244614
    ]
   },
   "properties": {
    "kind": "shelter_candidate",
    "name": "Jose Maria Carbonell",
    "address": "Calle 13 32-88",
    "phone": null,
    "capacity": null,
    "source": "osm",
    "source_ref": "node/2539954500",
    "source_url": "https://www.openstreetmap.org/node/2539954500"
   }
  },
  {
   "type": "Feature",
   "geometry": {
    "type": "Point",
    "coordinates": [
     -76.5300172,
     3.4094481
    ]
   },
   "properties": {
    "kind": "shelter_candidate",
    "name": "Jose María Vivas Balarcazar",
    "address": "Calle 14 48A-32",
    "phone": null,
    "capacity": null,
    "source": "osm",
    "source_ref": "node/2539989508",
    "source_url": "https://www.openstreetmap.org/node/2539989508"
   }
  },
  {
   "type": "Feature",
   "geometry": {
    "type": "Point",
    "coordinates": [
     -76.5200747,
     3.4203696
    ]
   },
   "properties": {
    "kind": "shelter_candidate",
    "name": "Agustin Nieto Caballero",
    "address": null,
    "phone": null,
    "capacity": null,
    "source": "osm",
    "source_ref": "node/2539994170",
    "source_url": "https://www.openstreetmap.org/node/2539994170"
   }
  },
  {
   "type": "Feature",
   "geometry": {
    "type": "Point",
    "coordinates": [
     -76.5149676,
     3.415178
    ]
   },
   "properties": {
    "kind": "shelter_candidate",
    "name": "Villa del Sur",
    "address": null,
    "phone": null,
    "capacity": null,
    "source": "osm",
    "source_ref": "node/2540306483",
    "source_url": "https://www.openstreetmap.org/node/2540306483"
   }
  },
  {
   "type": "Feature",
   "geometry": {
    "type": "Point",
    "coordinates": [
     -76.5144824,
     3.4316131
    ]
   },
   "properties": {
    "kind": "shelter_candidate",
    "name": "Ciudad de Cali",
    "address": null,
    "phone": null,
    "capacity": null,
    "source": "osm",
    "source_ref": "node/2540320475",
    "source_url": "https://www.openstreetmap.org/node/2540320475"
   }
  },
  {
   "type": "Feature",
   "geometry": {
    "type": "Point",
    "coordinates": [
     -76.5117963,
     3.4331907
    ]
   },
   "properties": {
    "kind": "shelter_candidate",
    "name": "Eva Riascos Plata",
    "address": null,
    "phone": null,
    "capacity": null,
    "source": "osm",
    "source_ref": "node/2540350813",
    "source_url": "https://www.openstreetmap.org/node/2540350813"
   }
  },
  {
   "type": "Feature",
   "geometry": {
    "type": "Point",
    "coordinates": [
     -76.5035121,
     3.4356688
    ]
   },
   "properties": {
    "kind": "shelter_candidate",
    "name": "Marice Sinisterra",
    "address": null,
    "phone": null,
    "capacity": null,
    "source": "osm",
    "source_ref": "node/2540437546",
    "source_url": "https://www.openstreetmap.org/node/2540437546"
   }
  },
  {
   "type": "Feature",
   "geometry": {
    "type": "Point",
    "coordinates": [
     -76.5165697,
     3.4292679
    ]
   },
   "properties": {
    "kind": "pharmacy",
    "name": "Drogueria el Jardin",
    "address": null,
    "phone": null,
    "capacity": null,
    "source": "osm",
    "source_ref": "node/2597212525",
    "source_url": "https://www.openstreetmap.org/node/2597212525"
   }
  },
  {
   "type": "Feature",
   "geometry": {
    "type": "Point",
    "coordinates": [
     -76.5181486,
     3.4319566
    ]
   },
   "properties": {
    "kind": "shelter_candidate",
    "name": "I.E.T.I. 10 de Mayo",
    "address": null,
    "phone": null,
    "capacity": null,
    "source": "osm",
    "source_ref": "node/2597364098",
    "source_url": "https://www.openstreetmap.org/node/2597364098"
   }
  },
  {
   "type": "Feature",
   "geometry": {
    "type": "Point",
    "coordinates": [
     -76.53295,
     3.332782
    ]
   },
   "properties": {
    "kind": "market",
    "name": "SuperInter",
    "address": null,
    "phone": null,
    "capacity": null,
    "source": "osm",
    "source_ref": "node/2606763235",
    "source_url": "https://www.openstreetmap.org/node/2606763235"
   }
  },
  {
   "type": "Feature",
   "geometry": {
    "type": "Point",
    "coordinates": [
     -76.5330003,
     3.3329059
    ]
   },
   "properties": {
    "kind": "market",
    "name": "Farmacia",
    "address": null,
    "phone": null,
    "capacity": null,
    "source": "osm",
    "source_ref": "node/2611753466",
    "source_url": "https://www.openstreetmap.org/node/2611753466"
   }
  },
  {
   "type": "Feature",
   "geometry": {
    "type": "Point",
    "coordinates": [
     -76.5754068,
     3.4558471
    ]
   },
   "properties": {
    "kind": "market",
    "name": "Tienda Las Palmas",
    "address": null,
    "phone": null,
    "capacity": null,
    "source": "osm",
    "source_ref": "node/2682726494",
    "source_url": "https://www.openstreetmap.org/node/2682726494"
   }
  },
  {
   "type": "Feature",
   "geometry": {
    "type": "Point",
    "coordinates": [
     -76.5019117,
     3.4685623
    ]
   },
   "properties": {
    "kind": "market",
    "name": "Tienda / supermercado (sin nombre)",
    "address": null,
    "phone": null,
    "capacity": null,
    "source": "osm",
    "source_ref": "node/2704439326",
    "source_url": "https://www.openstreetmap.org/node/2704439326"
   }
  },
  {
   "type": "Feature",
   "geometry": {
    "type": "Point",
    "coordinates": [
     -76.5016348,
     3.4684452
    ]
   },
   "properties": {
    "kind": "pharmacy",
    "name": "Darvida",
    "address": "Carrera 2 52-27",
    "phone": null,
    "capacity": null,
    "source": "osm",
    "source_ref": "node/2704439329",
    "source_url": "https://www.openstreetmap.org/node/2704439329"
   }
  },
  {
   "type": "Feature",
   "geometry": {
    "type": "Point",
    "coordinates": [
     -76.5013481,
     3.4719781
    ]
   },
   "properties": {
    "kind": "pharmacy",
    "name": "El Encinar",
    "address": null,
    "phone": null,
    "capacity": null,
    "source": "osm",
    "source_ref": "node/2704459196",
    "source_url": "https://www.openstreetmap.org/node/2704459196"
   }
  },
  {
   "type": "Feature",
   "geometry": {
    "type": "Point",
    "coordinates": [
     -76.5017689,
     3.4753631
    ]
   },
   "properties": {
    "kind": "market",
    "name": "Tienda / supermercado (sin nombre)",
    "address": null,
    "phone": null,
    "capacity": null,
    "source": "osm",
    "source_ref": "node/2704467083",
    "source_url": "https://www.openstreetmap.org/node/2704467083"
   }
  },
  {
   "type": "Feature",
   "geometry": {
    "type": "Point",
    "coordinates": [
     -76.5033985,
     3.4704956
    ]
   },
   "properties": {
    "kind": "market",
    "name": "Miscelania Isabela",
    "address": null,
    "phone": null,
    "capacity": null,
    "source": "osm",
    "source_ref": "node/2704491237",
    "source_url": "https://www.openstreetmap.org/node/2704491237"
   }
  },
  {
   "type": "Feature",
   "geometry": {
    "type": "Point",
    "coordinates": [
     -76.5067475,
     3.4733074
    ]
   },
   "properties": {
    "kind": "medical",
    "name": "Nueva EPS",
    "address": null,
    "phone": null,
    "capacity": null,
    "source": "osm",
    "source_ref": "node/2704543657",
    "source_url": "https://www.openstreetmap.org/node/2704543657"
   }
  },
  {
   "type": "Feature",
   "geometry": {
    "type": "Point",
    "coordinates": [
     -76.5007466,
     3.4632969
    ]
   },
   "properties": {
    "kind": "responder",
    "name": "CAI",
    "address": null,
    "phone": null,
    "capacity": null,
    "source": "osm",
    "source_ref": "node/2705590933",
    "source_url": "https://www.openstreetmap.org/node/2705590933"
   }
  },
  {
   "type": "Feature",
   "geometry": {
    "type": "Point",
    "coordinates": [
     -76.4993223,
     3.4710932
    ]
   },
   "properties": {
    "kind": "market",
    "name": "La Gran Colombia",
    "address": null,
    "phone": null,
    "capacity": null,
    "source": "osm",
    "source_ref": "node/2705590936",
    "source_url": "https://www.openstreetmap.org/node/2705590936"
   }
  },
  {
   "type": "Feature",
   "geometry": {
    "type": "Point",
    "coordinates": [
     -76.5044627,
     3.4694388
    ]
   },
   "properties": {
    "kind": "pharmacy",
    "name": "Drogueria Maximedic",
    "address": "Calle 47",
    "phone": null,
    "capacity": null,
    "source": "osm",
    "source_ref": "node/2705975103",
    "source_url": "https://www.openstreetmap.org/node/2705975103"
   }
  },
  {
   "type": "Feature",
   "geometry": {
    "type": "Point",
    "coordinates": [
     -76.5201576,
     3.4726536
    ]
   },
   "properties": {
    "kind": "medical",
    "name": "Sigma",
    "address": "Avenida 3 Norte",
    "phone": null,
    "capacity": null,
    "source": "osm",
    "source_ref": "node/2711428335",
    "source_url": "https://www.openstreetmap.org/node/2711428335"
   }
  },
  {
   "type": "Feature",
   "geometry": {
    "type": "Point",
    "coordinates": [
     -76.5305564,
     3.3662714
    ]
   },
   "properties": {
    "kind": "pharmacy",
    "name": "La Rebaja Plus - Minimarket y Droguería",
    "address": null,
    "phone": null,
    "capacity": null,
    "source": "osm",
    "source_ref": "node/2842968301",
    "source_url": "https://www.openstreetmap.org/node/2842968301"
   }
  },
  {
   "type": "Feature",
   "geometry": {
    "type": "Point",
    "coordinates": [
     -76.5531386,
     3.420636
    ]
   },
   "properties": {
    "kind": "medical",
    "name": "La regalía",
    "address": null,
    "phone": null,
    "capacity": null,
    "source": "osm",
    "source_ref": "node/2956094458",
    "source_url": "https://www.openstreetmap.org/node/2956094458"
   }
  },
  {
   "type": "Feature",
   "geometry": {
    "type": "Point",
    "coordinates": [
     -76.5300843,
     3.4647194
    ]
   },
   "properties": {
    "kind": "pharmacy",
    "name": "Drogas la Economia",
    "address": null,
    "phone": null,
    "capacity": null,
    "source": "osm",
    "source_ref": "node/3315752989",
    "source_url": "https://www.openstreetmap.org/node/3315752989"
   }
  },
  {
   "type": "Feature",
   "geometry": {
    "type": "Point",
    "coordinates": [
     -76.5435103,
     3.3769026
    ]
   },
   "properties": {
    "kind": "shelter_candidate",
    "name": "Universidad Santo Tomás",
    "address": null,
    "phone": null,
    "capacity": null,
    "source": "osm",
    "source_ref": "node/3355143319",
    "source_url": "https://www.openstreetmap.org/node/3355143319"
   }
  },
  {
   "type": "Feature",
   "geometry": {
    "type": "Point",
    "coordinates": [
     -76.5140847,
     3.4904246
    ]
   },
   "properties": {
    "kind": "responder",
    "name": "Bomberos Cali - Estación 8",
    "address": null,
    "phone": null,
    "capacity": null,
    "source": "osm",
    "source_ref": "node/3627503414",
    "source_url": "https://www.openstreetmap.org/node/3627503414"
   }
  },
  {
   "type": "Feature",
   "geometry": {
    "type": "Point",
    "coordinates": [
     -76.4841952,
     3.4266439
    ]
   },
   "properties": {
    "kind": "responder",
    "name": "Bomberos Cali - Estación 7",
    "address": null,
    "phone": null,
    "capacity": null,
    "source": "osm",
    "source_ref": "node/3627530765",
    "source_url": "https://www.openstreetmap.org/node/3627530765"
   }
  },
  {
   "type": "Feature",
   "geometry": {
    "type": "Point",
    "coordinates": [
     -76.5116463,
     3.4474592
    ]
   },
   "properties": {
    "kind": "responder",
    "name": "Benemerito Cuerpo de Bomberos Voluntarios de Cali Estacion X3 Oriental",
    "address": null,
    "phone": null,
    "capacity": null,
    "source": "osm",
    "source_ref": "node/3627530766",
    "source_url": "https://www.openstreetmap.org/node/3627530766"
   }
  },
  {
   "type": "Feature",
   "geometry": {
    "type": "Point",
    "coordinates": [
     -76.527367,
     3.4604764
    ]
   },
   "properties": {
    "kind": "responder",
    "name": "Bomberos Cali - Estación 1",
    "address": "Avenida 3 Norte",
    "phone": null,
    "capacity": null,
    "source": "osm",
    "source_ref": "node/3629405453",
    "source_url": "https://www.openstreetmap.org/node/3629405453"
   }
  },
  {
   "type": "Feature",
   "geometry": {
    "type": "Point",
    "coordinates": [
     -76.5548211,
     3.4596833
    ]
   },
   "properties": {
    "kind": "responder",
    "name": "Bomberos Cali - Estacion 6",
    "address": null,
    "phone": null,
    "capacity": null,
    "source": "osm",
    "source_ref": "node/3629501049",
    "source_url": "https://www.openstreetmap.org/node/3629501049"
   }
  },
  {
   "type": "Feature",
   "geometry": {
    "type": "Point",
    "coordinates": [
     -76.4926673,
     3.4386228
    ]
   },
   "properties": {
    "kind": "medical",
    "name": "Droguería Santa Monica",
    "address": "Carrera 26, Cali",
    "phone": null,
    "capacity": null,
    "source": "osm",
    "source_ref": "node/3677073361",
    "source_url": "https://www.openstreetmap.org/node/3677073361"
   }
  },
  {
   "type": "Feature",
   "geometry": {
    "type": "Point",
    "coordinates": [
     -76.5157597,
     3.4909564
    ]
   },
   "properties": {
    "kind": "market",
    "name": "Rapimarket el Portal",
    "address": null,
    "phone": null,
    "capacity": null,
    "source": "osm",
    "source_ref": "node/3683137492",
    "source_url": "https://www.openstreetmap.org/node/3683137492"
   }
  },
  {
   "type": "Feature",
   "geometry": {
    "type": "Point",
    "coordinates": [
     -76.5136046,
     3.4877633
    ]
   },
   "properties": {
    "kind": "market",
    "name": "Rapinorte la 58",
    "address": null,
    "phone": null,
    "capacity": null,
    "source": "osm",
    "source_ref": "node/3683150472",
    "source_url": "https://www.openstreetmap.org/node/3683150472"
   }
  },
  {
   "type": "Feature",
   "geometry": {
    "type": "Point",
    "coordinates": [
     -76.5104904,
     3.4270836
    ]
   },
   "properties": {
    "kind": "pharmacy",
    "name": "Aristides",
    "address": null,
    "phone": null,
    "capacity": null,
    "source": "osm",
    "source_ref": "node/3897259070",
    "source_url": "https://www.openstreetmap.org/node/3897259070"
   }
  },
  {
   "type": "Feature",
   "geometry": {
    "type": "Point",
    "coordinates": [
     -76.5025204,
     3.4193597
    ]
   },
   "properties": {
    "kind": "responder",
    "name": "Estación policia el Diamante",
    "address": null,
    "phone": null,
    "capacity": null,
    "source": "osm",
    "source_ref": "node/4129715691",
    "source_url": "https://www.openstreetmap.org/node/4129715691"
   }
  },
  {
   "type": "Feature",
   "geometry": {
    "type": "Point",
    "coordinates": [
     -76.5346651,
     3.4024674
    ]
   },
   "properties": {
    "kind": "responder",
    "name": "Estacion de Policia Limonar",
    "address": null,
    "phone": null,
    "capacity": null,
    "source": "osm",
    "source_ref": "node/4129763289",
    "source_url": "https://www.openstreetmap.org/node/4129763289"
   }
  },
  {
   "type": "Feature",
   "geometry": {
    "type": "Point",
    "coordinates": [
     -76.4894798,
     3.4756075
    ]
   },
   "properties": {
    "kind": "responder",
    "name": "Estación de Policía La Rivera",
    "address": "Carrera 1D",
    "phone": null,
    "capacity": null,
    "source": "osm",
    "source_ref": "node/4129788693",
    "source_url": "https://www.openstreetmap.org/node/4129788693"
   }
  },
  {
   "type": "Feature",
   "geometry": {
    "type": "Point",
    "coordinates": [
     -76.4715694,
     3.5006107
    ]
   },
   "properties": {
    "kind": "responder",
    "name": "CAI La Dolores",
    "address": null,
    "phone": null,
    "capacity": null,
    "source": "osm",
    "source_ref": "node/4143843589",
    "source_url": "https://www.openstreetmap.org/node/4143843589"
   }
  },
  {
   "type": "Feature",
   "geometry": {
    "type": "Point",
    "coordinates": [
     -76.4655422,
     3.4251288
    ]
   },
   "properties": {
    "kind": "responder",
    "name": "Estación Policía Desepaz",
    "address": null,
    "phone": null,
    "capacity": null,
    "source": "osm",
    "source_ref": "node/4164428989",
    "source_url": "https://www.openstreetmap.org/node/4164428989"
   }
  },
  {
   "type": "Feature",
   "geometry": {
    "type": "Point",
    "coordinates": [
     -76.5293435,
     3.4135787
    ]
   },
   "properties": {
    "kind": "responder",
    "name": "Estación Policía El Guabal",
    "address": "carrera 44 calle 14 B",
    "phone": null,
    "capacity": null,
    "source": "osm",
    "source_ref": "node/4164446493",
    "source_url": "https://www.openstreetmap.org/node/4164446493"
   }
  },
  {
   "type": "Feature",
   "geometry": {
    "type": "Point",
    "coordinates": [
     -76.5185206,
     3.4318707
    ]
   },
   "properties": {
    "kind": "responder",
    "name": "estacion policía aguablanca",
    "address": null,
    "phone": null,
    "capacity": null,
    "source": "osm",
    "source_ref": "node/4164448790",
    "source_url": "https://www.openstreetmap.org/node/4164448790"
   }
  },
  {
   "type": "Feature",
   "geometry": {
    "type": "Point",
    "coordinates": [
     -76.4795113,
     3.4146515
    ]
   },
   "properties": {
    "kind": "responder",
    "name": "CAI Alfonso Bonilla Aragón",
    "address": null,
    "phone": "+57 2 4220184",
    "capacity": null,
    "source": "osm",
    "source_ref": "node/4166735193",
    "source_url": "https://www.openstreetmap.org/node/4166735193"
   }
  },
  {
   "type": "Feature",
   "geometry": {
    "type": "Point",
    "coordinates": [
     -76.5195748,
     3.4078928
    ]
   },
   "properties": {
    "kind": "responder",
    "name": "Cai Villa del Sur",
    "address": null,
    "phone": "+57 2 3101237",
    "capacity": null,
    "source": "osm",
    "source_ref": "node/4166742889",
    "source_url": "https://www.openstreetmap.org/node/4166742889"
   }
  },
  {
   "type": "Feature",
   "geometry": {
    "type": "Point",
    "coordinates": [
     -76.5302928,
     3.4663107
    ]
   },
   "properties": {
    "kind": "market",
    "name": "Super Inter",
    "address": null,
    "phone": null,
    "capacity": null,
    "source": "osm",
    "source_ref": "node/4301425545",
    "source_url": "https://www.openstreetmap.org/node/4301425545"
   }
  },
  {
   "type": "Feature",
   "geometry": {
    "type": "Point",
    "coordinates": [
     -76.5303649,
     3.4655944
    ]
   },
   "properties": {
    "kind": "market",
    "name": "Tienda D1",
    "address": "Avenida 6 Norte, Cali",
    "phone": null,
    "capacity": null,
    "source": "osm",
    "source_ref": "node/4301425546",
    "source_url": "https://www.openstreetmap.org/node/4301425546"
   }
  },
  {
   "type": "Feature",
   "geometry": {
    "type": "Point",
    "coordinates": [
     -76.5276022,
     3.4608359
    ]
   },
   "properties": {
    "kind": "market",
    "name": "D1",
    "address": null,
    "phone": null,
    "capacity": null,
    "source": "osm",
    "source_ref": "node/4301425548",
    "source_url": "https://www.openstreetmap.org/node/4301425548"
   }
  },
  {
   "type": "Feature",
   "geometry": {
    "type": "Point",
    "coordinates": [
     -76.5421353,
     3.3915053
    ]
   },
   "properties": {
    "kind": "market",
    "name": "La Despensa",
    "address": null,
    "phone": null,
    "capacity": null,
    "source": "osm",
    "source_ref": "node/4341582191",
    "source_url": "https://www.openstreetmap.org/node/4341582191"
   }
  },
  {
   "type": "Feature",
   "geometry": {
    "type": "Point",
    "coordinates": [
     -76.5374115,
     3.3873989
    ]
   },
   "properties": {
    "kind": "market",
    "name": "Super Inter",
    "address": "Carrera 80",
    "phone": null,
    "capacity": null,
    "source": "osm",
    "source_ref": "node/4341624599",
    "source_url": "https://www.openstreetmap.org/node/4341624599"
   }
  },
  {
   "type": "Feature",
   "geometry": {
    "type": "Point",
    "coordinates": [
     -76.5380775,
     3.3978325
    ]
   },
   "properties": {
    "kind": "pharmacy",
    "name": "Drogueria La Rebaja",
    "address": null,
    "phone": null,
    "capacity": null,
    "source": "osm",
    "source_ref": "node/4341624600",
    "source_url": "https://www.openstreetmap.org/node/4341624600"
   }
  },
  {
   "type": "Feature",
   "geometry": {
    "type": "Point",
    "coordinates": [
     -76.5940448,
     3.3217388
    ]
   },
   "properties": {
    "kind": "shelter_candidate",
    "name": "Institución Educativa Pance sede Laureano Gomez",
    "address": null,
    "phone": null,
    "capacity": null,
    "source": "osm",
    "source_ref": "node/4374491427",
    "source_url": "https://www.openstreetmap.org/node/4374491427"
   }
  },
  {
   "type": "Feature",
   "geometry": {
    "type": "Point",
    "coordinates": [
     -76.5398684,
     3.4333883
    ]
   },
   "properties": {
    "kind": "medical",
    "name": "Impronta",
    "address": "Carrera 27 5C-20",
    "phone": null,
    "capacity": null,
    "source": "osm",
    "source_ref": "node/4392981890",
    "source_url": "https://www.openstreetmap.org/node/4392981890"
   }
  },
  {
   "type": "Feature",
   "geometry": {
    "type": "Point",
    "coordinates": [
     -76.502213,
     3.44238
    ]
   },
   "properties": {
    "kind": "medical",
    "name": "Ortapedica Gomez. Calle 44 #18-19 032-3714939",
    "address": "Calle 44 18-19",
    "phone": "+57 2 3714939",
    "capacity": null,
    "source": "osm",
    "source_ref": "node/4393028689",
    "source_url": "https://www.openstreetmap.org/node/4393028689"
   }
  },
  {
   "type": "Feature",
   "geometry": {
    "type": "Point",
    "coordinates": [
     -76.5462373,
     3.4200007
    ]
   },
   "properties": {
    "kind": "medical",
    "name": "IPS Reina Isaber. Carr 43 Cll 5b #43-12.",
    "address": "Carrera 43 5b 43-12",
    "phone": null,
    "capacity": null,
    "source": "osm",
    "source_ref": "node/4393028789",
    "source_url": "https://www.openstreetmap.org/node/4393028789"
   }
  },
  {
   "type": "Feature",
   "geometry": {
    "type": "Point",
    "coordinates": [
     -76.5407726,
     3.4307858
    ]
   },
   "properties": {
    "kind": "medical",
    "name": "Ortopédica San Carlos",
    "address": "Carrera 34 5b 1-27",
    "phone": "+57 2 5566066",
    "capacity": null,
    "source": "osm",
    "source_ref": "node/4393028889",
    "source_url": "https://www.openstreetmap.org/node/4393028889"
   }
  },
  {
   "type": "Feature",
   "geometry": {
    "type": "Point",
    "coordinates": [
     -76.541495,
     3.4233953
    ]
   },
   "properties": {
    "kind": "responder",
    "name": "Fiscalia General de la Nación",
    "address": null,
    "phone": null,
    "capacity": null,
    "source": "osm",
    "source_ref": "node/4405751043",
    "source_url": "https://www.openstreetmap.org/node/4405751043"
   }
  },
  {
   "type": "Feature",
   "geometry": {
    "type": "Point",
    "coordinates": [
     -76.5400767,
     3.3853341
    ]
   },
   "properties": {
    "kind": "market",
    "name": "Supermercados La Montaña",
    "address": "Cali",
    "phone": null,
    "capacity": null,
    "source": "osm",
    "source_ref": "node/4407009196",
    "source_url": "https://www.openstreetmap.org/node/4407009196"
   }
  },
  {
   "type": "Feature",
   "geometry": {
    "type": "Point",
    "coordinates": [
     -76.5028951,
     3.4065097
    ]
   },
   "properties": {
    "kind": "responder",
    "name": "Estación de policía de El Vallado",
    "address": null,
    "phone": null,
    "capacity": null,
    "source": "osm",
    "source_ref": "node/4407495593",
    "source_url": "https://www.openstreetmap.org/node/4407495593"
   }
  },
  {
   "type": "Feature",
   "geometry": {
    "type": "Point",
    "coordinates": [
     -76.5031983,
     3.4930268
    ]
   },
   "properties": {
    "kind": "market",
    "name": "minimarket la 74",
    "address": null,
    "phone": null,
    "capacity": null,
    "source": "osm",
    "source_ref": "node/4408451012",
    "source_url": "https://www.openstreetmap.org/node/4408451012"
   }
  },
  {
   "type": "Feature",
   "geometry": {
    "type": "Point",
    "coordinates": [
     -76.503305,
     3.493064
    ]
   },
   "properties": {
    "kind": "market",
    "name": "Supermercado Brisas de Los Alamos",
    "address": null,
    "phone": null,
    "capacity": null,
    "source": "osm",
    "source_ref": "node/4408956590",
    "source_url": "https://www.openstreetmap.org/node/4408956590"
   }
  },
  {
   "type": "Feature",
   "geometry": {
    "type": "Point",
    "coordinates": [
     -76.4894875,
     3.4800538
    ]
   },
   "properties": {
    "kind": "market",
    "name": "Granero nuevo dia",
    "address": null,
    "phone": null,
    "capacity": null,
    "source": "osm",
    "source_ref": "node/4408967694",
    "source_url": "https://www.openstreetmap.org/node/4408967694"
   }
  },
  {
   "type": "Feature",
   "geometry": {
    "type": "Point",
    "coordinates": [
     -76.4894863,
     3.4798444
    ]
   },
   "properties": {
    "kind": "market",
    "name": "Tienda El paisa",
    "address": null,
    "phone": null,
    "capacity": null,
    "source": "osm",
    "source_ref": "node/4408967695",
    "source_url": "https://www.openstreetmap.org/node/4408967695"
   }
  },
  {
   "type": "Feature",
   "geometry": {
    "type": "Point",
    "coordinates": [
     -76.4906297,
     3.4761641
    ]
   },
   "properties": {
    "kind": "market",
    "name": "Supermercado La Ganguita",
    "address": null,
    "phone": null,
    "capacity": null,
    "source": "osm",
    "source_ref": "node/4408967696",
    "source_url": "https://www.openstreetmap.org/node/4408967696"
   }
  },
  {
   "type": "Feature",
   "geometry": {
    "type": "Point",
    "coordinates": [
     -76.4908411,
     3.4757143
    ]
   },
   "properties": {
    "kind": "market",
    "name": "Tienda alkala",
    "address": null,
    "phone": null,
    "capacity": null,
    "source": "osm",
    "source_ref": "node/4408967697",
    "source_url": "https://www.openstreetmap.org/node/4408967697"
   }
  },
  {
   "type": "Feature",
   "geometry": {
    "type": "Point",
    "coordinates": [
     -76.5037954,
     3.4924519
    ]
   },
   "properties": {
    "kind": "market",
    "name": "Rapitienda Valencia",
    "address": null,
    "phone": null,
    "capacity": null,
    "source": "osm",
    "source_ref": "node/4408967895",
    "source_url": "https://www.openstreetmap.org/node/4408967895"
   }
  },
  {
   "type": "Feature",
   "geometry": {
    "type": "Point",
    "coordinates": [
     -76.5002251,
     3.4808764
    ]
   },
   "properties": {
    "kind": "market",
    "name": "SUPERMERCADO AHORRAMAS # 2",
    "address": null,
    "phone": null,
    "capacity": null,
    "source": "osm",
    "source_ref": "node/4408967897",
    "source_url": "https://www.openstreetmap.org/node/4408967897"
   }
  },
  {
   "type": "Feature",
   "geometry": {
    "type": "Point",
    "coordinates": [
     -76.4912406,
     3.4816009
    ]
   },
   "properties": {
    "kind": "market",
    "name": "Super Mercado El Escamoso",
    "address": null,
    "phone": null,
    "capacity": null,
    "source": "osm",
    "source_ref": "node/4408967898",
    "source_url": "https://www.openstreetmap.org/node/4408967898"
   }
  },
  {
   "type": "Feature",
   "geometry": {
    "type": "Point",
    "coordinates": [
     -76.4937358,
     3.4818574
    ]
   },
   "properties": {
    "kind": "market",
    "name": "minimarket",
    "address": null,
    "phone": null,
    "capacity": null,
    "source": "osm",
    "source_ref": "node/4408967994",
    "source_url": "https://www.openstreetmap.org/node/4408967994"
   }
  },
  {
   "type": "Feature",
   "geometry": {
    "type": "Point",
    "coordinates": [
     -76.5013258,
     3.494732
    ]
   },
   "properties": {
    "kind": "market",
    "name": "autoplaza antioqueña",
    "address": null,
    "phone": null,
    "capacity": null,
    "source": "osm",
    "source_ref": "node/4408977593",
    "source_url": "https://www.openstreetmap.org/node/4408977593"
   }
  },
  {
   "type": "Feature",
   "geometry": {
    "type": "Point",
    "coordinates": [
     -76.4962991,
     3.4821566
    ]
   },
   "properties": {
    "kind": "market",
    "name": "Tienda portalito del cielo",
    "address": null,
    "phone": null,
    "capacity": null,
    "source": "osm",
    "source_ref": "node/4408992190",
    "source_url": "https://www.openstreetmap.org/node/4408992190"
   }
  },
  {
   "type": "Feature",
   "geometry": {
    "type": "Point",
    "coordinates": [
     -76.4945717,
     3.4826861
    ]
   },
   "properties": {
    "kind": "market",
    "name": "megalider",
    "address": null,
    "phone": null,
    "capacity": null,
    "source": "osm",
    "source_ref": "node/4408994090",
    "source_url": "https://www.openstreetmap.org/node/4408994090"
   }
  },
  {
   "type": "Feature",
   "geometry": {
    "type": "Point",
    "coordinates": [
     -76.5003036,
     3.4952055
    ]
   },
   "properties": {
    "kind": "market",
    "name": "Supermercado Superlider Aliado",
    "address": null,
    "phone": null,
    "capacity": null,
    "source": "osm",
    "source_ref": "node/4408995389",
    "source_url": "https://www.openstreetmap.org/node/4408995389"
   }
  },
  {
   "type": "Feature",
   "geometry": {
    "type": "Point",
    "coordinates": [
     -76.5012887,
     3.4947471
    ]
   },
   "properties": {
    "kind": "market",
    "name": "Supermercado Megalider",
    "address": null,
    "phone": null,
    "capacity": null,
    "source": "osm",
    "source_ref": "node/4408995390",
    "source_url": "https://www.openstreetmap.org/node/4408995390"
   }
  },
  {
   "type": "Feature",
   "geometry": {
    "type": "Point",
    "coordinates": [
     -76.4941511,
     3.4845902
    ]
   },
   "properties": {
    "kind": "market",
    "name": "Tienda paraíso de comfandi",
    "address": null,
    "phone": null,
    "capacity": null,
    "source": "osm",
    "source_ref": "node/4408995391",
    "source_url": "https://www.openstreetmap.org/node/4408995391"
   }
  },
  {
   "type": "Feature",
   "geometry": {
    "type": "Point",
    "coordinates": [
     -76.5018297,
     3.4948
    ]
   },
   "properties": {
    "kind": "market",
    "name": "Licores Brisas de Los Alamos",
    "address": null,
    "phone": null,
    "capacity": null,
    "source": "osm",
    "source_ref": "node/4408995489",
    "source_url": "https://www.openstreetmap.org/node/4408995489"
   }
  },
  {
   "type": "Feature",
   "geometry": {
    "type": "Point",
    "coordinates": [
     -76.5343983,
     3.4483237
    ]
   },
   "properties": {
    "kind": "market",
    "name": "Comfandi",
    "address": null,
    "phone": null,
    "capacity": null,
    "source": "osm",
    "source_ref": "node/4409768392",
    "source_url": "https://www.openstreetmap.org/node/4409768392"
   }
  },
  {
   "type": "Feature",
   "geometry": {
    "type": "Point",
    "coordinates": [
     -76.4799749,
     3.458958
    ]
   },
   "properties": {
    "kind": "shelter_candidate",
    "name": "Colegio Santa Isabel de Hungría - Alfonso López",
    "address": null,
    "phone": null,
    "capacity": null,
    "source": "osm",
    "source_ref": "node/4416272705",
    "source_url": "https://www.openstreetmap.org/node/4416272705"
   }
  },
  {
   "type": "Feature",
   "geometry": {
    "type": "Point",
    "coordinates": [
     -76.5249679,
     3.4721377
    ]
   },
   "properties": {
    "kind": "shelter_candidate",
    "name": "Institucion CENAL",
    "address": null,
    "phone": null,
    "capacity": null,
    "source": "osm",
    "source_ref": "node/4416285696",
    "source_url": "https://www.openstreetmap.org/node/4416285696"
   }
  },
  {
   "type": "Feature",
   "geometry": {
    "type": "Point",
    "coordinates": [
     -76.4798474,
     3.4591774
    ]
   },
   "properties": {
    "kind": "shelter_candidate",
    "name": "Colegio SIH Alfonso López",
    "address": null,
    "phone": null,
    "capacity": null,
    "source": "osm",
    "source_ref": "node/4423858590",
    "source_url": "https://www.openstreetmap.org/node/4423858590"
   }
  },
  {
   "type": "Feature",
   "geometry": {
    "type": "Point",
    "coordinates": [
     -76.5292154,
     3.4684085
    ]
   },
   "properties": {
    "kind": "medical",
    "name": "IPS CafeSalud",
    "address": null,
    "phone": null,
    "capacity": null,
    "source": "osm",
    "source_ref": "node/4426961389",
    "source_url": "https://www.openstreetmap.org/node/4426961389"
   }
  },
  {
   "type": "Feature",
   "geometry": {
    "type": "Point",
    "coordinates": [
     -76.5186982,
     3.4179817
    ]
   },
   "properties": {
    "kind": "shelter_candidate",
    "name": "Colegio Boyacá sede La Independencia",
    "address": null,
    "phone": null,
    "capacity": null,
    "source": "osm",
    "source_ref": "node/4427826399",
    "source_url": "https://www.openstreetmap.org/node/4427826399"
   }
  },
  {
   "type": "Feature",
   "geometry": {
    "type": "Point",
    "coordinates": [
     -76.5310179,
     3.4707037
    ]
   },
   "properties": {
    "kind": "shelter_candidate",
    "name": "Centro Colombiano de Dibujó",
    "address": "Calle 27N 6BN-50",
    "phone": null,
    "capacity": null,
    "source": "osm",
    "source_ref": "node/4427946391",
    "source_url": "https://www.openstreetmap.org/node/4427946391"
   }
  },
  {
   "type": "Feature",
   "geometry": {
    "type": "Point",
    "coordinates": [
     -76.5099094,
     3.4516857
    ]
   },
   "properties": {
    "kind": "shelter_candidate",
    "name": "Colegio Mayor Santiago de Cali - Troncal",
    "address": "Calle 35 19-20",
    "phone": null,
    "capacity": null,
    "source": "osm",
    "source_ref": "node/4435449591",
    "source_url": "https://www.openstreetmap.org/node/4435449591"
   }
  },
  {
   "type": "Feature",
   "geometry": {
    "type": "Point",
    "coordinates": [
     -76.4798646,
     3.459132
    ]
   },
   "properties": {
    "kind": "shelter_candidate",
    "name": "Colegio SIH sede Alfonso López",
    "address": "Carrera 7HBis 75-25",
    "phone": null,
    "capacity": null,
    "source": "osm",
    "source_ref": "node/4435465892",
    "source_url": "https://www.openstreetmap.org/node/4435465892"
   }
  },
  {
   "type": "Feature",
   "geometry": {
    "type": "Point",
    "coordinates": [
     -76.4847151,
     3.4871775
    ]
   },
   "properties": {
    "kind": "pharmacy",
    "name": "Drogas Calimio",
    "address": "Carrera 1A5BIS 73A-58",
    "phone": null,
    "capacity": null,
    "source": "osm",
    "source_ref": "node/4435470390",
    "source_url": "https://www.openstreetmap.org/node/4435470390"
   }
  },
  {
   "type": "Feature",
   "geometry": {
    "type": "Point",
    "coordinates": [
     -76.4680736,
     3.4143042
    ]
   },
   "properties": {
    "kind": "shelter_candidate",
    "name": "Colegio SIH Calimio Desepaz",
    "address": "Calle 123 26M3-01",
    "phone": "+57 2 4051829",
    "capacity": null,
    "source": "osm",
    "source_ref": "node/4435470490",
    "source_url": "https://www.openstreetmap.org/node/4435470490"
   }
  },
  {
   "type": "Feature",
   "geometry": {
    "type": "Point",
    "coordinates": [
     -76.4800564,
     3.4557319
    ]
   },
   "properties": {
    "kind": "shelter_candidate",
    "name": "Colegio Santa Isabel de Hungría - Escuela Taller",
    "address": "Carrera 7P 76-00",
    "phone": null,
    "capacity": null,
    "source": "osm",
    "source_ref": "node/4435483790",
    "source_url": "https://www.openstreetmap.org/node/4435483790"
   }
  },
  {
   "type": "Feature",
   "geometry": {
    "type": "Point",
    "coordinates": [
     -76.4700753,
     3.4309513
    ]
   },
   "properties": {
    "kind": "shelter_candidate",
    "name": "Colegio Compartir",
    "address": "Carrera 25a 89A-16",
    "phone": null,
    "capacity": null,
    "source": "osm",
    "source_ref": "node/4435483889",
    "source_url": "https://www.openstreetmap.org/node/4435483889"
   }
  },
  {
   "type": "Feature",
   "geometry": {
    "type": "Point",
    "coordinates": [
     -76.5025362,
     3.4938267
    ]
   },
   "properties": {
    "kind": "market",
    "name": "autoplaza antioqueña",
    "address": null,
    "phone": null,
    "capacity": null,
    "source": "osm",
    "source_ref": "node/4444649093",
    "source_url": "https://www.openstreetmap.org/node/4444649093"
   }
  },
  {
   "type": "Feature",
   "geometry": {
    "type": "Point",
    "coordinates": [
     -76.4869985,
     3.4878133
    ]
   },
   "properties": {
    "kind": "market",
    "name": "Supermercado Mercamaximo",
    "address": null,
    "phone": null,
    "capacity": null,
    "source": "osm",
    "source_ref": "node/4444670692",
    "source_url": "https://www.openstreetmap.org/node/4444670692"
   }
  },
  {
   "type": "Feature",
   "geometry": {
    "type": "Point",
    "coordinates": [
     -76.4937196,
     3.4835507
    ]
   },
   "properties": {
    "kind": "market",
    "name": "Supermercado El Regalazo",
    "address": null,
    "phone": null,
    "capacity": null,
    "source": "osm",
    "source_ref": "node/4444702790",
    "source_url": "https://www.openstreetmap.org/node/4444702790"
   }
  },
  {
   "type": "Feature",
   "geometry": {
    "type": "Point",
    "coordinates": [
     -76.5014964,
     3.4849514
    ]
   },
   "properties": {
    "kind": "market",
    "name": "autoserv. calima",
    "address": null,
    "phone": null,
    "capacity": null,
    "source": "osm",
    "source_ref": "node/4444731391",
    "source_url": "https://www.openstreetmap.org/node/4444731391"
   }
  },
  {
   "type": "Feature",
   "geometry": {
    "type": "Point",
    "coordinates": [
     -76.4969725,
     3.4792908
    ]
   },
   "properties": {
    "kind": "market",
    "name": "Tienda granadino 2",
    "address": null,
    "phone": null,
    "capacity": null,
    "source": "osm",
    "source_ref": "node/4444731393",
    "source_url": "https://www.openstreetmap.org/node/4444731393"
   }
  },
  {
   "type": "Feature",
   "geometry": {
    "type": "Point",
    "coordinates": [
     -76.5020412,
     3.4867146
    ]
   },
   "properties": {
    "kind": "market",
    "name": "Granero el consumo",
    "address": null,
    "phone": null,
    "capacity": null,
    "source": "osm",
    "source_ref": "node/4444735389",
    "source_url": "https://www.openstreetmap.org/node/4444735389"
   }
  },
  {
   "type": "Feature",
   "geometry": {
    "type": "Point",
    "coordinates": [
     -76.4967708,
     3.4792552
    ]
   },
   "properties": {
    "kind": "market",
    "name": "Quesera Chiminangos",
    "address": null,
    "phone": null,
    "capacity": null,
    "source": "osm",
    "source_ref": "node/4444735889",
    "source_url": "https://www.openstreetmap.org/node/4444735889"
   }
  },
  {
   "type": "Feature",
   "geometry": {
    "type": "Point",
    "coordinates": [
     -76.4860686,
     3.4797021
    ]
   },
   "properties": {
    "kind": "market",
    "name": "Tienda la valencia",
    "address": null,
    "phone": null,
    "capacity": null,
    "source": "osm",
    "source_ref": "node/4444736189",
    "source_url": "https://www.openstreetmap.org/node/4444736189"
   }
  },
  {
   "type": "Feature",
   "geometry": {
    "type": "Point",
    "coordinates": [
     -76.4864912,
     3.4834453
    ]
   },
   "properties": {
    "kind": "market",
    "name": "Supermercado El Baratin",
    "address": null,
    "phone": null,
    "capacity": null,
    "source": "osm",
    "source_ref": "node/4444736389",
    "source_url": "https://www.openstreetmap.org/node/4444736389"
   }
  },
  {
   "type": "Feature",
   "geometry": {
    "type": "Point",
    "coordinates": [
     -76.4836909,
     3.4848688
    ]
   },
   "properties": {
    "kind": "market",
    "name": "Supermercado Mi Casa",
    "address": null,
    "phone": null,
    "capacity": null,
    "source": "osm",
    "source_ref": "node/4444736489",
    "source_url": "https://www.openstreetmap.org/node/4444736489"
   }
  },
  {
   "type": "Feature",
   "geometry": {
    "type": "Point",
    "coordinates": [
     -76.4981953,
     3.4876712
    ]
   },
   "properties": {
    "kind": "market",
    "name": "Tienda kiosko de madera",
    "address": null,
    "phone": null,
    "capacity": null,
    "source": "osm",
    "source_ref": "node/4444736889",
    "source_url": "https://www.openstreetmap.org/node/4444736889"
   }
  },
  {
   "type": "Feature",
   "geometry": {
    "type": "Point",
    "coordinates": [
     -76.4997963,
     3.4891092
    ]
   },
   "properties": {
    "kind": "market",
    "name": "Granero el esquinazo",
    "address": null,
    "phone": null,
    "capacity": null,
    "source": "osm",
    "source_ref": "node/4444736989",
    "source_url": "https://www.openstreetmap.org/node/4444736989"
   }
  },
  {
   "type": "Feature",
   "geometry": {
    "type": "Point",
    "coordinates": [
     -76.5429329,
     3.4507973
    ]
   },
   "properties": {
    "kind": "market",
    "name": "Pepe Ganga Av Colombia",
    "address": "Carrera 1 3-05",
    "phone": null,
    "capacity": null,
    "source": "osm",
    "source_ref": "node/4475433133",
    "source_url": "https://www.openstreetmap.org/node/4475433133"
   }
  },
  {
   "type": "Feature",
   "geometry": {
    "type": "Point",
    "coordinates": [
     -76.4835355,
     3.4843755
    ]
   },
   "properties": {
    "kind": "pharmacy",
    "name": "Droguería Madrid",
    "address": "Carrera 1A10 76-05",
    "phone": "+57 2 3713322",
    "capacity": null,
    "source": "osm",
    "source_ref": "node/4527326589",
    "source_url": "https://www.openstreetmap.org/node/4527326589"
   }
  },
  {
   "type": "Feature",
   "geometry": {
    "type": "Point",
    "coordinates": [
     -76.510686,
     3.4755118
    ]
   },
   "properties": {
    "kind": "market",
    "name": "MacroAbastos La 7ma",
    "address": null,
    "phone": "+57 2 4470149",
    "capacity": null,
    "source": "osm",
    "source_ref": "node/4535064890",
    "source_url": "https://www.openstreetmap.org/node/4535064890"
   }
  },
  {
   "type": "Feature",
   "geometry": {
    "type": "Point",
    "coordinates": [
     -76.4844783,
     3.4864471
    ]
   },
   "properties": {
    "kind": "pharmacy",
    "name": "Droguería VidSalud",
    "address": null,
    "phone": "+57 3173842266",
    "capacity": null,
    "source": "osm",
    "source_ref": "node/4540274291",
    "source_url": "https://www.openstreetmap.org/node/4540274291"
   }
  },
  {
   "type": "Feature",
   "geometry": {
    "type": "Point",
    "coordinates": [
     -76.5034329,
     3.4273332
    ]
   },
   "properties": {
    "kind": "shelter_candidate",
    "name": "Unidad Recreativa Doce de Octubre",
    "address": null,
    "phone": null,
    "capacity": null,
    "source": "osm",
    "source_ref": "node/4553119290",
    "source_url": "https://www.openstreetmap.org/node/4553119290"
   }
  },
  {
   "type": "Feature",
   "geometry": {
    "type": "Point",
    "coordinates": [
     -76.5434012,
     3.4406361
    ]
   },
   "properties": {
    "kind": "market",
    "name": "Supermercado La Gran Colombia",
    "address": "Carrera 24C 2-197 Oeste, Cali",
    "phone": null,
    "capacity": null,
    "source": "osm",
    "source_ref": "node/4577854922",
    "source_url": "https://www.openstreetmap.org/node/4577854922"
   }
  },
  {
   "type": "Feature",
   "geometry": {
    "type": "Point",
    "coordinates": [
     -76.5770456,
     3.4971057
    ]
   },
   "properties": {
    "kind": "market",
    "name": "Tienda Mixta El Descanso",
    "address": null,
    "phone": null,
    "capacity": null,
    "source": "osm",
    "source_ref": "node/4588308591",
    "source_url": "https://www.openstreetmap.org/node/4588308591"
   }
  },
  {
   "type": "Feature",
   "geometry": {
    "type": "Point",
    "coordinates": [
     -76.4905743,
     3.4800005
    ]
   },
   "properties": {
    "kind": "shelter_candidate",
    "name": "Sede comunal barrio Metropolitano del Norte",
    "address": "Carrera 1A 12",
    "phone": null,
    "capacity": null,
    "source": "osm",
    "source_ref": "node/4596986893",
    "source_url": "https://www.openstreetmap.org/node/4596986893"
   }
  },
  {
   "type": "Feature",
   "geometry": {
    "type": "Point",
    "coordinates": [
     -76.5324374,
     3.4000352
    ]
   },
   "properties": {
    "kind": "market",
    "name": "Tienda Duno",
    "address": null,
    "phone": null,
    "capacity": null,
    "source": "osm",
    "source_ref": "node/4599610600",
    "source_url": "https://www.openstreetmap.org/node/4599610600"
   }
  },
  {
   "type": "Feature",
   "geometry": {
    "type": "Point",
    "coordinates": [
     -76.5184154,
     3.4935759
    ]
   },
   "properties": {
    "kind": "market",
    "name": "Super inter",
    "address": null,
    "phone": null,
    "capacity": null,
    "source": "osm",
    "source_ref": "node/4621470791",
    "source_url": "https://www.openstreetmap.org/node/4621470791"
   }
  },
  {
   "type": "Feature",
   "geometry": {
    "type": "Point",
    "coordinates": [
     -76.5279302,
     3.4640452
    ]
   },
   "properties": {
    "kind": "pharmacy",
    "name": "Droguerías y Farmacias Cruz Verde SAS",
    "address": null,
    "phone": null,
    "capacity": null,
    "source": "osm",
    "source_ref": "node/4627568090",
    "source_url": "https://www.openstreetmap.org/node/4627568090"
   }
  },
  {
   "type": "Feature",
   "geometry": {
    "type": "Point",
    "coordinates": [
     -76.5275675,
     3.4655289
    ]
   },
   "properties": {
    "kind": "medical",
    "name": "Droguerías Farmacenter Occidente",
    "address": "Calle 23DN # 5AN-08",
    "phone": "+57 2 6613903",
    "capacity": null,
    "source": "osm",
    "source_ref": "node/4632009197",
    "source_url": "https://www.openstreetmap.org/node/4632009197"
   }
  },
  {
   "type": "Feature",
   "geometry": {
    "type": "Point",
    "coordinates": [
     -76.5442046,
     3.4342888
    ]
   },
   "properties": {
    "kind": "market",
    "name": "Super Inter San Fernando",
    "address": null,
    "phone": null,
    "capacity": null,
    "source": "osm",
    "source_ref": "node/4664876142",
    "source_url": "https://www.openstreetmap.org/node/4664876142"
   }
  },
  {
   "type": "Feature",
   "geometry": {
    "type": "Point",
    "coordinates": [
     -76.5021159,
     3.403701
    ]
   },
   "properties": {
    "kind": "responder",
    "name": "Bomberos Cali - Estacion 10",
    "address": null,
    "phone": null,
    "capacity": null,
    "source": "osm",
    "source_ref": "node/4675784791",
    "source_url": "https://www.openstreetmap.org/node/4675784791"
   }
  },
  {
   "type": "Feature",
   "geometry": {
    "type": "Point",
    "coordinates": [
     -76.5547715,
     3.4596247
    ]
   },
   "properties": {
    "kind": "shelter_candidate",
    "name": "Escuela Interamericana de Bomberos",
    "address": null,
    "phone": null,
    "capacity": null,
    "source": "osm",
    "source_ref": "node/4675798190",
    "source_url": "https://www.openstreetmap.org/node/4675798190"
   }
  },
  {
   "type": "Feature",
   "geometry": {
    "type": "Point",
    "coordinates": [
     -76.5444658,
     3.4199988
    ]
   },
   "properties": {
    "kind": "medical",
    "name": "Drogueria solinsa tequendama",
    "address": null,
    "phone": null,
    "capacity": null,
    "source": "osm",
    "source_ref": "node/4691321092",
    "source_url": "https://www.openstreetmap.org/node/4691321092"
   }
  },
  {
   "type": "Feature",
   "geometry": {
    "type": "Point",
    "coordinates": [
     -76.5266009,
     3.336366
    ]
   },
   "properties": {
    "kind": "medical",
    "name": "Fidesavid",
    "address": "Carrera 126B Cra 126 22-100",
    "phone": null,
    "capacity": null,
    "source": "osm",
    "source_ref": "node/4697613706",
    "source_url": "https://www.openstreetmap.org/node/4697613706"
   }
  },
  {
   "type": "Feature",
   "geometry": {
    "type": "Point",
    "coordinates": [
     -76.5340509,
     3.4595468
    ]
   },
   "properties": {
    "kind": "market",
    "name": "Tienda / supermercado (sin nombre)",
    "address": null,
    "phone": null,
    "capacity": null,
    "source": "osm",
    "source_ref": "node/4750562626",
    "source_url": "https://www.openstreetmap.org/node/4750562626"
   }
  },
  {
   "type": "Feature",
   "geometry": {
    "type": "Point",
    "coordinates": [
     -76.5339732,
     3.4610626
    ]
   },
   "properties": {
    "kind": "market",
    "name": "Tienda / supermercado (sin nombre)",
    "address": null,
    "phone": null,
    "capacity": null,
    "source": "osm",
    "source_ref": "node/4751028121",
    "source_url": "https://www.openstreetmap.org/node/4751028121"
   }
  },
  {
   "type": "Feature",
   "geometry": {
    "type": "Point",
    "coordinates": [
     -76.5526085,
     3.4842343
    ]
   },
   "properties": {
    "kind": "medical",
    "name": "Centro de salud Montebello",
    "address": "Avenida 42 oeste 10-24",
    "phone": null,
    "capacity": null,
    "source": "osm",
    "source_ref": "node/4770055621",
    "source_url": "https://www.openstreetmap.org/node/4770055621"
   }
  },
  {
   "type": "Feature",
   "geometry": {
    "type": "Point",
    "coordinates": [
     -76.5378283,
     3.4472674
    ]
   },
   "properties": {
    "kind": "shelter_candidate",
    "name": "Salsa Pura",
    "address": "Calle 4 6-61",
    "phone": null,
    "capacity": null,
    "source": "osm",
    "source_ref": "node/4790894322",
    "source_url": "https://www.openstreetmap.org/node/4790894322"
   }
  },
  {
   "type": "Feature",
   "geometry": {
    "type": "Point",
    "coordinates": [
     -76.5003601,
     3.4103407
    ]
   },
   "properties": {
    "kind": "medical",
    "name": "puusto de salud el Retiro",
    "address": null,
    "phone": null,
    "capacity": null,
    "source": "osm",
    "source_ref": "node/4794359492",
    "source_url": "https://www.openstreetmap.org/node/4794359492"
   }
  },
  {
   "type": "Feature",
   "geometry": {
    "type": "Point",
    "coordinates": [
     -76.4979757,
     3.4104311
    ]
   },
   "properties": {
    "kind": "shelter_candidate",
    "name": "Colegio Señor de los Milagros",
    "address": null,
    "phone": null,
    "capacity": null,
    "source": "osm",
    "source_ref": "node/4794359494",
    "source_url": "https://www.openstreetmap.org/node/4794359494"
   }
  },
  {
   "type": "Feature",
   "geometry": {
    "type": "Point",
    "coordinates": [
     -76.5300876,
     3.4658099
    ]
   },
   "properties": {
    "kind": "medical",
    "name": "Droguería",
    "address": "Avenida 6N",
    "phone": null,
    "capacity": null,
    "source": "osm",
    "source_ref": "node/4888245522",
    "source_url": "https://www.openstreetmap.org/node/4888245522"
   }
  },
  {
   "type": "Feature",
   "geometry": {
    "type": "Point",
    "coordinates": [
     -76.5370156,
     3.4519649
    ]
   },
   "properties": {
    "kind": "market",
    "name": "D1",
    "address": null,
    "phone": null,
    "capacity": null,
    "source": "osm",
    "source_ref": "node/4889877321",
    "source_url": "https://www.openstreetmap.org/node/4889877321"
   }
  },
  {
   "type": "Feature",
   "geometry": {
    "type": "Point",
    "coordinates": [
     -76.5379267,
     3.4290454
    ]
   },
   "properties": {
    "kind": "shelter_candidate",
    "name": "Escuela de Baile \"Swing Latino\"",
    "address": null,
    "phone": null,
    "capacity": null,
    "source": "osm",
    "source_ref": "node/4920844632",
    "source_url": "https://www.openstreetmap.org/node/4920844632"
   }
  },
  {
   "type": "Feature",
   "geometry": {
    "type": "Point",
    "coordinates": [
     -76.5052358,
     3.5015175
    ]
   },
   "properties": {
    "kind": "market",
    "name": "Tiger market. Green sas acopy",
    "address": "Calle 15 35-147 acopy",
    "phone": null,
    "capacity": null,
    "source": "osm",
    "source_ref": "node/4956860222",
    "source_url": "https://www.openstreetmap.org/node/4956860222"
   }
  },
  {
   "type": "Feature",
   "geometry": {
    "type": "Point",
    "coordinates": [
     -76.4961123,
     3.4698805
    ]
   },
   "properties": {
    "kind": "shelter_candidate",
    "name": "Colegio El Principito Los Andes",
    "address": "Carrera 2 58-90",
    "phone": "+57 2 4477462",
    "capacity": null,
    "source": "osm",
    "source_ref": "node/4980951127",
    "source_url": "https://www.openstreetmap.org/node/4980951127"
   }
  },
  {
   "type": "Feature",
   "geometry": {
    "type": "Point",
    "coordinates": [
     -76.4960074,
     3.4695019
    ]
   },
   "properties": {
    "kind": "shelter_candidate",
    "name": "Colegio El Principito Los Andes",
    "address": "Carrera 2A 58-93",
    "phone": "+57 2 3174872580",
    "capacity": null,
    "source": "osm",
    "source_ref": "node/4980951128",
    "source_url": "https://www.openstreetmap.org/node/4980951128"
   }
  },
  {
   "type": "Feature",
   "geometry": {
    "type": "Point",
    "coordinates": [
     -76.5436989,
     3.4198675
    ]
   },
   "properties": {
    "kind": "medical",
    "name": "Junta de invalidez",
    "address": "Calle 5E 42-44",
    "phone": null,
    "capacity": null,
    "source": "osm",
    "source_ref": "node/4992595522",
    "source_url": "https://www.openstreetmap.org/node/4992595522"
   }
  },
  {
   "type": "Feature",
   "geometry": {
    "type": "Point",
    "coordinates": [
     -76.5440867,
     3.4267317
    ]
   },
   "properties": {
    "kind": "medical",
    "name": "Clínica MED",
    "address": "Carrera 38",
    "phone": "+57 2 4880909",
    "capacity": null,
    "source": "osm",
    "source_ref": "node/5005666221",
    "source_url": "https://www.openstreetmap.org/node/5005666221"
   }
  },
  {
   "type": "Feature",
   "geometry": {
    "type": "Point",
    "coordinates": [
     -76.5440094,
     3.4371258
    ]
   },
   "properties": {
    "kind": "medical",
    "name": "Clínica O'byrne",
    "address": "Carrera 26 2-38",
    "phone": null,
    "capacity": null,
    "source": "osm",
    "source_ref": "node/5030748723",
    "source_url": "https://www.openstreetmap.org/node/5030748723"
   }
  },
  {
   "type": "Feature",
   "geometry": {
    "type": "Point",
    "coordinates": [
     -76.5033952,
     3.4846471
    ]
   },
   "properties": {
    "kind": "market",
    "name": "Tienda brisas del rio",
    "address": null,
    "phone": null,
    "capacity": null,
    "source": "osm",
    "source_ref": "node/5083766424",
    "source_url": "https://www.openstreetmap.org/node/5083766424"
   }
  },
  {
   "type": "Feature",
   "geometry": {
    "type": "Point",
    "coordinates": [
     -76.5038653,
     3.4823581
    ]
   },
   "properties": {
    "kind": "market",
    "name": "Minimarket la viña",
    "address": null,
    "phone": null,
    "capacity": null,
    "source": "osm",
    "source_ref": "node/5083766425",
    "source_url": "https://www.openstreetmap.org/node/5083766425"
   }
  },
  {
   "type": "Feature",
   "geometry": {
    "type": "Point",
    "coordinates": [
     -76.5021685,
     3.4864328
    ]
   },
   "properties": {
    "kind": "market",
    "name": "Rapitienda el oasis",
    "address": null,
    "phone": null,
    "capacity": null,
    "source": "osm",
    "source_ref": "node/5083809123",
    "source_url": "https://www.openstreetmap.org/node/5083809123"
   }
  },
  {
   "type": "Feature",
   "geometry": {
    "type": "Point",
    "coordinates": [
     -76.5235064,
     3.452358
    ]
   },
   "properties": {
    "kind": "market",
    "name": "Comfandi",
    "address": "Calle 21",
    "phone": null,
    "capacity": null,
    "source": "osm",
    "source_ref": "node/5105867721",
    "source_url": "https://www.openstreetmap.org/node/5105867721"
   }
  },
  {
   "type": "Feature",
   "geometry": {
    "type": "Point",
    "coordinates": [
     -76.500544,
     3.4957936
    ]
   },
   "properties": {
    "kind": "market",
    "name": "Supertienda",
    "address": null,
    "phone": null,
    "capacity": null,
    "source": "osm",
    "source_ref": "node/5177146727",
    "source_url": "https://www.openstreetmap.org/node/5177146727"
   }
  },
  {
   "type": "Feature",
   "geometry": {
    "type": "Point",
    "coordinates": [
     -76.5034429,
     3.4947765
    ]
   },
   "properties": {
    "kind": "market",
    "name": "Tienda los morichales",
    "address": null,
    "phone": null,
    "capacity": null,
    "source": "osm",
    "source_ref": "node/5177173527",
    "source_url": "https://www.openstreetmap.org/node/5177173527"
   }
  },
  {
   "type": "Feature",
   "geometry": {
    "type": "Point",
    "coordinates": [
     -76.4915176,
     3.4881247
    ]
   },
   "properties": {
    "kind": "market",
    "name": "Tienda el empalme",
    "address": null,
    "phone": null,
    "capacity": null,
    "source": "osm",
    "source_ref": "node/5177174923",
    "source_url": "https://www.openstreetmap.org/node/5177174923"
   }
  },
  {
   "type": "Feature",
   "geometry": {
    "type": "Point",
    "coordinates": [
     -76.4902246,
     3.485086
    ]
   },
   "properties": {
    "kind": "market",
    "name": "Tienda mixta los alcazares",
    "address": null,
    "phone": null,
    "capacity": null,
    "source": "osm",
    "source_ref": "node/5177174924",
    "source_url": "https://www.openstreetmap.org/node/5177174924"
   }
  },
  {
   "type": "Feature",
   "geometry": {
    "type": "Point",
    "coordinates": [
     -76.513518,
     3.4832167
    ]
   },
   "properties": {
    "kind": "pharmacy",
    "name": "Droguería Comfandi La Merced",
    "address": null,
    "phone": null,
    "capacity": null,
    "source": "osm",
    "source_ref": "node/5236975938",
    "source_url": "https://www.openstreetmap.org/node/5236975938"
   }
  },
  {
   "type": "Feature",
   "geometry": {
    "type": "Point",
    "coordinates": [
     -76.5449646,
     3.3778258
    ]
   },
   "properties": {
    "kind": "shelter_candidate",
    "name": "Colegio Alvaro Echeverry Perea",
    "address": "Carrera 92",
    "phone": null,
    "capacity": null,
    "source": "osm",
    "source_ref": "node/5259777824",
    "source_url": "https://www.openstreetmap.org/node/5259777824"
   }
  },
  {
   "type": "Feature",
   "geometry": {
    "type": "Point",
    "coordinates": [
     -76.5456873,
     3.3770738
    ]
   },
   "properties": {
    "kind": "shelter_candidate",
    "name": "Alvaro Echeverry Perea Sede 2",
    "address": "Carrera 92",
    "phone": null,
    "capacity": null,
    "source": "osm",
    "source_ref": "node/5259777825",
    "source_url": "https://www.openstreetmap.org/node/5259777825"
   }
  },
  {
   "type": "Feature",
   "geometry": {
    "type": "Point",
    "coordinates": [
     -76.4906604,
     3.4847516
    ]
   },
   "properties": {
    "kind": "market",
    "name": "D1",
    "address": null,
    "phone": null,
    "capacity": null,
    "source": "osm",
    "source_ref": "node/5273979922",
    "source_url": "https://www.openstreetmap.org/node/5273979922"
   }
  },
  {
   "type": "Feature",
   "geometry": {
    "type": "Point",
    "coordinates": [
     -76.4853629,
     3.4769974
    ]
   },
   "properties": {
    "kind": "market",
    "name": "Supermercado La Gran Colombia",
    "address": null,
    "phone": null,
    "capacity": null,
    "source": "osm",
    "source_ref": "node/5277570222",
    "source_url": "https://www.openstreetmap.org/node/5277570222"
   }
  },
  {
   "type": "Feature",
   "geometry": {
    "type": "Point",
    "coordinates": [
     -76.5396828,
     3.3328122
    ]
   },
   "properties": {
    "kind": "shelter_candidate",
    "name": "Colegio Anglo Hispano",
    "address": "Carrera 127 11-07",
    "phone": "+572 5241047",
    "capacity": null,
    "source": "osm",
    "source_ref": "node/5281889823",
    "source_url": "https://www.openstreetmap.org/node/5281889823"
   }
  },
  {
   "type": "Feature",
   "geometry": {
    "type": "Point",
    "coordinates": [
     -76.5147115,
     3.4125954
    ]
   },
   "properties": {
    "kind": "pharmacy",
    "name": "Drogas la rebaja",
    "address": null,
    "phone": null,
    "capacity": null,
    "source": "osm",
    "source_ref": "node/5316724405",
    "source_url": "https://www.openstreetmap.org/node/5316724405"
   }
  },
  {
   "type": "Feature",
   "geometry": {
    "type": "Point",
    "coordinates": [
     -76.5254707,
     3.3830247
    ]
   },
   "properties": {
    "kind": "market",
    "name": "Tiendas D1 El Ingenio",
    "address": null,
    "phone": "+57 322 6041648",
    "capacity": null,
    "source": "osm",
    "source_ref": "node/5316724408",
    "source_url": "https://www.openstreetmap.org/node/5316724408"
   }
  },
  {
   "type": "Feature",
   "geometry": {
    "type": "Point",
    "coordinates": [
     -76.4977687,
     3.4315841
    ]
   },
   "properties": {
    "kind": "market",
    "name": "D1",
    "address": null,
    "phone": null,
    "capacity": null,
    "source": "osm",
    "source_ref": "node/5316726750",
    "source_url": "https://www.openstreetmap.org/node/5316726750"
   }
  },
  {
   "type": "Feature",
   "geometry": {
    "type": "Point",
    "coordinates": [
     -76.5306439,
     3.3528131
    ]
   },
   "properties": {
    "kind": "pharmacy",
    "name": "Multidrogas",
    "address": null,
    "phone": null,
    "capacity": null,
    "source": "osm",
    "source_ref": "node/5347637056",
    "source_url": "https://www.openstreetmap.org/node/5347637056"
   }
  },
  {
   "type": "Feature",
   "geometry": {
    "type": "Point",
    "coordinates": [
     -76.5020323,
     3.4197934
    ]
   },
   "properties": {
    "kind": "shelter_candidate",
    "name": "Institución Educativa El Diamante",
    "address": null,
    "phone": null,
    "capacity": null,
    "source": "osm",
    "source_ref": "node/5430856018",
    "source_url": "https://www.openstreetmap.org/node/5430856018"
   }
  },
  {
   "type": "Feature",
   "geometry": {
    "type": "Point",
    "coordinates": [
     -76.538874,
     3.433526
    ]
   },
   "properties": {
    "kind": "market",
    "name": "D1",
    "address": null,
    "phone": null,
    "capacity": null,
    "source": "osm",
    "source_ref": "node/5451269821",
    "source_url": "https://www.openstreetmap.org/node/5451269821"
   }
  },
  {
   "type": "Feature",
   "geometry": {
    "type": "Point",
    "coordinates": [
     -76.5176438,
     3.4172128
    ]
   },
   "properties": {
    "kind": "pharmacy",
    "name": "Drogueria Giraldo",
    "address": "Calle 27",
    "phone": null,
    "capacity": null,
    "source": "osm",
    "source_ref": "node/5474538260",
    "source_url": "https://www.openstreetmap.org/node/5474538260"
   }
  },
  {
   "type": "Feature",
   "geometry": {
    "type": "Point",
    "coordinates": [
     -76.5177141,
     3.4161987
    ]
   },
   "properties": {
    "kind": "pharmacy",
    "name": "Drogas La Economía",
    "address": "Calle 27",
    "phone": null,
    "capacity": null,
    "source": "osm",
    "source_ref": "node/5474538339",
    "source_url": "https://www.openstreetmap.org/node/5474538339"
   }
  },
  {
   "type": "Feature",
   "geometry": {
    "type": "Point",
    "coordinates": [
     -76.5174915,
     3.4155815
    ]
   },
   "properties": {
    "kind": "pharmacy",
    "name": "Drogueria Texas",
    "address": "Calle 27",
    "phone": null,
    "capacity": null,
    "source": "osm",
    "source_ref": "node/5474538345",
    "source_url": "https://www.openstreetmap.org/node/5474538345"
   }
  },
  {
   "type": "Feature",
   "geometry": {
    "type": "Point",
    "coordinates": [
     -76.5310192,
     3.4545911
    ]
   },
   "properties": {
    "kind": "pharmacy",
    "name": "San Jorge",
    "address": "Calle 14",
    "phone": null,
    "capacity": null,
    "source": "osm",
    "source_ref": "node/5476422329",
    "source_url": "https://www.openstreetmap.org/node/5476422329"
   }
  },
  {
   "type": "Feature",
   "geometry": {
    "type": "Point",
    "coordinates": [
     -76.4941402,
     3.4418416
    ]
   },
   "properties": {
    "kind": "market",
    "name": "Nena García",
    "address": "Carrera 24",
    "phone": null,
    "capacity": null,
    "source": "osm",
    "source_ref": "node/5476474231",
    "source_url": "https://www.openstreetmap.org/node/5476474231"
   }
  },
  {
   "type": "Feature",
   "geometry": {
    "type": "Point",
    "coordinates": [
     -76.4981246,
     3.4387733
    ]
   },
   "properties": {
    "kind": "pharmacy",
    "name": "Droguerīa San German",
    "address": "Calle 52",
    "phone": null,
    "capacity": null,
    "source": "osm",
    "source_ref": "node/5476474252",
    "source_url": "https://www.openstreetmap.org/node/5476474252"
   }
  },
  {
   "type": "Feature",
   "geometry": {
    "type": "Point",
    "coordinates": [
     -76.4950669,
     3.4398764
    ]
   },
   "properties": {
    "kind": "market",
    "name": "Aliado Super Inter",
    "address": "Calle 57",
    "phone": null,
    "capacity": null,
    "source": "osm",
    "source_ref": "node/5476474304",
    "source_url": "https://www.openstreetmap.org/node/5476474304"
   }
  },
  {
   "type": "Feature",
   "geometry": {
    "type": "Point",
    "coordinates": [
     -76.4976136,
     3.4401401
    ]
   },
   "properties": {
    "kind": "market",
    "name": "Granero",
    "address": "Calle 55",
    "phone": null,
    "capacity": null,
    "source": "osm",
    "source_ref": "node/5476474423",
    "source_url": "https://www.openstreetmap.org/node/5476474423"
   }
  },
  {
   "type": "Feature",
   "geometry": {
    "type": "Point",
    "coordinates": [
     -76.4973374,
     3.4405832
    ]
   },
   "properties": {
    "kind": "market",
    "name": "Granero Paisa",
    "address": "Calle 55A",
    "phone": null,
    "capacity": null,
    "source": "osm",
    "source_ref": "node/5476474428",
    "source_url": "https://www.openstreetmap.org/node/5476474428"
   }
  },
  {
   "type": "Feature",
   "geometry": {
    "type": "Point",
    "coordinates": [
     -76.4970101,
     3.4397425
    ]
   },
   "properties": {
    "kind": "market",
    "name": "Supermarket La 53",
    "address": "Calle 56",
    "phone": null,
    "capacity": null,
    "source": "osm",
    "source_ref": "node/5476474438",
    "source_url": "https://www.openstreetmap.org/node/5476474438"
   }
  },
  {
   "type": "Feature",
   "geometry": {
    "type": "Point",
    "coordinates": [
     -76.4981715,
     3.4389366
    ]
   },
   "properties": {
    "kind": "market",
    "name": "Zenú",
    "address": "Calle 52",
    "phone": null,
    "capacity": null,
    "source": "osm",
    "source_ref": "node/5476474443",
    "source_url": "https://www.openstreetmap.org/node/5476474443"
   }
  },
  {
   "type": "Feature",
   "geometry": {
    "type": "Point",
    "coordinates": [
     -76.498307,
     3.439294
    ]
   },
   "properties": {
    "kind": "market",
    "name": "La Fontana",
    "address": "Calle 52",
    "phone": null,
    "capacity": null,
    "source": "osm",
    "source_ref": "node/5476474449",
    "source_url": "https://www.openstreetmap.org/node/5476474449"
   }
  },
  {
   "type": "Feature",
   "geometry": {
    "type": "Point",
    "coordinates": [
     -76.4986449,
     3.4402445
    ]
   },
   "properties": {
    "kind": "pharmacy",
    "name": "Droguería Disvel Salud",
    "address": "Calle 52",
    "phone": null,
    "capacity": null,
    "source": "osm",
    "source_ref": "node/5476474454",
    "source_url": "https://www.openstreetmap.org/node/5476474454"
   }
  },
  {
   "type": "Feature",
   "geometry": {
    "type": "Point",
    "coordinates": [
     -76.4989521,
     3.4403101
    ]
   },
   "properties": {
    "kind": "market",
    "name": "Granero Angel David",
    "address": "Calle 52",
    "phone": null,
    "capacity": null,
    "source": "osm",
    "source_ref": "node/5476474464",
    "source_url": "https://www.openstreetmap.org/node/5476474464"
   }
  },
  {
   "type": "Feature",
   "geometry": {
    "type": "Point",
    "coordinates": [
     -76.5035822,
     3.434199
    ]
   },
   "properties": {
    "kind": "pharmacy",
    "name": "Farmacenter",
    "address": "Carrera 27",
    "phone": null,
    "capacity": null,
    "source": "osm",
    "source_ref": "node/5476755690",
    "source_url": "https://www.openstreetmap.org/node/5476755690"
   }
  },
  {
   "type": "Feature",
   "geometry": {
    "type": "Point",
    "coordinates": [
     -76.516023,
     3.4175013
    ]
   },
   "properties": {
    "kind": "pharmacy",
    "name": "Droguería La Independencia",
    "address": "Carrera 40B",
    "phone": null,
    "capacity": null,
    "source": "osm",
    "source_ref": "node/5476894558",
    "source_url": "https://www.openstreetmap.org/node/5476894558"
   }
  },
  {
   "type": "Feature",
   "geometry": {
    "type": "Point",
    "coordinates": [
     -76.5160391,
     3.4186445
    ]
   },
   "properties": {
    "kind": "pharmacy",
    "name": "Droguería la Creación",
    "address": "Calle 29",
    "phone": null,
    "capacity": null,
    "source": "osm",
    "source_ref": "node/5476894695",
    "source_url": "https://www.openstreetmap.org/node/5476894695"
   }
  },
  {
   "type": "Feature",
   "geometry": {
    "type": "Point",
    "coordinates": [
     -76.5305163,
     3.3810124
    ]
   },
   "properties": {
    "kind": "pharmacy",
    "name": "Drogueria El Ingenio",
    "address": "Calle 15",
    "phone": null,
    "capacity": null,
    "source": "osm",
    "source_ref": "node/5476963510",
    "source_url": "https://www.openstreetmap.org/node/5476963510"
   }
  },
  {
   "type": "Feature",
   "geometry": {
    "type": "Point",
    "coordinates": [
     -76.4923176,
     3.4438282
    ]
   },
   "properties": {
    "kind": "pharmacy",
    "name": "La Nueva Base",
    "address": "Carrera 23",
    "phone": null,
    "capacity": null,
    "source": "osm",
    "source_ref": "node/5476972651",
    "source_url": "https://www.openstreetmap.org/node/5476972651"
   }
  },
  {
   "type": "Feature",
   "geometry": {
    "type": "Point",
    "coordinates": [
     -76.4963691,
     3.470145
    ]
   },
   "properties": {
    "kind": "market",
    "name": "Rendi Tiende",
    "address": "Carrera 2",
    "phone": null,
    "capacity": null,
    "source": "osm",
    "source_ref": "node/5478500196",
    "source_url": "https://www.openstreetmap.org/node/5478500196"
   }
  },
  {
   "type": "Feature",
   "geometry": {
    "type": "Point",
    "coordinates": [
     -76.5008497,
     3.4442847
    ]
   },
   "properties": {
    "kind": "pharmacy",
    "name": "Olimpica",
    "address": "Carrera 15",
    "phone": null,
    "capacity": null,
    "source": "osm",
    "source_ref": "node/5479115211",
    "source_url": "https://www.openstreetmap.org/node/5479115211"
   }
  },
  {
   "type": "Feature",
   "geometry": {
    "type": "Point",
    "coordinates": [
     -76.4993584,
     3.4469727
    ]
   },
   "properties": {
    "kind": "pharmacy",
    "name": "Droguería Villacolombia",
    "address": "Calle 52",
    "phone": null,
    "capacity": null,
    "source": "osm",
    "source_ref": "node/5479115382",
    "source_url": "https://www.openstreetmap.org/node/5479115382"
   }
  },
  {
   "type": "Feature",
   "geometry": {
    "type": "Point",
    "coordinates": [
     -76.5004909,
     3.4483943
    ]
   },
   "properties": {
    "kind": "pharmacy",
    "name": "San Jorge",
    "address": "Carrera 12",
    "phone": null,
    "capacity": null,
    "source": "osm",
    "source_ref": "node/5479115440",
    "source_url": "https://www.openstreetmap.org/node/5479115440"
   }
  },
  {
   "type": "Feature",
   "geometry": {
    "type": "Point",
    "coordinates": [
     -76.5112755,
     3.4603982
    ]
   },
   "properties": {
    "kind": "shelter_candidate",
    "name": "Comfandi Las Delicias",
    "address": "Carrera 4B",
    "phone": null,
    "capacity": null,
    "source": "osm",
    "source_ref": "node/5479193892",
    "source_url": "https://www.openstreetmap.org/node/5479193892"
   }
  },
  {
   "type": "Feature",
   "geometry": {
    "type": "Point",
    "coordinates": [
     -76.5118213,
     3.4162656
    ]
   },
   "properties": {
    "kind": "pharmacy",
    "name": "Drogueria Jadifaruk",
    "address": "Carrera 41B",
    "phone": null,
    "capacity": null,
    "source": "osm",
    "source_ref": "node/5479298470",
    "source_url": "https://www.openstreetmap.org/node/5479298470"
   }
  },
  {
   "type": "Feature",
   "geometry": {
    "type": "Point",
    "coordinates": [
     -76.5066306,
     3.4177195
    ]
   },
   "properties": {
    "kind": "pharmacy",
    "name": "Droguería La 39",
    "address": "Carrera 39",
    "phone": null,
    "capacity": null,
    "source": "osm",
    "source_ref": "node/5481524502",
    "source_url": "https://www.openstreetmap.org/node/5481524502"
   }
  },
  {
   "type": "Feature",
   "geometry": {
    "type": "Point",
    "coordinates": [
     -76.5074332,
     3.4185013
    ]
   },
   "properties": {
    "kind": "pharmacy",
    "name": "Dorguería Yubifaruk",
    "address": "Carrera 39",
    "phone": null,
    "capacity": null,
    "source": "osm",
    "source_ref": "node/5481524507",
    "source_url": "https://www.openstreetmap.org/node/5481524507"
   }
  },
  {
   "type": "Feature",
   "geometry": {
    "type": "Point",
    "coordinates": [
     -76.5087931,
     3.4197436
    ]
   },
   "properties": {
    "kind": "pharmacy",
    "name": "Dorguería Maxidrogas Del Valle",
    "address": "Carrera 39",
    "phone": null,
    "capacity": null,
    "source": "osm",
    "source_ref": "node/5481524515",
    "source_url": "https://www.openstreetmap.org/node/5481524515"
   }
  },
  {
   "type": "Feature",
   "geometry": {
    "type": "Point",
    "coordinates": [
     -76.515046,
     3.419413
    ]
   },
   "properties": {
    "kind": "medical",
    "name": "Dorgueria La Favorita",
    "address": "Carrera 39",
    "phone": null,
    "capacity": null,
    "source": "osm",
    "source_ref": "node/5481525229",
    "source_url": "https://www.openstreetmap.org/node/5481525229"
   }
  },
  {
   "type": "Feature",
   "geometry": {
    "type": "Point",
    "coordinates": [
     -76.4955416,
     3.4241533
    ]
   },
   "properties": {
    "kind": "pharmacy",
    "name": "Droguería FarmaDrobles",
    "address": "Calle 72I",
    "phone": null,
    "capacity": null,
    "source": "osm",
    "source_ref": "node/5481540399",
    "source_url": "https://www.openstreetmap.org/node/5481540399"
   }
  },
  {
   "type": "Feature",
   "geometry": {
    "type": "Point",
    "coordinates": [
     -76.5256015,
     3.3346993
    ]
   },
   "properties": {
    "kind": "medical",
    "name": "Grupo Mente Sana",
    "address": "Carrera 127 22-249",
    "phone": null,
    "capacity": null,
    "source": "osm",
    "source_ref": "node/5483300932",
    "source_url": "https://www.openstreetmap.org/node/5483300932"
   }
  },
  {
   "type": "Feature",
   "geometry": {
    "type": "Point",
    "coordinates": [
     -76.5325831,
     3.3984397
    ]
   },
   "properties": {
    "kind": "pharmacy",
    "name": "Farmaservicios",
    "address": null,
    "phone": null,
    "capacity": null,
    "source": "osm",
    "source_ref": "node/5488967191",
    "source_url": "https://www.openstreetmap.org/node/5488967191"
   }
  },
  {
   "type": "Feature",
   "geometry": {
    "type": "Point",
    "coordinates": [
     -76.5402158,
     3.398247
    ]
   },
   "properties": {
    "kind": "pharmacy",
    "name": "Super Alonso",
    "address": null,
    "phone": null,
    "capacity": null,
    "source": "osm",
    "source_ref": "node/5488967562",
    "source_url": "https://www.openstreetmap.org/node/5488967562"
   }
  },
  {
   "type": "Feature",
   "geometry": {
    "type": "Point",
    "coordinates": [
     -76.5400988,
     3.3982674
    ]
   },
   "properties": {
    "kind": "medical",
    "name": "Bracket's",
    "address": null,
    "phone": null,
    "capacity": null,
    "source": "osm",
    "source_ref": "node/5488967563",
    "source_url": "https://www.openstreetmap.org/node/5488967563"
   }
  },
  {
   "type": "Feature",
   "geometry": {
    "type": "Point",
    "coordinates": [
     -76.5396762,
     3.4058687
    ]
   },
   "properties": {
    "kind": "market",
    "name": "Comfandi",
    "address": "Calle 10",
    "phone": null,
    "capacity": null,
    "source": "osm",
    "source_ref": "node/5488967699",
    "source_url": "https://www.openstreetmap.org/node/5488967699"
   }
  },
  {
   "type": "Feature",
   "geometry": {
    "type": "Point",
    "coordinates": [
     -76.5334955,
     3.4251326
    ]
   },
   "properties": {
    "kind": "medical",
    "name": "Clínica Nuestra",
    "address": "Calle 10",
    "phone": null,
    "capacity": null,
    "source": "osm",
    "source_ref": "node/5488967701",
    "source_url": "https://www.openstreetmap.org/node/5488967701"
   }
  },
  {
   "type": "Feature",
   "geometry": {
    "type": "Point",
    "coordinates": [
     -76.5237401,
     3.4342296
    ]
   },
   "properties": {
    "kind": "pharmacy",
    "name": "Fuente de vida",
    "address": null,
    "phone": null,
    "capacity": null,
    "source": "osm",
    "source_ref": "node/5488967703",
    "source_url": "https://www.openstreetmap.org/node/5488967703"
   }
  },
  {
   "type": "Feature",
   "geometry": {
    "type": "Point",
    "coordinates": [
     -76.4995943,
     3.4362405
    ]
   },
   "properties": {
    "kind": "market",
    "name": "Olimpica",
    "address": null,
    "phone": null,
    "capacity": null,
    "source": "osm",
    "source_ref": "node/5488967709",
    "source_url": "https://www.openstreetmap.org/node/5488967709"
   }
  },
  {
   "type": "Feature",
   "geometry": {
    "type": "Point",
    "coordinates": [
     -76.5047846,
     3.4317828
    ]
   },
   "properties": {
    "kind": "shelter_candidate",
    "name": "María Goretti",
    "address": null,
    "phone": null,
    "capacity": null,
    "source": "osm",
    "source_ref": "node/5488967712",
    "source_url": "https://www.openstreetmap.org/node/5488967712"
   }
  },
  {
   "type": "Feature",
   "geometry": {
    "type": "Point",
    "coordinates": [
     -76.4981234,
     3.4388285
    ]
   },
   "properties": {
    "kind": "pharmacy",
    "name": "San German",
    "address": null,
    "phone": null,
    "capacity": null,
    "source": "osm",
    "source_ref": "node/5488967902",
    "source_url": "https://www.openstreetmap.org/node/5488967902"
   }
  },
  {
   "type": "Feature",
   "geometry": {
    "type": "Point",
    "coordinates": [
     -76.4976103,
     3.4373052
    ]
   },
   "properties": {
    "kind": "pharmacy",
    "name": "Villa real",
    "address": null,
    "phone": null,
    "capacity": null,
    "source": "osm",
    "source_ref": "node/5488968046",
    "source_url": "https://www.openstreetmap.org/node/5488968046"
   }
  },
  {
   "type": "Feature",
   "geometry": {
    "type": "Point",
    "coordinates": [
     -76.503721,
     3.464623
    ]
   },
   "properties": {
    "kind": "pharmacy",
    "name": "Farmacenter",
    "address": "Carrera 3",
    "phone": null,
    "capacity": null,
    "source": "osm",
    "source_ref": "node/5489439838",
    "source_url": "https://www.openstreetmap.org/node/5489439838"
   }
  },
  {
   "type": "Feature",
   "geometry": {
    "type": "Point",
    "coordinates": [
     -76.5098593,
     3.4246801
    ]
   },
   "properties": {
    "kind": "pharmacy",
    "name": "La Servicial",
    "address": "Carrera 32",
    "phone": null,
    "capacity": null,
    "source": "osm",
    "source_ref": "node/5489948028",
    "source_url": "https://www.openstreetmap.org/node/5489948028"
   }
  },
  {
   "type": "Feature",
   "geometry": {
    "type": "Point",
    "coordinates": [
     -76.5066205,
     3.4241587
    ]
   },
   "properties": {
    "kind": "medical",
    "name": "Farmacenter",
    "address": "Diagonal 30",
    "phone": null,
    "capacity": null,
    "source": "osm",
    "source_ref": "node/5489948064",
    "source_url": "https://www.openstreetmap.org/node/5489948064"
   }
  },
  {
   "type": "Feature",
   "geometry": {
    "type": "Point",
    "coordinates": [
     -76.538683,
     3.3906254
    ]
   },
   "properties": {
    "kind": "pharmacy",
    "name": "Interdrogas",
    "address": "Calle 13 73-96",
    "phone": "+576028836303",
    "capacity": null,
    "source": "osm",
    "source_ref": "node/5490036876",
    "source_url": "https://www.openstreetmap.org/node/5490036876"
   }
  },
  {
   "type": "Feature",
   "geometry": {
    "type": "Point",
    "coordinates": [
     -76.507566,
     3.422156
    ]
   },
   "properties": {
    "kind": "pharmacy",
    "name": "Drogueria Mercadrogas",
    "address": "Diagonal 30",
    "phone": null,
    "capacity": null,
    "source": "osm",
    "source_ref": "node/5490153173",
    "source_url": "https://www.openstreetmap.org/node/5490153173"
   }
  },
  {
   "type": "Feature",
   "geometry": {
    "type": "Point",
    "coordinates": [
     -76.5128426,
     3.4246918
    ]
   },
   "properties": {
    "kind": "medical",
    "name": "Drogas La Preferida",
    "address": "Carrera 32",
    "phone": null,
    "capacity": null,
    "source": "osm",
    "source_ref": "node/5491854858",
    "source_url": "https://www.openstreetmap.org/node/5491854858"
   }
  },
  {
   "type": "Feature",
   "geometry": {
    "type": "Point",
    "coordinates": [
     -76.5124315,
     3.420488
    ]
   },
   "properties": {
    "kind": "medical",
    "name": "Drogas Solarte",
    "address": "Calle 32",
    "phone": "+57 2 3375651",
    "capacity": null,
    "source": "osm",
    "source_ref": "node/5491854877",
    "source_url": "https://www.openstreetmap.org/node/5491854877"
   }
  },
  {
   "type": "Feature",
   "geometry": {
    "type": "Point",
    "coordinates": [
     -76.5123162,
     3.4215884
    ]
   },
   "properties": {
    "kind": "medical",
    "name": "Farmacia",
    "address": "Calle 32",
    "phone": null,
    "capacity": null,
    "source": "osm",
    "source_ref": "node/5491854882",
    "source_url": "https://www.openstreetmap.org/node/5491854882"
   }
  },
  {
   "type": "Feature",
   "geometry": {
    "type": "Point",
    "coordinates": [
     -76.483135,
     3.4631748
    ]
   },
   "properties": {
    "kind": "pharmacy",
    "name": "Drogas la rebaja",
    "address": null,
    "phone": null,
    "capacity": null,
    "source": "osm",
    "source_ref": "node/5492301010",
    "source_url": "https://www.openstreetmap.org/node/5492301010"
   }
  },
  {
   "type": "Feature",
   "geometry": {
    "type": "Point",
    "coordinates": [
     -76.5115061,
     3.428043
    ]
   },
   "properties": {
    "kind": "medical",
    "name": "Oripharma Droguería",
    "address": "Carrera 29",
    "phone": "+57 2 4885804",
    "capacity": null,
    "source": "osm",
    "source_ref": "node/5494056606",
    "source_url": "https://www.openstreetmap.org/node/5494056606"
   }
  },
  {
   "type": "Feature",
   "geometry": {
    "type": "Point",
    "coordinates": [
     -76.5116523,
     3.4269446
    ]
   },
   "properties": {
    "kind": "medical",
    "name": "Droguería",
    "address": "Calle 32",
    "phone": null,
    "capacity": null,
    "source": "osm",
    "source_ref": "node/5494536719",
    "source_url": "https://www.openstreetmap.org/node/5494536719"
   }
  },
  {
   "type": "Feature",
   "geometry": {
    "type": "Point",
    "coordinates": [
     -76.5082566,
     3.4241935
    ]
   },
   "properties": {
    "kind": "pharmacy",
    "name": "Drguería Capri",
    "address": "Carrera 32",
    "phone": null,
    "capacity": null,
    "source": "osm",
    "source_ref": "node/5494536739",
    "source_url": "https://www.openstreetmap.org/node/5494536739"
   }
  },
  {
   "type": "Feature",
   "geometry": {
    "type": "Point",
    "coordinates": [
     -76.5256441,
     3.4305845
    ]
   },
   "properties": {
    "kind": "pharmacy",
    "name": "Buenos Aires Farma",
    "address": "Carerra 25",
    "phone": null,
    "capacity": null,
    "source": "osm",
    "source_ref": "node/5494850007",
    "source_url": "https://www.openstreetmap.org/node/5494850007"
   }
  },
  {
   "type": "Feature",
   "geometry": {
    "type": "Point",
    "coordinates": [
     -76.5150198,
     3.4673512
    ]
   },
   "properties": {
    "kind": "market",
    "name": "Supermercado Bolivariano",
    "address": "Calle 38 Norte",
    "phone": null,
    "capacity": null,
    "source": "osm",
    "source_ref": "node/5494932408",
    "source_url": "https://www.openstreetmap.org/node/5494932408"
   }
  },
  {
   "type": "Feature",
   "geometry": {
    "type": "Point",
    "coordinates": [
     -76.5216026,
     3.383615
    ]
   },
   "properties": {
    "kind": "medical",
    "name": "Farmavital",
    "address": "Carrera 83C",
    "phone": null,
    "capacity": null,
    "source": "osm",
    "source_ref": "node/5497881540",
    "source_url": "https://www.openstreetmap.org/node/5497881540"
   }
  },
  {
   "type": "Feature",
   "geometry": {
    "type": "Point",
    "coordinates": [
     -76.5226031,
     3.3836344
    ]
   },
   "properties": {
    "kind": "medical",
    "name": "Denti +",
    "address": "Carrera 83C",
    "phone": null,
    "capacity": null,
    "source": "osm",
    "source_ref": "node/5497881545",
    "source_url": "https://www.openstreetmap.org/node/5497881545"
   }
  },
  {
   "type": "Feature",
   "geometry": {
    "type": "Point",
    "coordinates": [
     -76.5232274,
     3.3836679
    ]
   },
   "properties": {
    "kind": "medical",
    "name": "Multidrogas",
    "address": "Carrera 83C",
    "phone": null,
    "capacity": null,
    "source": "osm",
    "source_ref": "node/5497881550",
    "source_url": "https://www.openstreetmap.org/node/5497881550"
   }
  },
  {
   "type": "Feature",
   "geometry": {
    "type": "Point",
    "coordinates": [
     -76.5233394,
     3.3836358
    ]
   },
   "properties": {
    "kind": "medical",
    "name": "Multifarma",
    "address": "Carrera 83C",
    "phone": null,
    "capacity": null,
    "source": "osm",
    "source_ref": "node/5497881555",
    "source_url": "https://www.openstreetmap.org/node/5497881555"
   }
  },
  {
   "type": "Feature",
   "geometry": {
    "type": "Point",
    "coordinates": [
     -76.5242426,
     3.3832187
    ]
   },
   "properties": {
    "kind": "medical",
    "name": "Odontologia",
    "address": "Calle 25",
    "phone": null,
    "capacity": null,
    "source": "osm",
    "source_ref": "node/5497881570",
    "source_url": "https://www.openstreetmap.org/node/5497881570"
   }
  },
  {
   "type": "Feature",
   "geometry": {
    "type": "Point",
    "coordinates": [
     -76.5219607,
     3.382129
    ]
   },
   "properties": {
    "kind": "medical",
    "name": "Droguería Economizar",
    "address": "Carrera 85",
    "phone": null,
    "capacity": null,
    "source": "osm",
    "source_ref": "node/5497881580",
    "source_url": "https://www.openstreetmap.org/node/5497881580"
   }
  },
  {
   "type": "Feature",
   "geometry": {
    "type": "Point",
    "coordinates": [
     -76.5216952,
     3.3821049
    ]
   },
   "properties": {
    "kind": "market",
    "name": "El Trebol",
    "address": "Carrera 85",
    "phone": null,
    "capacity": null,
    "source": "osm",
    "source_ref": "node/5497881585",
    "source_url": "https://www.openstreetmap.org/node/5497881585"
   }
  },
  {
   "type": "Feature",
   "geometry": {
    "type": "Point",
    "coordinates": [
     -76.5215041,
     3.3820902
    ]
   },
   "properties": {
    "kind": "medical",
    "name": "Sana-T Drogueria",
    "address": "Carrera 85",
    "phone": null,
    "capacity": null,
    "source": "osm",
    "source_ref": "node/5497881590",
    "source_url": "https://www.openstreetmap.org/node/5497881590"
   }
  },
  {
   "type": "Feature",
   "geometry": {
    "type": "Point",
    "coordinates": [
     -76.5333707,
     3.41267
    ]
   },
   "properties": {
    "kind": "pharmacy",
    "name": "Drogas La Economia",
    "address": "Calle 13",
    "phone": null,
    "capacity": null,
    "source": "osm",
    "source_ref": "node/5497916034",
    "source_url": "https://www.openstreetmap.org/node/5497916034"
   }
  },
  {
   "type": "Feature",
   "geometry": {
    "type": "Point",
    "coordinates": [
     -76.5144432,
     3.4360116
    ]
   },
   "properties": {
    "kind": "shelter_candidate",
    "name": "Escuela de Auxiliares Clínica Blanca",
    "address": "Carrera 23",
    "phone": null,
    "capacity": null,
    "source": "osm",
    "source_ref": "node/5499453457",
    "source_url": "https://www.openstreetmap.org/node/5499453457"
   }
  },
  {
   "type": "Feature",
   "geometry": {
    "type": "Point",
    "coordinates": [
     -76.5188742,
     3.4240904
    ]
   },
   "properties": {
    "kind": "medical",
    "name": "Drogueria Jessica",
    "address": "Calle 26B",
    "phone": null,
    "capacity": null,
    "source": "osm",
    "source_ref": "node/5499520624",
    "source_url": "https://www.openstreetmap.org/node/5499520624"
   }
  },
  {
   "type": "Feature",
   "geometry": {
    "type": "Point",
    "coordinates": [
     -76.5299913,
     3.4219625
    ]
   },
   "properties": {
    "kind": "pharmacy",
    "name": "Servidrog",
    "address": "Calle 13",
    "phone": null,
    "capacity": null,
    "source": "osm",
    "source_ref": "node/5499589265",
    "source_url": "https://www.openstreetmap.org/node/5499589265"
   }
  },
  {
   "type": "Feature",
   "geometry": {
    "type": "Point",
    "coordinates": [
     -76.5254684,
     3.3391959
    ]
   },
   "properties": {
    "kind": "responder",
    "name": "Estación De Policía La María",
    "address": null,
    "phone": null,
    "capacity": null,
    "source": "osm",
    "source_ref": "node/5501267348",
    "source_url": "https://www.openstreetmap.org/node/5501267348"
   }
  },
  {
   "type": "Feature",
   "geometry": {
    "type": "Point",
    "coordinates": [
     -76.5262822,
     3.3310081
    ]
   },
   "properties": {
    "kind": "shelter_candidate",
    "name": "Colegio Valores Ilama",
    "address": null,
    "phone": null,
    "capacity": null,
    "source": "osm",
    "source_ref": "node/5501394224",
    "source_url": "https://www.openstreetmap.org/node/5501394224"
   }
  },
  {
   "type": "Feature",
   "geometry": {
    "type": "Point",
    "coordinates": [
     -76.5307396,
     3.4207694
    ]
   },
   "properties": {
    "kind": "pharmacy",
    "name": "Droguerias SurtiDrogas",
    "address": "Calle 13",
    "phone": null,
    "capacity": null,
    "source": "osm",
    "source_ref": "node/5503769904",
    "source_url": "https://www.openstreetmap.org/node/5503769904"
   }
  },
  {
   "type": "Feature",
   "geometry": {
    "type": "Point",
    "coordinates": [
     -76.5303661,
     3.4219813
    ]
   },
   "properties": {
    "kind": "pharmacy",
    "name": "La Economía",
    "address": "Calle 13",
    "phone": "+57 2 4853131",
    "capacity": null,
    "source": "osm",
    "source_ref": "node/5503769909",
    "source_url": "https://www.openstreetmap.org/node/5503769909"
   }
  },
  {
   "type": "Feature",
   "geometry": {
    "type": "Point",
    "coordinates": [
     -76.5159258,
     3.4357984
    ]
   },
   "properties": {
    "kind": "pharmacy",
    "name": "Droguería",
    "address": "Carrera 23",
    "phone": null,
    "capacity": null,
    "source": "osm",
    "source_ref": "node/5504240509",
    "source_url": "https://www.openstreetmap.org/node/5504240509"
   }
  },
  {
   "type": "Feature",
   "geometry": {
    "type": "Point",
    "coordinates": [
     -76.5113633,
     3.4366943
    ]
   },
   "properties": {
    "kind": "pharmacy",
    "name": "Droguería",
    "address": "Carrera 23",
    "phone": null,
    "capacity": null,
    "source": "osm",
    "source_ref": "node/5504240515",
    "source_url": "https://www.openstreetmap.org/node/5504240515"
   }
  },
  {
   "type": "Feature",
   "geometry": {
    "type": "Point",
    "coordinates": [
     -76.5058212,
     3.4383275
    ]
   },
   "properties": {
    "kind": "pharmacy",
    "name": "Droguería El Rodeo",
    "address": "Carrera 23",
    "phone": null,
    "capacity": null,
    "source": "osm",
    "source_ref": "node/5504240522",
    "source_url": "https://www.openstreetmap.org/node/5504240522"
   }
  },
  {
   "type": "Feature",
   "geometry": {
    "type": "Point",
    "coordinates": [
     -76.5040952,
     3.4481119
    ]
   },
   "properties": {
    "kind": "pharmacy",
    "name": "Confa Droga",
    "address": "Calle 44",
    "phone": null,
    "capacity": null,
    "source": "osm",
    "source_ref": "node/5505977213",
    "source_url": "https://www.openstreetmap.org/node/5505977213"
   }
  },
  {
   "type": "Feature",
   "geometry": {
    "type": "Point",
    "coordinates": [
     -76.4885652,
     3.4472231
    ]
   },
   "properties": {
    "kind": "medical",
    "name": "Odontopluss",
    "address": "Calle 70",
    "phone": "+57 2 4845793",
    "capacity": null,
    "source": "osm",
    "source_ref": "node/5505977216",
    "source_url": "https://www.openstreetmap.org/node/5505977216"
   }
  },
  {
   "type": "Feature",
   "geometry": {
    "type": "Point",
    "coordinates": [
     -76.4993396,
     3.4343021
    ]
   },
   "properties": {
    "kind": "pharmacy",
    "name": "Droguería La Mejor",
    "address": "Calle 50",
    "phone": "+57 2 4430546",
    "capacity": null,
    "source": "osm",
    "source_ref": "node/5506061515",
    "source_url": "https://www.openstreetmap.org/node/5506061515"
   }
  },
  {
   "type": "Feature",
   "geometry": {
    "type": "Point",
    "coordinates": [
     -76.4989869,
     3.4350424
    ]
   },
   "properties": {
    "kind": "pharmacy",
    "name": "FarmaPositiva",
    "address": "Calle 50",
    "phone": null,
    "capacity": null,
    "source": "osm",
    "source_ref": "node/5506061520",
    "source_url": "https://www.openstreetmap.org/node/5506061520"
   }
  },
  {
   "type": "Feature",
   "geometry": {
    "type": "Point",
    "coordinates": [
     -76.5014076,
     3.4301829
    ]
   },
   "properties": {
    "kind": "pharmacy",
    "name": "Droguería Mediksalud",
    "address": "Calle 50",
    "phone": null,
    "capacity": null,
    "source": "osm",
    "source_ref": "node/5506064867",
    "source_url": "https://www.openstreetmap.org/node/5506064867"
   }
  },
  {
   "type": "Feature",
   "geometry": {
    "type": "Point",
    "coordinates": [
     -76.502054,
     3.427891
    ]
   },
   "properties": {
    "kind": "pharmacy",
    "name": "Droguería V-Jota",
    "address": "Carrera 28E",
    "phone": null,
    "capacity": null,
    "source": "osm",
    "source_ref": "node/5506064899",
    "source_url": "https://www.openstreetmap.org/node/5506064899"
   }
  },
  {
   "type": "Feature",
   "geometry": {
    "type": "Point",
    "coordinates": [
     -76.5020326,
     3.4263455
    ]
   },
   "properties": {
    "kind": "pharmacy",
    "name": "Droguería +Salud",
    "address": "Carrera 28F",
    "phone": null,
    "capacity": null,
    "source": "osm",
    "source_ref": "node/5506064917",
    "source_url": "https://www.openstreetmap.org/node/5506064917"
   }
  },
  {
   "type": "Feature",
   "geometry": {
    "type": "Point",
    "coordinates": [
     -76.5012702,
     3.4337003
    ]
   },
   "properties": {
    "kind": "pharmacy",
    "name": "Droguería JJ.G",
    "address": "Calle 44",
    "phone": "+57 2 3841878",
    "capacity": null,
    "source": "osm",
    "source_ref": "node/5506171992",
    "source_url": "https://www.openstreetmap.org/node/5506171992"
   }
  },
  {
   "type": "Feature",
   "geometry": {
    "type": "Point",
    "coordinates": [
     -76.5004481,
     3.4353663
    ]
   },
   "properties": {
    "kind": "pharmacy",
    "name": "Droguería EconomiK",
    "address": "Calle 44",
    "phone": null,
    "capacity": null,
    "source": "osm",
    "source_ref": "node/5506172001",
    "source_url": "https://www.openstreetmap.org/node/5506172001"
   }
  },
  {
   "type": "Feature",
   "geometry": {
    "type": "Point",
    "coordinates": [
     -76.4969397,
     3.4359647
    ]
   },
   "properties": {
    "kind": "pharmacy",
    "name": "SolSalud Droguería",
    "address": "Calle 54",
    "phone": null,
    "capacity": null,
    "source": "osm",
    "source_ref": "node/5506172019",
    "source_url": "https://www.openstreetmap.org/node/5506172019"
   }
  },
  {
   "type": "Feature",
   "geometry": {
    "type": "Point",
    "coordinates": [
     -76.5003696,
     3.4294198
    ]
   },
   "properties": {
    "kind": "pharmacy",
    "name": "Droguería La Fe",
    "address": "Carrera 28C",
    "phone": "+57 2 4454567",
    "capacity": null,
    "source": "osm",
    "source_ref": "node/5506341008",
    "source_url": "https://www.openstreetmap.org/node/5506341008"
   }
  },
  {
   "type": "Feature",
   "geometry": {
    "type": "Point",
    "coordinates": [
     -76.5028822,
     3.4267993
    ]
   },
   "properties": {
    "kind": "pharmacy",
    "name": "Droguería Elam",
    "address": "Carrera 28F",
    "phone": null,
    "capacity": null,
    "source": "osm",
    "source_ref": "node/5506471110",
    "source_url": "https://www.openstreetmap.org/node/5506471110"
   }
  },
  {
   "type": "Feature",
   "geometry": {
    "type": "Point",
    "coordinates": [
     -76.503086,
     3.4286286
    ]
   },
   "properties": {
    "kind": "pharmacy",
    "name": "Droguería",
    "address": "Carrera 28E",
    "phone": null,
    "capacity": null,
    "source": "osm",
    "source_ref": "node/5506473247",
    "source_url": "https://www.openstreetmap.org/node/5506473247"
   }
  },
  {
   "type": "Feature",
   "geometry": {
    "type": "Point",
    "coordinates": [
     -76.5423328,
     3.4002183
    ]
   },
   "properties": {
    "kind": "medical",
    "name": "Odontologia",
    "address": "Calle 10",
    "phone": null,
    "capacity": null,
    "source": "osm",
    "source_ref": "node/5506587417",
    "source_url": "https://www.openstreetmap.org/node/5506587417"
   }
  },
  {
   "type": "Feature",
   "geometry": {
    "type": "Point",
    "coordinates": [
     -76.5440843,
     3.4034419
    ]
   },
   "properties": {
    "kind": "medical",
    "name": "Dentalvision",
    "address": "Calle 9",
    "phone": null,
    "capacity": null,
    "source": "osm",
    "source_ref": "node/5506612240",
    "source_url": "https://www.openstreetmap.org/node/5506612240"
   }
  },
  {
   "type": "Feature",
   "geometry": {
    "type": "Point",
    "coordinates": [
     -76.5162711,
     3.4073832
    ]
   },
   "properties": {
    "kind": "market",
    "name": "De La Pava",
    "address": "Carrera 46",
    "phone": null,
    "capacity": null,
    "source": "osm",
    "source_ref": "node/5506623215",
    "source_url": "https://www.openstreetmap.org/node/5506623215"
   }
  },
  {
   "type": "Feature",
   "geometry": {
    "type": "Point",
    "coordinates": [
     -76.4838821,
     3.4272913
    ]
   },
   "properties": {
    "kind": "pharmacy",
    "name": "Drogueria Inter Salud",
    "address": "Calle 73",
    "phone": null,
    "capacity": null,
    "source": "osm",
    "source_ref": "node/5506821909",
    "source_url": "https://www.openstreetmap.org/node/5506821909"
   }
  },
  {
   "type": "Feature",
   "geometry": {
    "type": "Point",
    "coordinates": [
     -76.4934509,
     3.41073
    ]
   },
   "properties": {
    "kind": "pharmacy",
    "name": "Drogueria Comuneros",
    "address": "Calle 55",
    "phone": null,
    "capacity": null,
    "source": "osm",
    "source_ref": "node/5506824327",
    "source_url": "https://www.openstreetmap.org/node/5506824327"
   }
  },
  {
   "type": "Feature",
   "geometry": {
    "type": "Point",
    "coordinates": [
     -76.5182874,
     3.3814074
    ]
   },
   "properties": {
    "kind": "medical",
    "name": "Drogueria Bien & Salud",
    "address": "Calle 45",
    "phone": null,
    "capacity": null,
    "source": "osm",
    "source_ref": "node/5506853096",
    "source_url": "https://www.openstreetmap.org/node/5506853096"
   }
  },
  {
   "type": "Feature",
   "geometry": {
    "type": "Point",
    "coordinates": [
     -76.4945841,
     3.4185013
    ]
   },
   "properties": {
    "kind": "pharmacy",
    "name": "Drogueria Uno A",
    "address": "Calle 72U",
    "phone": null,
    "capacity": null,
    "source": "osm",
    "source_ref": "node/5507102921",
    "source_url": "https://www.openstreetmap.org/node/5507102921"
   }
  },
  {
   "type": "Feature",
   "geometry": {
    "type": "Point",
    "coordinates": [
     -76.4946511,
     3.4186084
    ]
   },
   "properties": {
    "kind": "pharmacy",
    "name": "Drogueria Farma 21",
    "address": "Calle 72U",
    "phone": null,
    "capacity": null,
    "source": "osm",
    "source_ref": "node/5507102926",
    "source_url": "https://www.openstreetmap.org/node/5507102926"
   }
  },
  {
   "type": "Feature",
   "geometry": {
    "type": "Point",
    "coordinates": [
     -76.4956992,
     3.4199451
    ]
   },
   "properties": {
    "kind": "pharmacy",
    "name": "Drogueria Centrosalud La Mision",
    "address": "Carrera 28F",
    "phone": null,
    "capacity": null,
    "source": "osm",
    "source_ref": "node/5507102974",
    "source_url": "https://www.openstreetmap.org/node/5507102974"
   }
  },
  {
   "type": "Feature",
   "geometry": {
    "type": "Point",
    "coordinates": [
     -76.4922385,
     3.4210656
    ]
   },
   "properties": {
    "kind": "market",
    "name": "Olimpica",
    "address": "Calle 72U",
    "phone": null,
    "capacity": null,
    "source": "osm",
    "source_ref": "node/5507102992",
    "source_url": "https://www.openstreetmap.org/node/5507102992"
   }
  },
  {
   "type": "Feature",
   "geometry": {
    "type": "Point",
    "coordinates": [
     -76.4914989,
     3.4218237
    ]
   },
   "properties": {
    "kind": "pharmacy",
    "name": "Drogueria Nueva Vida",
    "address": "Calle 72U",
    "phone": null,
    "capacity": null,
    "source": "osm",
    "source_ref": "node/5507103001",
    "source_url": "https://www.openstreetmap.org/node/5507103001"
   }
  },
  {
   "type": "Feature",
   "geometry": {
    "type": "Point",
    "coordinates": [
     -76.5279914,
     3.4702932
    ]
   },
   "properties": {
    "kind": "shelter_candidate",
    "name": "Sede casa al parque Antonio José Camacho",
    "address": "Santiago de Cali",
    "phone": null,
    "capacity": null,
    "source": "osm",
    "source_ref": "node/5518727721",
    "source_url": "https://www.openstreetmap.org/node/5518727721"
   }
  },
  {
   "type": "Feature",
   "geometry": {
    "type": "Point",
    "coordinates": [
     -76.5298499,
     3.4669884
    ]
   },
   "properties": {
    "kind": "medical",
    "name": "Comfandi",
    "address": "Avenida 6 Norte, Cali",
    "phone": null,
    "capacity": null,
    "source": "osm",
    "source_ref": "node/5532232923",
    "source_url": "https://www.openstreetmap.org/node/5532232923"
   }
  },
  {
   "type": "Feature",
   "geometry": {
    "type": "Point",
    "coordinates": [
     -76.5377071,
     3.4323122
    ]
   },
   "properties": {
    "kind": "shelter_candidate",
    "name": "Escuela de salsa SonDeLuz",
    "address": null,
    "phone": null,
    "capacity": null,
    "source": "osm",
    "source_ref": "node/5548671622",
    "source_url": "https://www.openstreetmap.org/node/5548671622"
   }
  },
  {
   "type": "Feature",
   "geometry": {
    "type": "Point",
    "coordinates": [
     -76.5352124,
     3.4609808
    ]
   },
   "properties": {
    "kind": "shelter_candidate",
    "name": "Sede Luis Gonzaga universidad Antonio José Camacho",
    "address": null,
    "phone": null,
    "capacity": null,
    "source": "osm",
    "source_ref": "node/5560611025",
    "source_url": "https://www.openstreetmap.org/node/5560611025"
   }
  },
  {
   "type": "Feature",
   "geometry": {
    "type": "Point",
    "coordinates": [
     -76.5267308,
     3.4717945
    ]
   },
   "properties": {
    "kind": "shelter_candidate",
    "name": "Dojo nintai",
    "address": "Avenida 6 Norte 30N-46, Santiago de Cali",
    "phone": "+57 2 4004400",
    "capacity": null,
    "source": "osm",
    "source_ref": "node/5569910223",
    "source_url": "https://www.openstreetmap.org/node/5569910223"
   }
  },
  {
   "type": "Feature",
   "geometry": {
    "type": "Point",
    "coordinates": [
     -76.4873863,
     3.4817419
    ]
   },
   "properties": {
    "kind": "shelter_candidate",
    "name": "Pedro antonio molina",
    "address": null,
    "phone": null,
    "capacity": null,
    "source": "osm",
    "source_ref": "node/5590805823",
    "source_url": "https://www.openstreetmap.org/node/5590805823"
   }
  },
  {
   "type": "Feature",
   "geometry": {
    "type": "Point",
    "coordinates": [
     -76.5175586,
     3.4738635
    ]
   },
   "properties": {
    "kind": "market",
    "name": "Autoservicio El Ebano",
    "address": null,
    "phone": null,
    "capacity": null,
    "source": "osm",
    "source_ref": "node/5599601028",
    "source_url": "https://www.openstreetmap.org/node/5599601028"
   }
  },
  {
   "type": "Feature",
   "geometry": {
    "type": "Point",
    "coordinates": [
     -76.5324262,
     3.4513029
    ]
   },
   "properties": {
    "kind": "shelter_candidate",
    "name": "Universidad catolica",
    "address": null,
    "phone": null,
    "capacity": null,
    "source": "osm",
    "source_ref": "node/5600993423",
    "source_url": "https://www.openstreetmap.org/node/5600993423"
   }
  },
  {
   "type": "Feature",
   "geometry": {
    "type": "Point",
    "coordinates": [
     -76.5348707,
     3.4086004
    ]
   },
   "properties": {
    "kind": "medical",
    "name": "Sura EPS - Urgencias",
    "address": "Carrera 50 12A -90",
    "phone": "+57 602 3314995",
    "capacity": null,
    "source": "osm",
    "source_ref": "node/5600993428",
    "source_url": "https://www.openstreetmap.org/node/5600993428"
   }
  },
  {
   "type": "Feature",
   "geometry": {
    "type": "Point",
    "coordinates": [
     -76.5349589,
     3.4078282
    ]
   },
   "properties": {
    "kind": "market",
    "name": "Supertiendas D1",
    "address": null,
    "phone": null,
    "capacity": null,
    "source": "osm",
    "source_ref": "node/5600993430",
    "source_url": "https://www.openstreetmap.org/node/5600993430"
   }
  },
  {
   "type": "Feature",
   "geometry": {
    "type": "Point",
    "coordinates": [
     -76.5282185,
     3.4499534
    ]
   },
   "properties": {
    "kind": "shelter_candidate",
    "name": "Shopin center",
    "address": null,
    "phone": null,
    "capacity": null,
    "source": "osm",
    "source_ref": "node/5607902925",
    "source_url": "https://www.openstreetmap.org/node/5607902925"
   }
  },
  {
   "type": "Feature",
   "geometry": {
    "type": "Point",
    "coordinates": [
     -76.5311762,
     3.4475007
    ]
   },
   "properties": {
    "kind": "pharmacy",
    "name": "Economicas",
    "address": null,
    "phone": null,
    "capacity": null,
    "source": "osm",
    "source_ref": "node/5607902927",
    "source_url": "https://www.openstreetmap.org/node/5607902927"
   }
  },
  {
   "type": "Feature",
   "geometry": {
    "type": "Point",
    "coordinates": [
     -76.5273757,
     3.448112
    ]
   },
   "properties": {
    "kind": "shelter_candidate",
    "name": "Petecuy",
    "address": null,
    "phone": null,
    "capacity": null,
    "source": "osm",
    "source_ref": "node/5607919222",
    "source_url": "https://www.openstreetmap.org/node/5607919222"
   }
  },
  {
   "type": "Feature",
   "geometry": {
    "type": "Point",
    "coordinates": [
     -76.5076117,
     3.3672606
    ]
   },
   "properties": {
    "kind": "pharmacy",
    "name": "Drogueria Santa Clara",
    "address": null,
    "phone": null,
    "capacity": null,
    "source": "osm",
    "source_ref": "node/5608263821",
    "source_url": "https://www.openstreetmap.org/node/5608263821"
   }
  },
  {
   "type": "Feature",
   "geometry": {
    "type": "Point",
    "coordinates": [
     -76.5088603,
     3.3663543
    ]
   },
   "properties": {
    "kind": "market",
    "name": "Super Tiendas Mercatodo",
    "address": null,
    "phone": null,
    "capacity": null,
    "source": "osm",
    "source_ref": "node/5608263822",
    "source_url": "https://www.openstreetmap.org/node/5608263822"
   }
  },
  {
   "type": "Feature",
   "geometry": {
    "type": "Point",
    "coordinates": [
     -76.5067996,
     3.4236217
    ]
   },
   "properties": {
    "kind": "market",
    "name": "Autoservicio El MeroSol",
    "address": "Diagonal 30",
    "phone": null,
    "capacity": null,
    "source": "osm",
    "source_ref": "node/5608288321",
    "source_url": "https://www.openstreetmap.org/node/5608288321"
   }
  },
  {
   "type": "Feature",
   "geometry": {
    "type": "Point",
    "coordinates": [
     -76.480288,
     3.4421366
    ]
   },
   "properties": {
    "kind": "market",
    "name": "Supermercados ara",
    "address": null,
    "phone": null,
    "capacity": null,
    "source": "osm",
    "source_ref": "node/5619555121",
    "source_url": "https://www.openstreetmap.org/node/5619555121"
   }
  },
  {
   "type": "Feature",
   "geometry": {
    "type": "Point",
    "coordinates": [
     -76.5744497,
     3.4540744
    ]
   },
   "properties": {
    "kind": "market",
    "name": "Galerias Plaza",
    "address": null,
    "phone": null,
    "capacity": null,
    "source": "osm",
    "source_ref": "node/5638019034",
    "source_url": "https://www.openstreetmap.org/node/5638019034"
   }
  },
  {
   "type": "Feature",
   "geometry": {
    "type": "Point",
    "coordinates": [
     -76.5294282,
     3.4185223
    ]
   },
   "properties": {
    "kind": "market",
    "name": "Merca mio",
    "address": null,
    "phone": null,
    "capacity": null,
    "source": "osm",
    "source_ref": "node/5639377821",
    "source_url": "https://www.openstreetmap.org/node/5639377821"
   }
  },
  {
   "type": "Feature",
   "geometry": {
    "type": "Point",
    "coordinates": [
     -76.5364231,
     3.4181724
    ]
   },
   "properties": {
    "kind": "pharmacy",
    "name": "Drogas la rebaja",
    "address": null,
    "phone": null,
    "capacity": null,
    "source": "osm",
    "source_ref": "node/5639394221",
    "source_url": "https://www.openstreetmap.org/node/5639394221"
   }
  },
  {
   "type": "Feature",
   "geometry": {
    "type": "Point",
    "coordinates": [
     -76.5472575,
     3.420342
    ]
   },
   "properties": {
    "kind": "medical",
    "name": "Clínica Oral Solutions",
    "address": "Calle 5A 4335",
    "phone": "+57 2 5535555",
    "capacity": null,
    "source": "osm",
    "source_ref": "node/5648051322",
    "source_url": "https://www.openstreetmap.org/node/5648051322"
   }
  },
  {
   "type": "Feature",
   "geometry": {
    "type": "Point",
    "coordinates": [
     -76.5456577,
     3.4194843
    ]
   },
   "properties": {
    "kind": "medical",
    "name": "Organización Mente Sana",
    "address": null,
    "phone": null,
    "capacity": null,
    "source": "osm",
    "source_ref": "node/5659104846",
    "source_url": "https://www.openstreetmap.org/node/5659104846"
   }
  },
  {
   "type": "Feature",
   "geometry": {
    "type": "Point",
    "coordinates": [
     -76.5380627,
     3.3753534
    ]
   },
   "properties": {
    "kind": "pharmacy",
    "name": "Droguería La 14",
    "address": null,
    "phone": null,
    "capacity": null,
    "source": "osm",
    "source_ref": "node/5696759727",
    "source_url": "https://www.openstreetmap.org/node/5696759727"
   }
  },
  {
   "type": "Feature",
   "geometry": {
    "type": "Point",
    "coordinates": [
     -76.5380406,
     3.375326
    ]
   },
   "properties": {
    "kind": "pharmacy",
    "name": "Droguería Colsubsidio",
    "address": null,
    "phone": null,
    "capacity": null,
    "source": "osm",
    "source_ref": "node/5696759728",
    "source_url": "https://www.openstreetmap.org/node/5696759728"
   }
  },
  {
   "type": "Feature",
   "geometry": {
    "type": "Point",
    "coordinates": [
     -76.5456829,
     3.4195016
    ]
   },
   "properties": {
    "kind": "medical",
    "name": "Organización Mente Sana",
    "address": "Carrera 43A",
    "phone": null,
    "capacity": null,
    "source": "osm",
    "source_ref": "node/5726788021",
    "source_url": "https://www.openstreetmap.org/node/5726788021"
   }
  },
  {
   "type": "Feature",
   "geometry": {
    "type": "Point",
    "coordinates": [
     -76.4891003,
     3.4774092
    ]
   },
   "properties": {
    "kind": "shelter_candidate",
    "name": "Manuelita Saenz",
    "address": null,
    "phone": null,
    "capacity": null,
    "source": "osm",
    "source_ref": "node/5763725463",
    "source_url": "https://www.openstreetmap.org/node/5763725463"
   }
  },
  {
   "type": "Feature",
   "geometry": {
    "type": "Point",
    "coordinates": [
     -76.4929607,
     3.4781093
    ]
   },
   "properties": {
    "kind": "pharmacy",
    "name": "Farmacenter",
    "address": null,
    "phone": null,
    "capacity": null,
    "source": "osm",
    "source_ref": "node/5763729160",
    "source_url": "https://www.openstreetmap.org/node/5763729160"
   }
  },
  {
   "type": "Feature",
   "geometry": {
    "type": "Point",
    "coordinates": [
     -76.5238985,
     3.3959463
    ]
   },
   "properties": {
    "kind": "responder",
    "name": "CAI",
    "address": null,
    "phone": null,
    "capacity": null,
    "source": "osm",
    "source_ref": "node/5763729532",
    "source_url": "https://www.openstreetmap.org/node/5763729532"
   }
  },
  {
   "type": "Feature",
   "geometry": {
    "type": "Point",
    "coordinates": [
     -76.5438909,
     3.4212425
    ]
   },
   "properties": {
    "kind": "medical",
    "name": "Coosalud eps",
    "address": "Carrera 41 5C-58",
    "phone": null,
    "capacity": null,
    "source": "osm",
    "source_ref": "node/5773659454",
    "source_url": "https://www.openstreetmap.org/node/5773659454"
   }
  },
  {
   "type": "Feature",
   "geometry": {
    "type": "Point",
    "coordinates": [
     -76.5244571,
     3.4679031
    ]
   },
   "properties": {
    "kind": "medical",
    "name": "Nueva eps",
    "address": "Avenida 2B Norte",
    "phone": null,
    "capacity": null,
    "source": "osm",
    "source_ref": "node/5782660653",
    "source_url": "https://www.openstreetmap.org/node/5782660653"
   }
  },
  {
   "type": "Feature",
   "geometry": {
    "type": "Point",
    "coordinates": [
     -76.4723056,
     3.408498
    ]
   },
   "properties": {
    "kind": "market",
    "name": "t",
    "address": "calle121",
    "phone": null,
    "capacity": null,
    "source": "osm",
    "source_ref": "node/5895768090",
    "source_url": "https://www.openstreetmap.org/node/5895768090"
   }
  },
  {
   "type": "Feature",
   "geometry": {
    "type": "Point",
    "coordinates": [
     -76.4727314,
     3.4526096
    ]
   },
   "properties": {
    "kind": "market",
    "name": "Tienda D1",
    "address": "Carrera 7 u",
    "phone": null,
    "capacity": null,
    "source": "osm",
    "source_ref": "node/5897227290",
    "source_url": "https://www.openstreetmap.org/node/5897227290"
   }
  },
  {
   "type": "Feature",
   "geometry": {
    "type": "Point",
    "coordinates": [
     -76.5059045,
     3.3685324
    ]
   },
   "properties": {
    "kind": "market",
    "name": "Despensa Campesina",
    "address": null,
    "phone": null,
    "capacity": null,
    "source": "osm",
    "source_ref": "node/5961712594",
    "source_url": "https://www.openstreetmap.org/node/5961712594"
   }
  },
  {
   "type": "Feature",
   "geometry": {
    "type": "Point",
    "coordinates": [
     -76.5980717,
     3.3804663
    ]
   },
   "properties": {
    "kind": "market",
    "name": "Villa Natalia",
    "address": null,
    "phone": "+57 3013885171",
    "capacity": null,
    "source": "osm",
    "source_ref": "node/5987263874",
    "source_url": "https://www.openstreetmap.org/node/5987263874"
   }
  },
  {
   "type": "Feature",
   "geometry": {
    "type": "Point",
    "coordinates": [
     -76.4699323,
     3.4094918
    ]
   },
   "properties": {
    "kind": "market",
    "name": "Tienda / supermercado (sin nombre)",
    "address": null,
    "phone": null,
    "capacity": null,
    "source": "osm",
    "source_ref": "node/5999323703",
    "source_url": "https://www.openstreetmap.org/node/5999323703"
   }
  },
  {
   "type": "Feature",
   "geometry": {
    "type": "Point",
    "coordinates": [
     -76.557595,
     3.3717396
    ]
   },
   "properties": {
    "kind": "shelter_candidate",
    "name": "Centro infantil",
    "address": null,
    "phone": null,
    "capacity": null,
    "source": "osm",
    "source_ref": "node/5999332425",
    "source_url": "https://www.openstreetmap.org/node/5999332425"
   }
  },
  {
   "type": "Feature",
   "geometry": {
    "type": "Point",
    "coordinates": [
     -76.558967,
     3.3781512
    ]
   },
   "properties": {
    "kind": "shelter_candidate",
    "name": "Minutos de Dios",
    "address": null,
    "phone": null,
    "capacity": null,
    "source": "osm",
    "source_ref": "node/5999360690",
    "source_url": "https://www.openstreetmap.org/node/5999360690"
   }
  },
  {
   "type": "Feature",
   "geometry": {
    "type": "Point",
    "coordinates": [
     -76.5369388,
     3.4485443
    ]
   },
   "properties": {
    "kind": "market",
    "name": "Tienda / supermercado (sin nombre)",
    "address": null,
    "phone": null,
    "capacity": null,
    "source": "osm",
    "source_ref": "node/6185895529",
    "source_url": "https://www.openstreetmap.org/node/6185895529"
   }
  },
  {
   "type": "Feature",
   "geometry": {
    "type": "Point",
    "coordinates": [
     -76.5587736,
     3.4500607
    ]
   },
   "properties": {
    "kind": "market",
    "name": "Dios con Nosotros",
    "address": null,
    "phone": null,
    "capacity": null,
    "source": "osm",
    "source_ref": "node/6201970980",
    "source_url": "https://www.openstreetmap.org/node/6201970980"
   }
  },
  {
   "type": "Feature",
   "geometry": {
    "type": "Point",
    "coordinates": [
     -76.5377389,
     3.4480118
    ]
   },
   "properties": {
    "kind": "market",
    "name": "Tienda / supermercado (sin nombre)",
    "address": null,
    "phone": null,
    "capacity": null,
    "source": "osm",
    "source_ref": "node/6202564040",
    "source_url": "https://www.openstreetmap.org/node/6202564040"
   }
  },
  {
   "type": "Feature",
   "geometry": {
    "type": "Point",
    "coordinates": [
     -76.5272963,
     3.4202788
    ]
   },
   "properties": {
    "kind": "medical",
    "name": "Brandon S.C.",
    "address": null,
    "phone": null,
    "capacity": null,
    "source": "osm",
    "source_ref": "node/6211571984",
    "source_url": "https://www.openstreetmap.org/node/6211571984"
   }
  },
  {
   "type": "Feature",
   "geometry": {
    "type": "Point",
    "coordinates": [
     -76.5272891,
     3.4201732
    ]
   },
   "properties": {
    "kind": "medical",
    "name": "Consultorio Odontologico",
    "address": null,
    "phone": null,
    "capacity": null,
    "source": "osm",
    "source_ref": "node/6211574188",
    "source_url": "https://www.openstreetmap.org/node/6211574188"
   }
  },
  {
   "type": "Feature",
   "geometry": {
    "type": "Point",
    "coordinates": [
     -76.5271823,
     3.4194277
    ]
   },
   "properties": {
    "kind": "market",
    "name": "Hiper Dino",
    "address": null,
    "phone": null,
    "capacity": null,
    "source": "osm",
    "source_ref": "node/6211574194",
    "source_url": "https://www.openstreetmap.org/node/6211574194"
   }
  },
  {
   "type": "Feature",
   "geometry": {
    "type": "Point",
    "coordinates": [
     -76.5273366,
     3.4176242
    ]
   },
   "properties": {
    "kind": "market",
    "name": "Tienda / supermercado (sin nombre)",
    "address": null,
    "phone": null,
    "capacity": null,
    "source": "osm",
    "source_ref": "node/6211574209",
    "source_url": "https://www.openstreetmap.org/node/6211574209"
   }
  },
  {
   "type": "Feature",
   "geometry": {
    "type": "Point",
    "coordinates": [
     -76.5265499,
     3.4307621
    ]
   },
   "properties": {
    "kind": "medical",
    "name": "Dental Care Clinic",
    "address": null,
    "phone": null,
    "capacity": null,
    "source": "osm",
    "source_ref": "node/6211658439",
    "source_url": "https://www.openstreetmap.org/node/6211658439"
   }
  },
  {
   "type": "Feature",
   "geometry": {
    "type": "Point",
    "coordinates": [
     -76.5444986,
     3.4487704
    ]
   },
   "properties": {
    "kind": "shelter_candidate",
    "name": "Softer World",
    "address": "Avenida Belalcazar (Cra. 2 Oeste) # 5-10 Oeste",
    "phone": null,
    "capacity": null,
    "source": "osm",
    "source_ref": "node/6228882685",
    "source_url": "https://www.openstreetmap.org/node/6228882685"
   }
  },
  {
   "type": "Feature",
   "geometry": {
    "type": "Point",
    "coordinates": [
     -76.5246955,
     3.4687822
    ]
   },
   "properties": {
    "kind": "shelter_candidate",
    "name": "Centro de orientacion a migrantes y refugiados",
    "address": "Avenida Velasquez Cobo 25N 34, Cali",
    "phone": null,
    "capacity": null,
    "source": "osm",
    "source_ref": "node/6292487118",
    "source_url": "https://www.openstreetmap.org/node/6292487118"
   }
  },
  {
   "type": "Feature",
   "geometry": {
    "type": "Point",
    "coordinates": [
     -76.5236155,
     3.4631026
    ]
   },
   "properties": {
    "kind": "shelter_candidate",
    "name": "Comedor para Venezolanos",
    "address": null,
    "phone": null,
    "capacity": null,
    "source": "osm",
    "source_ref": "node/6292487119",
    "source_url": "https://www.openstreetmap.org/node/6292487119"
   }
  },
  {
   "type": "Feature",
   "geometry": {
    "type": "Point",
    "coordinates": [
     -76.4724107,
     3.4063088
    ]
   },
   "properties": {
    "kind": "shelter_candidate",
    "name": "Sembrando Sonrisas",
    "address": null,
    "phone": null,
    "capacity": null,
    "source": "osm",
    "source_ref": "node/6293655445",
    "source_url": "https://www.openstreetmap.org/node/6293655445"
   }
  },
  {
   "type": "Feature",
   "geometry": {
    "type": "Point",
    "coordinates": [
     -76.5398828,
     3.4467825
    ]
   },
   "properties": {
    "kind": "market",
    "name": "Tienda / supermercado (sin nombre)",
    "address": null,
    "phone": null,
    "capacity": null,
    "source": "osm",
    "source_ref": "node/6302332085",
    "source_url": "https://www.openstreetmap.org/node/6302332085"
   }
  },
  {
   "type": "Feature",
   "geometry": {
    "type": "Point",
    "coordinates": [
     -76.530469,
     3.3440778
    ]
   },
   "properties": {
    "kind": "market",
    "name": "Carulla pance",
    "address": null,
    "phone": null,
    "capacity": null,
    "source": "osm",
    "source_ref": "node/6313600306",
    "source_url": "https://www.openstreetmap.org/node/6313600306"
   }
  },
  {
   "type": "Feature",
   "geometry": {
    "type": "Point",
    "coordinates": [
     -76.5452311,
     3.415188
    ]
   },
   "properties": {
    "kind": "market",
    "name": "MacPollo Roosevelt",
    "address": null,
    "phone": null,
    "capacity": null,
    "source": "osm",
    "source_ref": "node/6313647804",
    "source_url": "https://www.openstreetmap.org/node/6313647804"
   }
  },
  {
   "type": "Feature",
   "geometry": {
    "type": "Point",
    "coordinates": [
     -76.5453365,
     3.4150327
    ]
   },
   "properties": {
    "kind": "market",
    "name": "Brillomart",
    "address": null,
    "phone": null,
    "capacity": null,
    "source": "osm",
    "source_ref": "node/6313671585",
    "source_url": "https://www.openstreetmap.org/node/6313671585"
   }
  },
  {
   "type": "Feature",
   "geometry": {
    "type": "Point",
    "coordinates": [
     -76.543352,
     3.435289
    ]
   },
   "properties": {
    "kind": "shelter_candidate",
    "name": "Cuidado con Amor",
    "address": null,
    "phone": null,
    "capacity": null,
    "source": "osm",
    "source_ref": "node/6336504333",
    "source_url": "https://www.openstreetmap.org/node/6336504333"
   }
  },
  {
   "type": "Feature",
   "geometry": {
    "type": "Point",
    "coordinates": [
     -76.5430295,
     3.4351588
    ]
   },
   "properties": {
    "kind": "shelter_candidate",
    "name": "Amor y Amistad",
    "address": null,
    "phone": null,
    "capacity": null,
    "source": "osm",
    "source_ref": "node/6336504335",
    "source_url": "https://www.openstreetmap.org/node/6336504335"
   }
  },
  {
   "type": "Feature",
   "geometry": {
    "type": "Point",
    "coordinates": [
     -76.5438375,
     3.4345537
    ]
   },
   "properties": {
    "kind": "medical",
    "name": "Blue Elements",
    "address": null,
    "phone": null,
    "capacity": null,
    "source": "osm",
    "source_ref": "node/6336504353",
    "source_url": "https://www.openstreetmap.org/node/6336504353"
   }
  },
  {
   "type": "Feature",
   "geometry": {
    "type": "Point",
    "coordinates": [
     -76.542837,
     3.4337639
    ]
   },
   "properties": {
    "kind": "medical",
    "name": "Cromax Laboratorio",
    "address": null,
    "phone": null,
    "capacity": null,
    "source": "osm",
    "source_ref": "node/6336504359",
    "source_url": "https://www.openstreetmap.org/node/6336504359"
   }
  },
  {
   "type": "Feature",
   "geometry": {
    "type": "Point",
    "coordinates": [
     -76.5421034,
     3.4349634
    ]
   },
   "properties": {
    "kind": "medical",
    "name": "Biomedical",
    "address": null,
    "phone": null,
    "capacity": null,
    "source": "osm",
    "source_ref": "node/6336504370",
    "source_url": "https://www.openstreetmap.org/node/6336504370"
   }
  },
  {
   "type": "Feature",
   "geometry": {
    "type": "Point",
    "coordinates": [
     -76.5421477,
     3.43495
    ]
   },
   "properties": {
    "kind": "medical",
    "name": "Biomedical",
    "address": null,
    "phone": null,
    "capacity": null,
    "source": "osm",
    "source_ref": "node/6336504372",
    "source_url": "https://www.openstreetmap.org/node/6336504372"
   }
  },
  {
   "type": "Feature",
   "geometry": {
    "type": "Point",
    "coordinates": [
     -76.5524776,
     3.4249406
    ]
   },
   "properties": {
    "kind": "market",
    "name": "D1",
    "address": "Calle 1, Cali",
    "phone": null,
    "capacity": null,
    "source": "osm",
    "source_ref": "node/6366327952",
    "source_url": "https://www.openstreetmap.org/node/6366327952"
   }
  },
  {
   "type": "Feature",
   "geometry": {
    "type": "Point",
    "coordinates": [
     -76.532555,
     3.3652396
    ]
   },
   "properties": {
    "kind": "pharmacy",
    "name": "Laskin",
    "address": null,
    "phone": null,
    "capacity": null,
    "source": "osm",
    "source_ref": "node/6369020285",
    "source_url": "https://www.openstreetmap.org/node/6369020285"
   }
  },
  {
   "type": "Feature",
   "geometry": {
    "type": "Point",
    "coordinates": [
     -76.5059339,
     3.4002143
    ]
   },
   "properties": {
    "kind": "market",
    "name": "Fruver EL Baratón",
    "address": null,
    "phone": null,
    "capacity": null,
    "source": "osm",
    "source_ref": "node/6426796129",
    "source_url": "https://www.openstreetmap.org/node/6426796129"
   }
  },
  {
   "type": "Feature",
   "geometry": {
    "type": "Point",
    "coordinates": [
     -76.455291,
     3.4121683
    ]
   },
   "properties": {
    "kind": "market",
    "name": "Cavasita",
    "address": "Carrera 35 con calle 22 Poblado campestre, candelaria",
    "phone": null,
    "capacity": null,
    "source": "osm",
    "source_ref": "node/6491567676",
    "source_url": "https://www.openstreetmap.org/node/6491567676"
   }
  },
  {
   "type": "Feature",
   "geometry": {
    "type": "Point",
    "coordinates": [
     -76.5442236,
     3.4259682
    ]
   },
   "properties": {
    "kind": "medical",
    "name": "La clínica CDC",
    "address": "Calle 5B 3 38-44",
    "phone": "+57 2 5240170",
    "capacity": null,
    "source": "osm",
    "source_ref": "node/6502500591",
    "source_url": "https://www.openstreetmap.org/node/6502500591"
   }
  },
  {
   "type": "Feature",
   "geometry": {
    "type": "Point",
    "coordinates": [
     -76.53019,
     3.4663124
    ]
   },
   "properties": {
    "kind": "market",
    "name": "Supermercados ARA",
    "address": "Avenida 6 Norte",
    "phone": null,
    "capacity": null,
    "source": "osm",
    "source_ref": "node/6505015786",
    "source_url": "https://www.openstreetmap.org/node/6505015786"
   }
  },
  {
   "type": "Feature",
   "geometry": {
    "type": "Point",
    "coordinates": [
     -76.5236836,
     3.4632014
    ]
   },
   "properties": {
    "kind": "medical",
    "name": "A Sánchez radiologos",
    "address": "Avenida 2C Norte",
    "phone": null,
    "capacity": null,
    "source": "osm",
    "source_ref": "node/6505083185",
    "source_url": "https://www.openstreetmap.org/node/6505083185"
   }
  },
  {
   "type": "Feature",
   "geometry": {
    "type": "Point",
    "coordinates": [
     -76.546948,
     3.4206702
    ]
   },
   "properties": {
    "kind": "medical",
    "name": "Centro de acondicionamiento físico",
    "address": "Carrera 43",
    "phone": null,
    "capacity": null,
    "source": "osm",
    "source_ref": "node/6505084085",
    "source_url": "https://www.openstreetmap.org/node/6505084085"
   }
  },
  {
   "type": "Feature",
   "geometry": {
    "type": "Point",
    "coordinates": [
     -76.5436923,
     3.4196805
    ]
   },
   "properties": {
    "kind": "medical",
    "name": "Hospital ortopédico",
    "address": "Calle 5E",
    "phone": null,
    "capacity": null,
    "source": "osm",
    "source_ref": "node/6505200485",
    "source_url": "https://www.openstreetmap.org/node/6505200485"
   }
  },
  {
   "type": "Feature",
   "geometry": {
    "type": "Point",
    "coordinates": [
     -76.5267605,
     3.4617958
    ]
   },
   "properties": {
    "kind": "medical",
    "name": "Clínica cristo rey Central de ortopedistas",
    "address": "Avenida 3 Norte",
    "phone": null,
    "capacity": null,
    "source": "osm",
    "source_ref": "node/6505311585",
    "source_url": "https://www.openstreetmap.org/node/6505311585"
   }
  },
  {
   "type": "Feature",
   "geometry": {
    "type": "Point",
    "coordinates": [
     -76.5300998,
     3.4663082
    ]
   },
   "properties": {
    "kind": "market",
    "name": "Ara",
    "address": "Avenida 6 Norte",
    "phone": null,
    "capacity": null,
    "source": "osm",
    "source_ref": "node/6612783985",
    "source_url": "https://www.openstreetmap.org/node/6612783985"
   }
  },
  {
   "type": "Feature",
   "geometry": {
    "type": "Point",
    "coordinates": [
     -76.4970875,
     3.4840984
    ]
   },
   "properties": {
    "kind": "market",
    "name": "D1",
    "address": "Calima",
    "phone": null,
    "capacity": null,
    "source": "osm",
    "source_ref": "node/6709037085",
    "source_url": "https://www.openstreetmap.org/node/6709037085"
   }
  },
  {
   "type": "Feature",
   "geometry": {
    "type": "Point",
    "coordinates": [
     -76.4968464,
     3.4911343
    ]
   },
   "properties": {
    "kind": "pharmacy",
    "name": "Droguería Salud y Vida",
    "address": null,
    "phone": null,
    "capacity": null,
    "source": "osm",
    "source_ref": "node/6744734339",
    "source_url": "https://www.openstreetmap.org/node/6744734339"
   }
  },
  {
   "type": "Feature",
   "geometry": {
    "type": "Point",
    "coordinates": [
     -76.5471894,
     3.4205176
    ]
   },
   "properties": {
    "kind": "medical",
    "name": "Cardioprevent sas",
    "address": "Calle 5A 43 13",
    "phone": "+57 2 5242014",
    "capacity": null,
    "source": "osm",
    "source_ref": "node/6766452886",
    "source_url": "https://www.openstreetmap.org/node/6766452886"
   }
  },
  {
   "type": "Feature",
   "geometry": {
    "type": "Point",
    "coordinates": [
     -76.5160579,
     3.4070646
    ]
   },
   "properties": {
    "kind": "shelter_candidate",
    "name": "Colegio Hernando Caicedo",
    "address": null,
    "phone": null,
    "capacity": null,
    "source": "osm",
    "source_ref": "node/6789126888",
    "source_url": "https://www.openstreetmap.org/node/6789126888"
   }
  },
  {
   "type": "Feature",
   "geometry": {
    "type": "Point",
    "coordinates": [
     -76.5159076,
     3.4069173
    ]
   },
   "properties": {
    "kind": "market",
    "name": "La Maravilla",
    "address": null,
    "phone": null,
    "capacity": null,
    "source": "osm",
    "source_ref": "node/6789126890",
    "source_url": "https://www.openstreetmap.org/node/6789126890"
   }
  },
  {
   "type": "Feature",
   "geometry": {
    "type": "Point",
    "coordinates": [
     -76.544648,
     3.3946971
    ]
   },
   "properties": {
    "kind": "market",
    "name": "Jumbo",
    "address": null,
    "phone": null,
    "capacity": null,
    "source": "osm",
    "source_ref": "node/6854154588",
    "source_url": "https://www.openstreetmap.org/node/6854154588"
   }
  },
  {
   "type": "Feature",
   "geometry": {
    "type": "Point",
    "coordinates": [
     -76.5472194,
     3.3916699
    ]
   },
   "properties": {
    "kind": "market",
    "name": "Super Mercado D1",
    "address": "Calle 3C Carrera 73, Comuna 18",
    "phone": null,
    "capacity": null,
    "source": "osm",
    "source_ref": "node/6872311417",
    "source_url": "https://www.openstreetmap.org/node/6872311417"
   }
  },
  {
   "type": "Feature",
   "geometry": {
    "type": "Point",
    "coordinates": [
     -76.5207277,
     3.4729985
    ]
   },
   "properties": {
    "kind": "shelter_candidate",
    "name": "JC Driving School",
    "address": null,
    "phone": null,
    "capacity": null,
    "source": "osm",
    "source_ref": "node/6907415685",
    "source_url": "https://www.openstreetmap.org/node/6907415685"
   }
  },
  {
   "type": "Feature",
   "geometry": {
    "type": "Point",
    "coordinates": [
     -76.5387415,
     3.4348179
    ]
   },
   "properties": {
    "kind": "shelter_candidate",
    "name": "JC Driving School",
    "address": null,
    "phone": null,
    "capacity": null,
    "source": "osm",
    "source_ref": "node/6907437786",
    "source_url": "https://www.openstreetmap.org/node/6907437786"
   }
  },
  {
   "type": "Feature",
   "geometry": {
    "type": "Point",
    "coordinates": [
     -76.5478291,
     3.4140798
    ]
   },
   "properties": {
    "kind": "market",
    "name": "Supermercado La 14",
    "address": "Calle 5",
    "phone": null,
    "capacity": null,
    "source": "osm",
    "source_ref": "node/7118329289",
    "source_url": "https://www.openstreetmap.org/node/7118329289"
   }
  },
  {
   "type": "Feature",
   "geometry": {
    "type": "Point",
    "coordinates": [
     -76.4842548,
     3.4323109
    ]
   },
   "properties": {
    "kind": "market",
    "name": "Tiendas D1 Marroquín III",
    "address": "Diagonal 26G 9",
    "phone": null,
    "capacity": null,
    "source": "osm",
    "source_ref": "node/7309462485",
    "source_url": "https://www.openstreetmap.org/node/7309462485"
   }
  },
  {
   "type": "Feature",
   "geometry": {
    "type": "Point",
    "coordinates": [
     -76.4858536,
     3.4302624
    ]
   },
   "properties": {
    "kind": "market",
    "name": "Olímpica los lagos",
    "address": "Calle 72U",
    "phone": null,
    "capacity": null,
    "source": "osm",
    "source_ref": "node/7309469885",
    "source_url": "https://www.openstreetmap.org/node/7309469885"
   }
  },
  {
   "type": "Feature",
   "geometry": {
    "type": "Point",
    "coordinates": [
     -76.4859681,
     3.4304982
    ]
   },
   "properties": {
    "kind": "market",
    "name": "Los lagos",
    "address": "Calle 72U",
    "phone": null,
    "capacity": null,
    "source": "osm",
    "source_ref": "node/7309470085",
    "source_url": "https://www.openstreetmap.org/node/7309470085"
   }
  },
  {
   "type": "Feature",
   "geometry": {
    "type": "Point",
    "coordinates": [
     -76.5253692,
     3.4662483
    ]
   },
   "properties": {
    "kind": "shelter_candidate",
    "name": "Estación 2 Universidad Antonio José Camacho",
    "address": "Avenida 3A Norte",
    "phone": null,
    "capacity": null,
    "source": "osm",
    "source_ref": "node/7310333785",
    "source_url": "https://www.openstreetmap.org/node/7310333785"
   }
  },
  {
   "type": "Feature",
   "geometry": {
    "type": "Point",
    "coordinates": [
     -76.5321158,
     3.4143602
    ]
   },
   "properties": {
    "kind": "market",
    "name": "Autoservicio El Guabal",
    "address": "Carrera 44",
    "phone": null,
    "capacity": null,
    "source": "osm",
    "source_ref": "node/7335562851",
    "source_url": "https://www.openstreetmap.org/node/7335562851"
   }
  },
  {
   "type": "Feature",
   "geometry": {
    "type": "Point",
    "coordinates": [
     -76.547267,
     3.3733432
    ]
   },
   "properties": {
    "kind": "market",
    "name": "Tienda / supermercado (sin nombre)",
    "address": null,
    "phone": null,
    "capacity": null,
    "source": "osm",
    "source_ref": "node/7693426794",
    "source_url": "https://www.openstreetmap.org/node/7693426794"
   }
  },
  {
   "type": "Feature",
   "geometry": {
    "type": "Point",
    "coordinates": [
     -76.5443233,
     3.4211957
    ]
   },
   "properties": {
    "kind": "medical",
    "name": "Clínica del Colon",
    "address": "Calle 5C 41-43",
    "phone": "+57 310 3897722; +57 310 5536535",
    "capacity": null,
    "source": "osm",
    "source_ref": "node/8066908151",
    "source_url": "https://www.openstreetmap.org/node/8066908151"
   }
  },
  {
   "type": "Feature",
   "geometry": {
    "type": "Point",
    "coordinates": [
     -76.5196279,
     3.4737339
    ]
   },
   "properties": {
    "kind": "medical",
    "name": "Julian Ortiz Odontología Especializada",
    "address": null,
    "phone": null,
    "capacity": null,
    "source": "osm",
    "source_ref": "node/8220864206",
    "source_url": "https://www.openstreetmap.org/node/8220864206"
   }
  },
  {
   "type": "Feature",
   "geometry": {
    "type": "Point",
    "coordinates": [
     -76.5163569,
     3.4227812
    ]
   },
   "properties": {
    "kind": "shelter_candidate",
    "name": "López Casa de Eventos",
    "address": null,
    "phone": null,
    "capacity": null,
    "source": "osm",
    "source_ref": "node/8285307069",
    "source_url": "https://www.openstreetmap.org/node/8285307069"
   }
  },
  {
   "type": "Feature",
   "geometry": {
    "type": "Point",
    "coordinates": [
     -76.5226872,
     3.3567376
    ]
   },
   "properties": {
    "kind": "market",
    "name": "Supermercados Mercar",
    "address": "Cra. 112 # 25-53, Cali, Valle del Cauca",
    "phone": "+573102313277",
    "capacity": null,
    "source": "osm",
    "source_ref": "node/8307586718",
    "source_url": "https://www.openstreetmap.org/node/8307586718"
   }
  },
  {
   "type": "Feature",
   "geometry": {
    "type": "Point",
    "coordinates": [
     -76.5257223,
     3.380573
    ]
   },
   "properties": {
    "kind": "market",
    "name": "Supermercado Cañaveral",
    "address": "Calle 25 85c-100, Cali",
    "phone": "+57 2 4850175",
    "capacity": null,
    "source": "osm",
    "source_ref": "node/8430519501",
    "source_url": "https://www.openstreetmap.org/node/8430519501"
   }
  },
  {
   "type": "Feature",
   "geometry": {
    "type": "Point",
    "coordinates": [
     -76.5499843,
     3.4046227
    ]
   },
   "properties": {
    "kind": "market",
    "name": "Supertienda Pampalinda",
    "address": "Carrera 62 2A-197, Cali",
    "phone": null,
    "capacity": null,
    "source": "osm",
    "source_ref": "node/8762806471",
    "source_url": "https://www.openstreetmap.org/node/8762806471"
   }
  },
  {
   "type": "Feature",
   "geometry": {
    "type": "Point",
    "coordinates": [
     -76.537818,
     3.4200312
    ]
   },
   "properties": {
    "kind": "market",
    "name": "Amodin",
    "address": "Calle 5B5 No 36 - 63, Cali",
    "phone": "+573042157016",
    "capacity": null,
    "source": "osm",
    "source_ref": "node/8762861894",
    "source_url": "https://www.openstreetmap.org/node/8762861894"
   }
  },
  {
   "type": "Feature",
   "geometry": {
    "type": "Point",
    "coordinates": [
     -76.5289423,
     3.4485702
    ]
   },
   "properties": {
    "kind": "market",
    "name": "Tienda / supermercado (sin nombre)",
    "address": "Carrera 9 13A",
    "phone": "+57 318 6437226",
    "capacity": null,
    "source": "osm",
    "source_ref": "node/8901462617",
    "source_url": "https://www.openstreetmap.org/node/8901462617"
   }
  },
  {
   "type": "Feature",
   "geometry": {
    "type": "Point",
    "coordinates": [
     -76.527802,
     3.4891893
    ]
   },
   "properties": {
    "kind": "shelter_candidate",
    "name": "Gimnasio La Colina",
    "address": "Avenida 9 Norte 56N-8, Perímetro Urbano Santiago de Cali",
    "phone": null,
    "capacity": null,
    "source": "osm",
    "source_ref": "node/8923673702",
    "source_url": "https://www.openstreetmap.org/node/8923673702"
   }
  },
  {
   "type": "Feature",
   "geometry": {
    "type": "Point",
    "coordinates": [
     -76.5489068,
     3.4816288
    ]
   },
   "properties": {
    "kind": "shelter_candidate",
    "name": "Escuela para la Vida",
    "address": null,
    "phone": null,
    "capacity": null,
    "source": "osm",
    "source_ref": "node/8974799023",
    "source_url": "https://www.openstreetmap.org/node/8974799023"
   }
  },
  {
   "type": "Feature",
   "geometry": {
    "type": "Point",
    "coordinates": [
     -76.5980342,
     3.5205941
    ]
   },
   "properties": {
    "kind": "medical",
    "name": "Puesto de salud Alto Aguacatal",
    "address": null,
    "phone": null,
    "capacity": null,
    "source": "osm",
    "source_ref": "node/9114446146",
    "source_url": "https://www.openstreetmap.org/node/9114446146"
   }
  },
  {
   "type": "Feature",
   "geometry": {
    "type": "Point",
    "coordinates": [
     -76.5465979,
     3.4235479
    ]
   },
   "properties": {
    "kind": "shelter_candidate",
    "name": "Sabor Manicero",
    "address": null,
    "phone": null,
    "capacity": null,
    "source": "osm",
    "source_ref": "node/9150176917",
    "source_url": "https://www.openstreetmap.org/node/9150176917"
   }
  },
  {
   "type": "Feature",
   "geometry": {
    "type": "Point",
    "coordinates": [
     -76.5288426,
     3.4603059
    ]
   },
   "properties": {
    "kind": "medical",
    "name": "Clínica Cristo Rey",
    "address": null,
    "phone": null,
    "capacity": null,
    "source": "osm",
    "source_ref": "node/9174985676",
    "source_url": "https://www.openstreetmap.org/node/9174985676"
   }
  },
  {
   "type": "Feature",
   "geometry": {
    "type": "Point",
    "coordinates": [
     -76.490479,
     3.4742359
    ]
   },
   "properties": {
    "kind": "medical",
    "name": "IPS La Rivera",
    "address": null,
    "phone": null,
    "capacity": null,
    "source": "osm",
    "source_ref": "node/9174999462",
    "source_url": "https://www.openstreetmap.org/node/9174999462"
   }
  },
  {
   "type": "Feature",
   "geometry": {
    "type": "Point",
    "coordinates": [
     -76.5425643,
     3.4508231
    ]
   },
   "properties": {
    "kind": "medical",
    "name": "La Rebaja Plus",
    "address": null,
    "phone": null,
    "capacity": null,
    "source": "osm",
    "source_ref": "node/9195148717",
    "source_url": "https://www.openstreetmap.org/node/9195148717"
   }
  },
  {
   "type": "Feature",
   "geometry": {
    "type": "Point",
    "coordinates": [
     -76.5221921,
     3.3771996
    ]
   },
   "properties": {
    "kind": "market",
    "name": "Tienda / supermercado (sin nombre)",
    "address": null,
    "phone": null,
    "capacity": null,
    "source": "osm",
    "source_ref": "node/9197878665",
    "source_url": "https://www.openstreetmap.org/node/9197878665"
   }
  },
  {
   "type": "Feature",
   "geometry": {
    "type": "Point",
    "coordinates": [
     -76.5229552,
     3.376648
    ]
   },
   "properties": {
    "kind": "market",
    "name": "Tienda / supermercado (sin nombre)",
    "address": null,
    "phone": null,
    "capacity": null,
    "source": "osm",
    "source_ref": "node/9197878666",
    "source_url": "https://www.openstreetmap.org/node/9197878666"
   }
  },
  {
   "type": "Feature",
   "geometry": {
    "type": "Point",
    "coordinates": [
     -76.5232381,
     3.3774192
    ]
   },
   "properties": {
    "kind": "shelter_candidate",
    "name": "Pinturitas Sede B",
    "address": "Carrera 90 28 04, Cali",
    "phone": null,
    "capacity": null,
    "source": "osm",
    "source_ref": "node/9212932705",
    "source_url": "https://www.openstreetmap.org/node/9212932705"
   }
  },
  {
   "type": "Feature",
   "geometry": {
    "type": "Point",
    "coordinates": [
     -76.5222122,
     3.3774466
    ]
   },
   "properties": {
    "kind": "shelter_candidate",
    "name": "Pinturitas",
    "address": "Carrera 90 28 98, Cali",
    "phone": null,
    "capacity": null,
    "source": "osm",
    "source_ref": "node/9212932706",
    "source_url": "https://www.openstreetmap.org/node/9212932706"
   }
  },
  {
   "type": "Feature",
   "geometry": {
    "type": "Point",
    "coordinates": [
     -76.520856,
     3.3774617
    ]
   },
   "properties": {
    "kind": "shelter_candidate",
    "name": "Jardín infantil Angelitos",
    "address": null,
    "phone": "+57 3176756696",
    "capacity": null,
    "source": "osm",
    "source_ref": "node/9212932709",
    "source_url": "https://www.openstreetmap.org/node/9212932709"
   }
  },
  {
   "type": "Feature",
   "geometry": {
    "type": "Point",
    "coordinates": [
     -76.5407811,
     3.4028516
    ]
   },
   "properties": {
    "kind": "market",
    "name": "D1",
    "address": null,
    "phone": null,
    "capacity": null,
    "source": "osm",
    "source_ref": "node/9234319300",
    "source_url": "https://www.openstreetmap.org/node/9234319300"
   }
  },
  {
   "type": "Feature",
   "geometry": {
    "type": "Point",
    "coordinates": [
     -76.5329021,
     3.3638332
    ]
   },
   "properties": {
    "kind": "pharmacy",
    "name": "Cruz Verde Antiguo",
    "address": null,
    "phone": null,
    "capacity": null,
    "source": "osm",
    "source_ref": "node/9265227624",
    "source_url": "https://www.openstreetmap.org/node/9265227624"
   }
  },
  {
   "type": "Feature",
   "geometry": {
    "type": "Point",
    "coordinates": [
     -76.5312526,
     3.3624382
    ]
   },
   "properties": {
    "kind": "pharmacy",
    "name": "Cruz Verde Nuevo",
    "address": null,
    "phone": null,
    "capacity": null,
    "source": "osm",
    "source_ref": "node/9265235991",
    "source_url": "https://www.openstreetmap.org/node/9265235991"
   }
  },
  {
   "type": "Feature",
   "geometry": {
    "type": "Point",
    "coordinates": [
     -76.4792284,
     3.3462105
    ]
   },
   "properties": {
    "kind": "shelter_candidate",
    "name": "Institución Educativa El Hormiguero - Sede Tulia Borrero Mercado",
    "address": null,
    "phone": null,
    "capacity": null,
    "source": "osm",
    "source_ref": "node/9359472409",
    "source_url": "https://www.openstreetmap.org/node/9359472409"
   }
  },
  {
   "type": "Feature",
   "geometry": {
    "type": "Point",
    "coordinates": [
     -76.4952548,
     3.4342272
    ]
   },
   "properties": {
    "kind": "market",
    "name": "D1",
    "address": null,
    "phone": null,
    "capacity": null,
    "source": "osm",
    "source_ref": "node/9402649642",
    "source_url": "https://www.openstreetmap.org/node/9402649642"
   }
  },
  {
   "type": "Feature",
   "geometry": {
    "type": "Point",
    "coordinates": [
     -76.5230558,
     3.3513776
    ]
   },
   "properties": {
    "kind": "shelter_candidate",
    "name": "Gimnasio los farallones",
    "address": null,
    "phone": null,
    "capacity": null,
    "source": "osm",
    "source_ref": "node/9402653239",
    "source_url": "https://www.openstreetmap.org/node/9402653239"
   }
  },
  {
   "type": "Feature",
   "geometry": {
    "type": "Point",
    "coordinates": [
     -76.5112885,
     3.4159497
    ]
   },
   "properties": {
    "kind": "market",
    "name": "Agrofruber Simón bolivar",
    "address": null,
    "phone": null,
    "capacity": null,
    "source": "osm",
    "source_ref": "node/9402653408",
    "source_url": "https://www.openstreetmap.org/node/9402653408"
   }
  },
  {
   "type": "Feature",
   "geometry": {
    "type": "Point",
    "coordinates": [
     -76.4828651,
     3.4582847
    ]
   },
   "properties": {
    "kind": "market",
    "name": "D1",
    "address": null,
    "phone": null,
    "capacity": null,
    "source": "osm",
    "source_ref": "node/9402653409",
    "source_url": "https://www.openstreetmap.org/node/9402653409"
   }
  },
  {
   "type": "Feature",
   "geometry": {
    "type": "Point",
    "coordinates": [
     -76.5020828,
     3.4420905
    ]
   },
   "properties": {
    "kind": "pharmacy",
    "name": "Pharma unidos",
    "address": null,
    "phone": null,
    "capacity": null,
    "source": "osm",
    "source_ref": "node/9404547892",
    "source_url": "https://www.openstreetmap.org/node/9404547892"
   }
  },
  {
   "type": "Feature",
   "geometry": {
    "type": "Point",
    "coordinates": [
     -76.5088241,
     3.432094
    ]
   },
   "properties": {
    "kind": "market",
    "name": "D1",
    "address": null,
    "phone": null,
    "capacity": null,
    "source": "osm",
    "source_ref": "node/9404551480",
    "source_url": "https://www.openstreetmap.org/node/9404551480"
   }
  },
  {
   "type": "Feature",
   "geometry": {
    "type": "Point",
    "coordinates": [
     -76.5022302,
     3.4317876
    ]
   },
   "properties": {
    "kind": "market",
    "name": "D1",
    "address": null,
    "phone": null,
    "capacity": null,
    "source": "osm",
    "source_ref": "node/9404615429",
    "source_url": "https://www.openstreetmap.org/node/9404615429"
   }
  },
  {
   "type": "Feature",
   "geometry": {
    "type": "Point",
    "coordinates": [
     -76.5054914,
     3.4337026
    ]
   },
   "properties": {
    "kind": "pharmacy",
    "name": "La Rebaja",
    "address": null,
    "phone": null,
    "capacity": null,
    "source": "osm",
    "source_ref": "node/9404618369",
    "source_url": "https://www.openstreetmap.org/node/9404618369"
   }
  },
  {
   "type": "Feature",
   "geometry": {
    "type": "Point",
    "coordinates": [
     -76.5042678,
     3.4498205
    ]
   },
   "properties": {
    "kind": "pharmacy",
    "name": "Napolitana",
    "address": null,
    "phone": null,
    "capacity": null,
    "source": "osm",
    "source_ref": "node/9404657864",
    "source_url": "https://www.openstreetmap.org/node/9404657864"
   }
  },
  {
   "type": "Feature",
   "geometry": {
    "type": "Point",
    "coordinates": [
     -76.5012752,
     3.4398774
    ]
   },
   "properties": {
    "kind": "pharmacy",
    "name": "MedicPharmacy",
    "address": null,
    "phone": null,
    "capacity": null,
    "source": "osm",
    "source_ref": "node/9404661168",
    "source_url": "https://www.openstreetmap.org/node/9404661168"
   }
  },
  {
   "type": "Feature",
   "geometry": {
    "type": "Point",
    "coordinates": [
     -76.5189093,
     3.4793806
    ]
   },
   "properties": {
    "kind": "market",
    "name": "D1",
    "address": null,
    "phone": null,
    "capacity": null,
    "source": "osm",
    "source_ref": "node/9404661169",
    "source_url": "https://www.openstreetmap.org/node/9404661169"
   }
  },
  {
   "type": "Feature",
   "geometry": {
    "type": "Point",
    "coordinates": [
     -76.4996374,
     3.4815558
    ]
   },
   "properties": {
    "kind": "market",
    "name": "D1",
    "address": null,
    "phone": null,
    "capacity": null,
    "source": "osm",
    "source_ref": "node/9404664800",
    "source_url": "https://www.openstreetmap.org/node/9404664800"
   }
  },
  {
   "type": "Feature",
   "geometry": {
    "type": "Point",
    "coordinates": [
     -76.5075722,
     3.4328686
    ]
   },
   "properties": {
    "kind": "market",
    "name": "El frutero",
    "address": null,
    "phone": null,
    "capacity": null,
    "source": "osm",
    "source_ref": "node/9404665580",
    "source_url": "https://www.openstreetmap.org/node/9404665580"
   }
  },
  {
   "type": "Feature",
   "geometry": {
    "type": "Point",
    "coordinates": [
     -76.5179663,
     3.4861587
    ]
   },
   "properties": {
    "kind": "pharmacy",
    "name": "Farmavital",
    "address": null,
    "phone": null,
    "capacity": null,
    "source": "osm",
    "source_ref": "node/9404665727",
    "source_url": "https://www.openstreetmap.org/node/9404665727"
   }
  },
  {
   "type": "Feature",
   "geometry": {
    "type": "Point",
    "coordinates": [
     -76.4994959,
     3.481473
    ]
   },
   "properties": {
    "kind": "market",
    "name": "D1",
    "address": null,
    "phone": null,
    "capacity": null,
    "source": "osm",
    "source_ref": "node/9438276716",
    "source_url": "https://www.openstreetmap.org/node/9438276716"
   }
  },
  {
   "type": "Feature",
   "geometry": {
    "type": "Point",
    "coordinates": [
     -76.5350023,
     3.3930158
    ]
   },
   "properties": {
    "kind": "pharmacy",
    "name": "Cruz Verde Cañaveral",
    "address": null,
    "phone": null,
    "capacity": null,
    "source": "osm",
    "source_ref": "node/10104666988",
    "source_url": "https://www.openstreetmap.org/node/10104666988"
   }
  },
  {
   "type": "Feature",
   "geometry": {
    "type": "Point",
    "coordinates": [
     -76.5081225,
     3.4050953
    ]
   },
   "properties": {
    "kind": "pharmacy",
    "name": "Cruz Verde República de Israel",
    "address": null,
    "phone": null,
    "capacity": null,
    "source": "osm",
    "source_ref": "node/10104667847",
    "source_url": "https://www.openstreetmap.org/node/10104667847"
   }
  },
  {
   "type": "Feature",
   "geometry": {
    "type": "Point",
    "coordinates": [
     -76.4976941,
     3.4806258
    ]
   },
   "properties": {
    "kind": "market",
    "name": "D1",
    "address": null,
    "phone": null,
    "capacity": null,
    "source": "osm",
    "source_ref": "node/10134557996",
    "source_url": "https://www.openstreetmap.org/node/10134557996"
   }
  },
  {
   "type": "Feature",
   "geometry": {
    "type": "Point",
    "coordinates": [
     -76.5137343,
     3.4392096
    ]
   },
   "properties": {
    "kind": "pharmacy",
    "name": "Roman",
    "address": null,
    "phone": null,
    "capacity": null,
    "source": "osm",
    "source_ref": "node/10238091486",
    "source_url": "https://www.openstreetmap.org/node/10238091486"
   }
  },
  {
   "type": "Feature",
   "geometry": {
    "type": "Point",
    "coordinates": [
     -76.5125398,
     3.4408119
    ]
   },
   "properties": {
    "kind": "pharmacy",
    "name": "Confamil",
    "address": null,
    "phone": null,
    "capacity": null,
    "source": "osm",
    "source_ref": "node/10238094803",
    "source_url": "https://www.openstreetmap.org/node/10238094803"
   }
  },
  {
   "type": "Feature",
   "geometry": {
    "type": "Point",
    "coordinates": [
     -76.5179935,
     3.4111129
    ]
   },
   "properties": {
    "kind": "pharmacy",
    "name": "Darsalid",
    "address": null,
    "phone": null,
    "capacity": null,
    "source": "osm",
    "source_ref": "node/10238099155",
    "source_url": "https://www.openstreetmap.org/node/10238099155"
   }
  },
  {
   "type": "Feature",
   "geometry": {
    "type": "Point",
    "coordinates": [
     -76.5439381,
     3.4207423
    ]
   },
   "properties": {
    "kind": "medical",
    "name": "Clinica Orva Medical Group",
    "address": null,
    "phone": null,
    "capacity": null,
    "source": "osm",
    "source_ref": "node/10307870202",
    "source_url": "https://www.openstreetmap.org/node/10307870202"
   }
  },
  {
   "type": "Feature",
   "geometry": {
    "type": "Point",
    "coordinates": [
     -76.5098536,
     3.4317526
    ]
   },
   "properties": {
    "kind": "pharmacy",
    "name": "James",
    "address": null,
    "phone": null,
    "capacity": null,
    "source": "osm",
    "source_ref": "node/10312915623",
    "source_url": "https://www.openstreetmap.org/node/10312915623"
   }
  },
  {
   "type": "Feature",
   "geometry": {
    "type": "Point",
    "coordinates": [
     -76.5209821,
     3.5195373
    ]
   },
   "properties": {
    "kind": "shelter_candidate",
    "name": "Colegio Jefferson",
    "address": null,
    "phone": null,
    "capacity": null,
    "source": "osm",
    "source_ref": "node/10705358576",
    "source_url": "https://www.openstreetmap.org/node/10705358576"
   }
  },
  {
   "type": "Feature",
   "geometry": {
    "type": "Point",
    "coordinates": [
     -76.5451762,
     3.340793
    ]
   },
   "properties": {
    "kind": "shelter_candidate",
    "name": "Colegio Bolívar",
    "address": null,
    "phone": null,
    "capacity": null,
    "source": "osm",
    "source_ref": "node/10705471377",
    "source_url": "https://www.openstreetmap.org/node/10705471377"
   }
  },
  {
   "type": "Feature",
   "geometry": {
    "type": "Point",
    "coordinates": [
     -76.5239769,
     3.3852572
    ]
   },
   "properties": {
    "kind": "market",
    "name": "DollarCity",
    "address": null,
    "phone": null,
    "capacity": null,
    "source": "osm",
    "source_ref": "node/10827458980",
    "source_url": "https://www.openstreetmap.org/node/10827458980"
   }
  },
  {
   "type": "Feature",
   "geometry": {
    "type": "Point",
    "coordinates": [
     -76.5239512,
     3.3851138
    ]
   },
   "properties": {
    "kind": "market",
    "name": "D1",
    "address": null,
    "phone": null,
    "capacity": null,
    "source": "osm",
    "source_ref": "node/10827458984",
    "source_url": "https://www.openstreetmap.org/node/10827458984"
   }
  },
  {
   "type": "Feature",
   "geometry": {
    "type": "Point",
    "coordinates": [
     -76.5265869,
     3.4729896
    ]
   },
   "properties": {
    "kind": "shelter_candidate",
    "name": "Berlitz",
    "address": null,
    "phone": null,
    "capacity": null,
    "source": "osm",
    "source_ref": "node/10828242706",
    "source_url": "https://www.openstreetmap.org/node/10828242706"
   }
  },
  {
   "type": "Feature",
   "geometry": {
    "type": "Point",
    "coordinates": [
     -76.5327447,
     3.364186
    ]
   },
   "properties": {
    "kind": "pharmacy",
    "name": "Farmatodo",
    "address": null,
    "phone": null,
    "capacity": null,
    "source": "osm",
    "source_ref": "node/10968103611",
    "source_url": "https://www.openstreetmap.org/node/10968103611"
   }
  },
  {
   "type": "Feature",
   "geometry": {
    "type": "Point",
    "coordinates": [
     -76.5424734,
     3.4507838
    ]
   },
   "properties": {
    "kind": "market",
    "name": "D1",
    "address": null,
    "phone": null,
    "capacity": null,
    "source": "osm",
    "source_ref": "node/10981483907",
    "source_url": "https://www.openstreetmap.org/node/10981483907"
   }
  },
  {
   "type": "Feature",
   "geometry": {
    "type": "Point",
    "coordinates": [
     -76.542457,
     3.4510192
    ]
   },
   "properties": {
    "kind": "market",
    "name": "Rapimerque",
    "address": null,
    "phone": null,
    "capacity": null,
    "source": "osm",
    "source_ref": "node/10981493306",
    "source_url": "https://www.openstreetmap.org/node/10981493306"
   }
  },
  {
   "type": "Feature",
   "geometry": {
    "type": "Point",
    "coordinates": [
     -76.5262839,
     3.4672534
    ]
   },
   "properties": {
    "kind": "medical",
    "name": "Dra. Claudia Collazos",
    "address": "Avenida 4 Norte 24-42, Cali",
    "phone": null,
    "capacity": null,
    "source": "osm",
    "source_ref": "node/11059475389",
    "source_url": "https://www.openstreetmap.org/node/11059475389"
   }
  },
  {
   "type": "Feature",
   "geometry": {
    "type": "Point",
    "coordinates": [
     -76.539151,
     3.4098928
    ]
   },
   "properties": {
    "kind": "medical",
    "name": "Urgencias Clínica Farallones",
    "address": "Calle 9C 50-25, Cali",
    "phone": "+57 602 4896070",
    "capacity": null,
    "source": "osm",
    "source_ref": "node/11159229896",
    "source_url": "https://www.openstreetmap.org/node/11159229896"
   }
  },
  {
   "type": "Feature",
   "geometry": {
    "type": "Point",
    "coordinates": [
     -76.5351409,
     3.4074499
    ]
   },
   "properties": {
    "kind": "market",
    "name": "Tiendas D1",
    "address": "Calle 13",
    "phone": null,
    "capacity": null,
    "source": "osm",
    "source_ref": "node/11159575626",
    "source_url": "https://www.openstreetmap.org/node/11159575626"
   }
  },
  {
   "type": "Feature",
   "geometry": {
    "type": "Point",
    "coordinates": [
     -76.5271197,
     3.3706829
    ]
   },
   "properties": {
    "kind": "market",
    "name": "Jumbo",
    "address": null,
    "phone": null,
    "capacity": null,
    "source": "osm",
    "source_ref": "node/11261782033",
    "source_url": "https://www.openstreetmap.org/node/11261782033"
   }
  },
  {
   "type": "Feature",
   "geometry": {
    "type": "Point",
    "coordinates": [
     -76.5463869,
     3.3949262
    ]
   },
   "properties": {
    "kind": "pharmacy",
    "name": "Drogas La Rebaja",
    "address": null,
    "phone": null,
    "capacity": null,
    "source": "osm",
    "source_ref": "node/11388158111",
    "source_url": "https://www.openstreetmap.org/node/11388158111"
   }
  },
  {
   "type": "Feature",
   "geometry": {
    "type": "Point",
    "coordinates": [
     -76.4839947,
     3.4268616
    ]
   },
   "properties": {
    "kind": "responder",
    "name": "Estación Los Mangos",
    "address": null,
    "phone": null,
    "capacity": null,
    "source": "osm",
    "source_ref": "node/11420794980",
    "source_url": "https://www.openstreetmap.org/node/11420794980"
   }
  },
  {
   "type": "Feature",
   "geometry": {
    "type": "Point",
    "coordinates": [
     -76.5300396,
     3.3681109
    ]
   },
   "properties": {
    "kind": "medical",
    "name": "IPS Sura Aventura Plaza",
    "address": null,
    "phone": null,
    "capacity": null,
    "source": "osm",
    "source_ref": "node/11504714397",
    "source_url": "https://www.openstreetmap.org/node/11504714397"
   }
  },
  {
   "type": "Feature",
   "geometry": {
    "type": "Point",
    "coordinates": [
     -76.5282109,
     3.4181385
    ]
   },
   "properties": {
    "kind": "market",
    "name": "D1",
    "address": null,
    "phone": null,
    "capacity": null,
    "source": "osm",
    "source_ref": "node/11529022680",
    "source_url": "https://www.openstreetmap.org/node/11529022680"
   }
  },
  {
   "type": "Feature",
   "geometry": {
    "type": "Point",
    "coordinates": [
     -76.5332133,
     3.3642402
    ]
   },
   "properties": {
    "kind": "pharmacy",
    "name": "Cruz Verde",
    "address": null,
    "phone": null,
    "capacity": null,
    "source": "osm",
    "source_ref": "node/11554098429",
    "source_url": "https://www.openstreetmap.org/node/11554098429"
   }
  },
  {
   "type": "Feature",
   "geometry": {
    "type": "Point",
    "coordinates": [
     -76.5030104,
     3.4486582
    ]
   },
   "properties": {
    "kind": "market",
    "name": "Salsamentaria Valeria",
    "address": null,
    "phone": null,
    "capacity": null,
    "source": "osm",
    "source_ref": "node/11568659782",
    "source_url": "https://www.openstreetmap.org/node/11568659782"
   }
  },
  {
   "type": "Feature",
   "geometry": {
    "type": "Point",
    "coordinates": [
     -76.5292315,
     3.3807433
    ]
   },
   "properties": {
    "kind": "medical",
    "name": "Farmacia Droguería San Jorge - Ingenio",
    "address": "Cra 85c #15119, Cali",
    "phone": "+5726410888",
    "capacity": null,
    "source": "osm",
    "source_ref": "node/11603129466",
    "source_url": "https://www.openstreetmap.org/node/11603129466"
   }
  },
  {
   "type": "Feature",
   "geometry": {
    "type": "Point",
    "coordinates": [
     -76.4976029,
     3.4671852
    ]
   },
   "properties": {
    "kind": "medical",
    "name": "Centro De Reconocimiento De Conductores PASEYA SALOMIA S.A.",
    "address": null,
    "phone": "+576024470808",
    "capacity": null,
    "source": "osm",
    "source_ref": "node/11643166545",
    "source_url": "https://www.openstreetmap.org/node/11643166545"
   }
  },
  {
   "type": "Feature",
   "geometry": {
    "type": "Point",
    "coordinates": [
     -76.5331645,
     3.4509548
    ]
   },
   "properties": {
    "kind": "market",
    "name": "Ara",
    "address": null,
    "phone": null,
    "capacity": null,
    "source": "osm",
    "source_ref": "node/11688914369",
    "source_url": "https://www.openstreetmap.org/node/11688914369"
   }
  },
  {
   "type": "Feature",
   "geometry": {
    "type": "Point",
    "coordinates": [
     -76.5417933,
     3.38413
    ]
   },
   "properties": {
    "kind": "market",
    "name": "Tarzan MiniMarket",
    "address": "Calle 6-105 Carrera 82, Cali",
    "phone": null,
    "capacity": null,
    "source": "osm",
    "source_ref": "node/11948947917",
    "source_url": "https://www.openstreetmap.org/node/11948947917"
   }
  },
  {
   "type": "Feature",
   "geometry": {
    "type": "Point",
    "coordinates": [
     -76.5363018,
     3.4040866
    ]
   },
   "properties": {
    "kind": "medical",
    "name": "Maxilo Studio",
    "address": "Carrera 13 57-80, Cali",
    "phone": null,
    "capacity": null,
    "source": "osm",
    "source_ref": "node/12072625691",
    "source_url": "https://www.openstreetmap.org/node/12072625691"
   }
  },
  {
   "type": "Feature",
   "geometry": {
    "type": "Point",
    "coordinates": [
     -76.5323192,
     3.3320229
    ]
   },
   "properties": {
    "kind": "medical",
    "name": "Drogueria alemana",
    "address": null,
    "phone": null,
    "capacity": null,
    "source": "osm",
    "source_ref": "node/12084046008",
    "source_url": "https://www.openstreetmap.org/node/12084046008"
   }
  },
  {
   "type": "Feature",
   "geometry": {
    "type": "Point",
    "coordinates": [
     -76.535123,
     3.3433749
    ]
   },
   "properties": {
    "kind": "market",
    "name": "Cañaveral pance",
    "address": null,
    "phone": null,
    "capacity": null,
    "source": "osm",
    "source_ref": "node/12084046036",
    "source_url": "https://www.openstreetmap.org/node/12084046036"
   }
  },
  {
   "type": "Feature",
   "geometry": {
    "type": "Point",
    "coordinates": [
     -76.5072402,
     3.4632002
    ]
   },
   "properties": {
    "kind": "pharmacy",
    "name": "La Rebaja",
    "address": null,
    "phone": null,
    "capacity": null,
    "source": "osm",
    "source_ref": "node/12106410680",
    "source_url": "https://www.openstreetmap.org/node/12106410680"
   }
  },
  {
   "type": "Feature",
   "geometry": {
    "type": "Point",
    "coordinates": [
     -76.5074828,
     3.4627041
    ]
   },
   "properties": {
    "kind": "market",
    "name": "Ara",
    "address": null,
    "phone": null,
    "capacity": null,
    "source": "osm",
    "source_ref": "node/12106412460",
    "source_url": "https://www.openstreetmap.org/node/12106412460"
   }
  },
  {
   "type": "Feature",
   "geometry": {
    "type": "Point",
    "coordinates": [
     -76.5292278,
     3.4621221
    ]
   },
   "properties": {
    "kind": "medical",
    "name": "Sanitas EPS",
    "address": null,
    "phone": null,
    "capacity": null,
    "source": "osm",
    "source_ref": "node/12170886833",
    "source_url": "https://www.openstreetmap.org/node/12170886833"
   }
  },
  {
   "type": "Feature",
   "geometry": {
    "type": "Point",
    "coordinates": [
     -76.5464541,
     3.420947
    ]
   },
   "properties": {
    "kind": "medical",
    "name": "Latin Surgery Círugia Plástica",
    "address": "Carrera 42A # 5a 66, Cali",
    "phone": null,
    "capacity": null,
    "source": "osm",
    "source_ref": "node/12344022586",
    "source_url": "https://www.openstreetmap.org/node/12344022586"
   }
  },
  {
   "type": "Feature",
   "geometry": {
    "type": "Point",
    "coordinates": [
     -76.5065719,
     3.4621036
    ]
   },
   "properties": {
    "kind": "market",
    "name": "Su Papa Supermercado",
    "address": null,
    "phone": null,
    "capacity": null,
    "source": "osm",
    "source_ref": "node/12431416480",
    "source_url": "https://www.openstreetmap.org/node/12431416480"
   }
  },
  {
   "type": "Feature",
   "geometry": {
    "type": "Point",
    "coordinates": [
     -76.5002402,
     3.4748256
    ]
   },
   "properties": {
    "kind": "market",
    "name": "D1",
    "address": null,
    "phone": null,
    "capacity": null,
    "source": "osm",
    "source_ref": "node/12453673620",
    "source_url": "https://www.openstreetmap.org/node/12453673620"
   }
  },
  {
   "type": "Feature",
   "geometry": {
    "type": "Point",
    "coordinates": [
     -76.5002671,
     3.4749212
    ]
   },
   "properties": {
    "kind": "market",
    "name": "Ara",
    "address": null,
    "phone": null,
    "capacity": null,
    "source": "osm",
    "source_ref": "node/12453673621",
    "source_url": "https://www.openstreetmap.org/node/12453673621"
   }
  },
  {
   "type": "Feature",
   "geometry": {
    "type": "Point",
    "coordinates": [
     -76.5478447,
     3.4087875
    ]
   },
   "properties": {
    "kind": "pharmacy",
    "name": "La Rebaja",
    "address": null,
    "phone": null,
    "capacity": null,
    "source": "osm",
    "source_ref": "node/12504757190",
    "source_url": "https://www.openstreetmap.org/node/12504757190"
   }
  },
  {
   "type": "Feature",
   "geometry": {
    "type": "Point",
    "coordinates": [
     -76.5479553,
     3.4088029
    ]
   },
   "properties": {
    "kind": "market",
    "name": "Oxxo",
    "address": "Carrera 56",
    "phone": null,
    "capacity": null,
    "source": "osm",
    "source_ref": "node/12504757191",
    "source_url": "https://www.openstreetmap.org/node/12504757191"
   }
  },
  {
   "type": "Feature",
   "geometry": {
    "type": "Point",
    "coordinates": [
     -76.5478863,
     3.4087915
    ]
   },
   "properties": {
    "kind": "pharmacy",
    "name": "Comfandi",
    "address": null,
    "phone": null,
    "capacity": null,
    "source": "osm",
    "source_ref": "node/12504757192",
    "source_url": "https://www.openstreetmap.org/node/12504757192"
   }
  },
  {
   "type": "Feature",
   "geometry": {
    "type": "Point",
    "coordinates": [
     -76.5553287,
     3.410153
    ]
   },
   "properties": {
    "kind": "pharmacy",
    "name": "Comfandi",
    "address": null,
    "phone": null,
    "capacity": null,
    "source": "osm",
    "source_ref": "node/12504757193",
    "source_url": "https://www.openstreetmap.org/node/12504757193"
   }
  },
  {
   "type": "Feature",
   "geometry": {
    "type": "Point",
    "coordinates": [
     -76.5414305,
     3.4347783
    ]
   },
   "properties": {
    "kind": "market",
    "name": "D1 supermarket",
    "address": null,
    "phone": null,
    "capacity": null,
    "source": "osm",
    "source_ref": "node/12532934601",
    "source_url": "https://www.openstreetmap.org/node/12532934601"
   }
  },
  {
   "type": "Feature",
   "geometry": {
    "type": "Point",
    "coordinates": [
     -76.5480286,
     3.424884
    ]
   },
   "properties": {
    "kind": "medical",
    "name": "Medicina Integral IPS",
    "address": "Carrera 39 4A-13",
    "phone": null,
    "capacity": null,
    "source": "osm",
    "source_ref": "node/12557610653",
    "source_url": "https://www.openstreetmap.org/node/12557610653"
   }
  },
  {
   "type": "Feature",
   "geometry": {
    "type": "Point",
    "coordinates": [
     -76.536326,
     3.4453748
    ]
   },
   "properties": {
    "kind": "market",
    "name": "D1",
    "address": null,
    "phone": null,
    "capacity": null,
    "source": "osm",
    "source_ref": "node/12942539501",
    "source_url": "https://www.openstreetmap.org/node/12942539501"
   }
  },
  {
   "type": "Feature",
   "geometry": {
    "type": "Point",
    "coordinates": [
     -76.5342942,
     3.4359098
    ]
   },
   "properties": {
    "kind": "market",
    "name": "D1",
    "address": null,
    "phone": null,
    "capacity": null,
    "source": "osm",
    "source_ref": "node/12942540502",
    "source_url": "https://www.openstreetmap.org/node/12942540502"
   }
  },
  {
   "type": "Feature",
   "geometry": {
    "type": "Point",
    "coordinates": [
     -76.5086597,
     3.4170838
    ]
   },
   "properties": {
    "kind": "shelter_candidate",
    "name": "Institución educativa Pablo Neruda",
    "address": "Carrera 39D",
    "phone": null,
    "capacity": null,
    "source": "osm",
    "source_ref": "node/12982813301",
    "source_url": "https://www.openstreetmap.org/node/12982813301"
   }
  },
  {
   "type": "Feature",
   "geometry": {
    "type": "Point",
    "coordinates": [
     -76.5381989,
     3.4326308
    ]
   },
   "properties": {
    "kind": "shelter_candidate",
    "name": "Corporación Regional de Educación Superior",
    "address": "Carrera 28 6-69, Cali",
    "phone": null,
    "capacity": null,
    "source": "osm",
    "source_ref": "node/13158797350",
    "source_url": "https://www.openstreetmap.org/node/13158797350"
   }
  },
  {
   "type": "Feature",
   "geometry": {
    "type": "Point",
    "coordinates": [
     -76.5340612,
     3.4424325
    ]
   },
   "properties": {
    "kind": "shelter_candidate",
    "name": "Universidad del Quindío - Sede Cali",
    "address": null,
    "phone": null,
    "capacity": null,
    "source": "osm",
    "source_ref": "node/13462543533",
    "source_url": "https://www.openstreetmap.org/node/13462543533"
   }
  },
  {
   "type": "Feature",
   "geometry": {
    "type": "Point",
    "coordinates": [
     -76.5313303,
     3.4239434
    ]
   },
   "properties": {
    "kind": "shelter_candidate",
    "name": "Institución Educativa Normal Superior de Cali - Bachillerato",
    "address": null,
    "phone": null,
    "capacity": null,
    "source": "osm",
    "source_ref": "node/13481789938",
    "source_url": "https://www.openstreetmap.org/node/13481789938"
   }
  },
  {
   "type": "Feature",
   "geometry": {
    "type": "Point",
    "coordinates": [
     -76.5324494,
     3.4587842
    ]
   },
   "properties": {
    "kind": "market",
    "name": "D1",
    "address": null,
    "phone": null,
    "capacity": null,
    "source": "osm",
    "source_ref": "node/13484018848",
    "source_url": "https://www.openstreetmap.org/node/13484018848"
   }
  },
  {
   "type": "Feature",
   "geometry": {
    "type": "Point",
    "coordinates": [
     -76.5345037,
     3.434499
    ]
   },
   "properties": {
    "kind": "market",
    "name": "Ara",
    "address": null,
    "phone": null,
    "capacity": null,
    "source": "osm",
    "source_ref": "node/13502728954",
    "source_url": "https://www.openstreetmap.org/node/13502728954"
   }
  },
  {
   "type": "Feature",
   "geometry": {
    "type": "Point",
    "coordinates": [
     -76.534023,
     3.4563406
    ]
   },
   "properties": {
    "kind": "market",
    "name": "Ara",
    "address": null,
    "phone": null,
    "capacity": null,
    "source": "osm",
    "source_ref": "node/13505226297",
    "source_url": "https://www.openstreetmap.org/node/13505226297"
   }
  },
  {
   "type": "Feature",
   "geometry": {
    "type": "Point",
    "coordinates": [
     -76.5287134,
     3.3664205
    ]
   },
   "properties": {
    "kind": "market",
    "name": "Tiendas D1 Rio Lili",
    "address": null,
    "phone": null,
    "capacity": null,
    "source": "osm",
    "source_ref": "node/13515632605",
    "source_url": "https://www.openstreetmap.org/node/13515632605"
   }
  },
  {
   "type": "Feature",
   "geometry": {
    "type": "Point",
    "coordinates": [
     -76.5295507,
     3.3669014
    ]
   },
   "properties": {
    "kind": "medical",
    "name": "Dentix",
    "address": null,
    "phone": null,
    "capacity": null,
    "source": "osm",
    "source_ref": "node/13515632606",
    "source_url": "https://www.openstreetmap.org/node/13515632606"
   }
  },
  {
   "type": "Feature",
   "geometry": {
    "type": "Point",
    "coordinates": [
     -76.5293237,
     3.3668093
    ]
   },
   "properties": {
    "kind": "medical",
    "name": "DentiSalud",
    "address": null,
    "phone": null,
    "capacity": null,
    "source": "osm",
    "source_ref": "node/13515632609",
    "source_url": "https://www.openstreetmap.org/node/13515632609"
   }
  },
  {
   "type": "Feature",
   "geometry": {
    "type": "Point",
    "coordinates": [
     -76.5283646,
     3.3662965
    ]
   },
   "properties": {
    "kind": "medical",
    "name": "Farmavital",
    "address": null,
    "phone": null,
    "capacity": null,
    "source": "osm",
    "source_ref": "node/13515632612",
    "source_url": "https://www.openstreetmap.org/node/13515632612"
   }
  },
  {
   "type": "Feature",
   "geometry": {
    "type": "Point",
    "coordinates": [
     -76.5279423,
     3.3660937
    ]
   },
   "properties": {
    "kind": "market",
    "name": "Super Galerías Plaza",
    "address": null,
    "phone": "+57 311 7260471",
    "capacity": null,
    "source": "osm",
    "source_ref": "node/13515632613",
    "source_url": "https://www.openstreetmap.org/node/13515632613"
   }
  },
  {
   "type": "Feature",
   "geometry": {
    "type": "Point",
    "coordinates": [
     -76.5448011,
     3.4120818
    ]
   },
   "properties": {
    "kind": "market",
    "name": "Tienda",
    "address": null,
    "phone": null,
    "capacity": null,
    "source": "osm",
    "source_ref": "node/13722024876",
    "source_url": "https://www.openstreetmap.org/node/13722024876"
   }
  },
  {
   "type": "Feature",
   "geometry": {
    "type": "Point",
    "coordinates": [
     -76.515302,
     3.358655
    ]
   },
   "properties": {
    "kind": "market",
    "name": "Tienda D1",
    "address": null,
    "phone": null,
    "capacity": null,
    "source": "osm",
    "source_ref": "node/13959070992",
    "source_url": "https://www.openstreetmap.org/node/13959070992"
   }
  },
  {
   "type": "Feature",
   "geometry": {
    "type": "Point",
    "coordinates": [
     -76.5156502,
     3.3586903
    ]
   },
   "properties": {
    "kind": "medical",
    "name": "Cruz Verde",
    "address": null,
    "phone": null,
    "capacity": null,
    "source": "osm",
    "source_ref": "node/13959070995",
    "source_url": "https://www.openstreetmap.org/node/13959070995"
   }
  },
  {
   "type": "Feature",
   "geometry": {
    "type": "Point",
    "coordinates": [
     -76.5158852,
     3.3590503
    ]
   },
   "properties": {
    "kind": "market",
    "name": "Surtifamiliar Kachipay",
    "address": "Cl. 48 109-33, Cali",
    "phone": "+573103157400",
    "capacity": null,
    "source": "osm",
    "source_ref": "node/13959070998",
    "source_url": "https://www.openstreetmap.org/node/13959070998"
   }
  },
  {
   "type": "Feature",
   "geometry": {
    "type": "Point",
    "coordinates": [
     -76.5089356,
     3.3606301
    ]
   },
   "properties": {
    "kind": "market",
    "name": "Tienda D1 Pronta Plaza Vivero",
    "address": "Calle 55 104, Cali",
    "phone": null,
    "capacity": null,
    "source": "osm",
    "source_ref": "node/13959071585",
    "source_url": "https://www.openstreetmap.org/node/13959071585"
   }
  },
  {
   "type": "Feature",
   "geometry": {
    "type": "Point",
    "coordinates": [
     -76.5157412,
     3.3592236
    ]
   },
   "properties": {
    "kind": "market",
    "name": "Ara",
    "address": null,
    "phone": null,
    "capacity": null,
    "source": "osm",
    "source_ref": "node/13959092102",
    "source_url": "https://www.openstreetmap.org/node/13959092102"
   }
  },
  {
   "type": "Feature",
   "geometry": {
    "type": "Point",
    "coordinates": [
     -76.5750952,
     3.4080625
    ]
   },
   "properties": {
    "kind": "shelter_candidate",
    "name": "Institución Educativa Multipropósito Sede Santa Luisa",
    "address": null,
    "phone": null,
    "capacity": null,
    "source": "osm",
    "source_ref": "node/13962893106",
    "source_url": "https://www.openstreetmap.org/node/13962893106"
   }
  },
  {
   "type": "Feature",
   "geometry": {
    "type": "Point",
    "coordinates": [
     -76.544274,
     3.4214709
    ]
   },
   "properties": {
    "kind": "medical",
    "name": "Ayudas Diagnósticas Sura Tequendama",
    "address": "Calle 5C",
    "phone": null,
    "capacity": null,
    "source": "osm",
    "source_ref": "node/14016175001",
    "source_url": "https://www.openstreetmap.org/node/14016175001"
   }
  },
  {
   "type": "Feature",
   "geometry": {
    "type": "Point",
    "coordinates": [
     -76.5471413,
     3.4211079
    ]
   },
   "properties": {
    "kind": "medical",
    "name": "clínica del sueño",
    "address": "Calle 5A 42a-18",
    "phone": "6023821000",
    "capacity": null,
    "source": "osm",
    "source_ref": "node/14031102001",
    "source_url": "https://www.openstreetmap.org/node/14031102001"
   }
  },
  {
   "type": "Feature",
   "geometry": {
    "type": "Point",
    "coordinates": [
     -76.5471879,
     3.4210015
    ]
   },
   "properties": {
    "kind": "medical",
    "name": "clínica Neumologica del Pacífico",
    "address": "Calle 5A 42a-34",
    "phone": null,
    "capacity": null,
    "source": "osm",
    "source_ref": "node/14031108601",
    "source_url": "https://www.openstreetmap.org/node/14031108601"
   }
  },
  {
   "type": "Feature",
   "geometry": {
    "type": "Point",
    "coordinates": [
     -76.5270938,
     3.4309829
    ]
   },
   "properties": {
    "kind": "medical",
    "name": "IPS CARDIOPREVENT La Luna",
    "address": "Calle 13 23-130",
    "phone": null,
    "capacity": null,
    "source": "osm",
    "source_ref": "node/14059808002",
    "source_url": "https://www.openstreetmap.org/node/14059808002"
   }
  },
  {
   "type": "Feature",
   "geometry": {
    "type": "Point",
    "coordinates": [
     -76.5408078,
     3.4246672
    ]
   },
   "properties": {
    "kind": "medical",
    "name": "Orthoquiden",
    "address": "Calle 6 37 2bis - 32, Cali",
    "phone": null,
    "capacity": null,
    "source": "osm",
    "source_ref": "node/14073826500",
    "source_url": "https://www.openstreetmap.org/node/14073826500"
   }
  },
  {
   "type": "Feature",
   "geometry": {
    "type": "Point",
    "coordinates": [
     -76.5374161,
     3.4270398
    ]
   },
   "properties": {
    "kind": "medical",
    "name": "Droguería Multifarma",
    "address": null,
    "phone": null,
    "capacity": null,
    "source": "osm",
    "source_ref": "node/14090426504",
    "source_url": "https://www.openstreetmap.org/node/14090426504"
   }
  },
  {
   "type": "Feature",
   "geometry": {
    "type": "Point",
    "coordinates": [
     -76.4979533,
     3.4850791
    ]
   },
   "properties": {
    "kind": "market",
    "name": "La Montaña Agromercados",
    "address": null,
    "phone": null,
    "capacity": null,
    "source": "osm",
    "source_ref": "node/14090588012",
    "source_url": "https://www.openstreetmap.org/node/14090588012"
   }
  },
  {
   "type": "Feature",
   "geometry": {
    "type": "Point",
    "coordinates": [
     -76.5107198,
     3.4012789
    ]
   },
   "properties": {
    "kind": "market",
    "name": "Supermercado Olimpica",
    "address": null,
    "phone": null,
    "capacity": null,
    "source": "osm",
    "source_ref": "way/41339744",
    "source_url": "https://www.openstreetmap.org/way/41339744"
   }
  },
  {
   "type": "Feature",
   "geometry": {
    "type": "Point",
    "coordinates": [
     -76.5286169,
     3.3697855
    ]
   },
   "properties": {
    "kind": "market",
    "name": "Jumbo",
    "address": null,
    "phone": null,
    "capacity": null,
    "source": "osm",
    "source_ref": "way/46110778",
    "source_url": "https://www.openstreetmap.org/way/46110778"
   }
  },
  {
   "type": "Feature",
   "geometry": {
    "type": "Point",
    "coordinates": [
     -76.5382106,
     3.3889342
    ]
   },
   "properties": {
    "kind": "market",
    "name": "Supertiendas Cañaveral",
    "address": "Calle 13 75-85",
    "phone": "018000514652",
    "capacity": null,
    "source": "osm",
    "source_ref": "way/50762079",
    "source_url": "https://www.openstreetmap.org/way/50762079"
   }
  },
  {
   "type": "Feature",
   "geometry": {
    "type": "Point",
    "coordinates": [
     -76.5383739,
     3.3884537
    ]
   },
   "properties": {
    "kind": "fuel",
    "name": "Esso",
    "address": "Calle 13",
    "phone": null,
    "capacity": null,
    "source": "osm",
    "source_ref": "way/50762080",
    "source_url": "https://www.openstreetmap.org/way/50762080"
   }
  },
  {
   "type": "Feature",
   "geometry": {
    "type": "Point",
    "coordinates": [
     -76.5240975,
     3.3319409
    ]
   },
   "properties": {
    "kind": "shelter_candidate",
    "name": "Institución Universitaria Antonio José Camacho",
    "address": "127-220",
    "phone": "+75 2 6882828",
    "capacity": null,
    "source": "osm",
    "source_ref": "way/106472230",
    "source_url": "https://www.openstreetmap.org/way/106472230"
   }
  },
  {
   "type": "Feature",
   "geometry": {
    "type": "Point",
    "coordinates": [
     -76.5278559,
     3.4773354
    ]
   },
   "properties": {
    "kind": "market",
    "name": "Almacenes Éxito",
    "address": null,
    "phone": null,
    "capacity": null,
    "source": "osm",
    "source_ref": "way/146820314",
    "source_url": "https://www.openstreetmap.org/way/146820314"
   }
  },
  {
   "type": "Feature",
   "geometry": {
    "type": "Point",
    "coordinates": [
     -76.5126561,
     3.4402466
    ]
   },
   "properties": {
    "kind": "market",
    "name": "Plaza de mercado La Floresta",
    "address": null,
    "phone": null,
    "capacity": null,
    "source": "osm",
    "source_ref": "way/175451932",
    "source_url": "https://www.openstreetmap.org/way/175451932"
   }
  },
  {
   "type": "Feature",
   "geometry": {
    "type": "Point",
    "coordinates": [
     -76.5523169,
     3.3938051
    ]
   },
   "properties": {
    "kind": "market",
    "name": "La Gran Colombia",
    "address": null,
    "phone": null,
    "capacity": null,
    "source": "osm",
    "source_ref": "way/185398748",
    "source_url": "https://www.openstreetmap.org/way/185398748"
   }
  },
  {
   "type": "Feature",
   "geometry": {
    "type": "Point",
    "coordinates": [
     -76.5490031,
     3.3918005
    ]
   },
   "properties": {
    "kind": "market",
    "name": "Super Inter",
    "address": null,
    "phone": null,
    "capacity": null,
    "source": "osm",
    "source_ref": "way/185398749",
    "source_url": "https://www.openstreetmap.org/way/185398749"
   }
  },
  {
   "type": "Feature",
   "geometry": {
    "type": "Point",
    "coordinates": [
     -76.550258,
     3.4535903
    ]
   },
   "properties": {
    "kind": "market",
    "name": "Carulla",
    "address": null,
    "phone": null,
    "capacity": null,
    "source": "osm",
    "source_ref": "way/206420258",
    "source_url": "https://www.openstreetmap.org/way/206420258"
   }
  },
  {
   "type": "Feature",
   "geometry": {
    "type": "Point",
    "coordinates": [
     -76.5380171,
     3.4156086
    ]
   },
   "properties": {
    "kind": "medical",
    "name": "IPS Clínica Fundacion ESENSA - Cali",
    "address": null,
    "phone": null,
    "capacity": null,
    "source": "osm",
    "source_ref": "way/207051972",
    "source_url": "https://www.openstreetmap.org/way/207051972"
   }
  },
  {
   "type": "Feature",
   "geometry": {
    "type": "Point",
    "coordinates": [
     -76.5046116,
     3.4009117
    ]
   },
   "properties": {
    "kind": "market",
    "name": "Supermercado Comfandi",
    "address": null,
    "phone": null,
    "capacity": null,
    "source": "osm",
    "source_ref": "way/208581937",
    "source_url": "https://www.openstreetmap.org/way/208581937"
   }
  },
  {
   "type": "Feature",
   "geometry": {
    "type": "Point",
    "coordinates": [
     -76.5269443,
     3.4584904
    ]
   },
   "properties": {
    "kind": "responder",
    "name": "Complejo de Policia MECAL",
    "address": null,
    "phone": null,
    "capacity": null,
    "source": "osm",
    "source_ref": "way/209256680",
    "source_url": "https://www.openstreetmap.org/way/209256680"
   }
  },
  {
   "type": "Feature",
   "geometry": {
    "type": "Point",
    "coordinates": [
     -76.5296259,
     3.4317893
    ]
   },
   "properties": {
    "kind": "responder",
    "name": "Estación de Policia Junín",
    "address": null,
    "phone": null,
    "capacity": null,
    "source": "osm",
    "source_ref": "way/210519918",
    "source_url": "https://www.openstreetmap.org/way/210519918"
   }
  },
  {
   "type": "Feature",
   "geometry": {
    "type": "Point",
    "coordinates": [
     -76.5224548,
     3.4823661
    ]
   },
   "properties": {
    "kind": "responder",
    "name": "Estacion de policia La Flora",
    "address": "Calle 45 Norte",
    "phone": null,
    "capacity": null,
    "source": "osm",
    "source_ref": "way/223087733",
    "source_url": "https://www.openstreetmap.org/way/223087733"
   }
  },
  {
   "type": "Feature",
   "geometry": {
    "type": "Point",
    "coordinates": [
     -76.5092511,
     3.4720085
    ]
   },
   "properties": {
    "kind": "shelter_candidate",
    "name": "Rafael Zamorano",
    "address": null,
    "phone": null,
    "capacity": null,
    "source": "osm",
    "source_ref": "way/246358590",
    "source_url": "https://www.openstreetmap.org/way/246358590"
   }
  },
  {
   "type": "Feature",
   "geometry": {
    "type": "Point",
    "coordinates": [
     -76.5128975,
     3.4691671
    ]
   },
   "properties": {
    "kind": "shelter_candidate",
    "name": "José Antonio Galan",
    "address": null,
    "phone": null,
    "capacity": null,
    "source": "osm",
    "source_ref": "way/246366975",
    "source_url": "https://www.openstreetmap.org/way/246366975"
   }
  },
  {
   "type": "Feature",
   "geometry": {
    "type": "Point",
    "coordinates": [
     -76.5157454,
     3.4503598
    ]
   },
   "properties": {
    "kind": "shelter_candidate",
    "name": "Institución Educativa José Manuel Saavedra Galindo",
    "address": "Carrera 11A",
    "phone": null,
    "capacity": null,
    "source": "osm",
    "source_ref": "way/246392524",
    "source_url": "https://www.openstreetmap.org/way/246392524"
   }
  },
  {
   "type": "Feature",
   "geometry": {
    "type": "Point",
    "coordinates": [
     -76.5228512,
     3.4185666
    ]
   },
   "properties": {
    "kind": "shelter_candidate",
    "name": "Carlos Holguin Lloreda",
    "address": null,
    "phone": null,
    "capacity": null,
    "source": "osm",
    "source_ref": "way/247059785",
    "source_url": "https://www.openstreetmap.org/way/247059785"
   }
  },
  {
   "type": "Feature",
   "geometry": {
    "type": "Point",
    "coordinates": [
     -76.5202413,
     3.4237045
    ]
   },
   "properties": {
    "kind": "shelter_candidate",
    "name": "Institución Educativa Boyacá",
    "address": null,
    "phone": null,
    "capacity": null,
    "source": "osm",
    "source_ref": "way/247060290",
    "source_url": "https://www.openstreetmap.org/way/247060290"
   }
  },
  {
   "type": "Feature",
   "geometry": {
    "type": "Point",
    "coordinates": [
     -76.513395,
     3.4177892
    ]
   },
   "properties": {
    "kind": "shelter_candidate",
    "name": "Institución Educativa Ciudad Modelo",
    "address": "Carrera 40B",
    "phone": null,
    "capacity": null,
    "source": "osm",
    "source_ref": "way/247093748",
    "source_url": "https://www.openstreetmap.org/way/247093748"
   }
  },
  {
   "type": "Feature",
   "geometry": {
    "type": "Point",
    "coordinates": [
     -76.5023636,
     3.4198626
    ]
   },
   "properties": {
    "kind": "shelter_candidate",
    "name": "El Diamante",
    "address": null,
    "phone": null,
    "capacity": null,
    "source": "osm",
    "source_ref": "way/247131597",
    "source_url": "https://www.openstreetmap.org/way/247131597"
   }
  },
  {
   "type": "Feature",
   "geometry": {
    "type": "Point",
    "coordinates": [
     -76.5213197,
     3.429636
    ]
   },
   "properties": {
    "kind": "market",
    "name": "MERCAR",
    "address": null,
    "phone": null,
    "capacity": null,
    "source": "osm",
    "source_ref": "way/253843652",
    "source_url": "https://www.openstreetmap.org/way/253843652"
   }
  },
  {
   "type": "Feature",
   "geometry": {
    "type": "Point",
    "coordinates": [
     -76.5303014,
     3.3442624
    ]
   },
   "properties": {
    "kind": "market",
    "name": "Carulla",
    "address": null,
    "phone": null,
    "capacity": null,
    "source": "osm",
    "source_ref": "way/255489739",
    "source_url": "https://www.openstreetmap.org/way/255489739"
   }
  },
  {
   "type": "Feature",
   "geometry": {
    "type": "Point",
    "coordinates": [
     -76.5301457,
     3.356923
    ]
   },
   "properties": {
    "kind": "fuel",
    "name": "Estación de servicio (sin nombre)",
    "address": null,
    "phone": null,
    "capacity": null,
    "source": "osm",
    "source_ref": "way/255624251",
    "source_url": "https://www.openstreetmap.org/way/255624251"
   }
  },
  {
   "type": "Feature",
   "geometry": {
    "type": "Point",
    "coordinates": [
     -76.530502,
     3.3528101
    ]
   },
   "properties": {
    "kind": "fuel",
    "name": "Terpel",
    "address": null,
    "phone": null,
    "capacity": null,
    "source": "osm",
    "source_ref": "way/255624264",
    "source_url": "https://www.openstreetmap.org/way/255624264"
   }
  },
  {
   "type": "Feature",
   "geometry": {
    "type": "Point",
    "coordinates": [
     -76.5368898,
     3.3662492
    ]
   },
   "properties": {
    "kind": "market",
    "name": "Tienda / supermercado (sin nombre)",
    "address": null,
    "phone": null,
    "capacity": null,
    "source": "osm",
    "source_ref": "way/255732715",
    "source_url": "https://www.openstreetmap.org/way/255732715"
   }
  },
  {
   "type": "Feature",
   "geometry": {
    "type": "Point",
    "coordinates": [
     -76.5298726,
     3.3569276
    ]
   },
   "properties": {
    "kind": "fuel",
    "name": "Estación de servicio (sin nombre)",
    "address": null,
    "phone": null,
    "capacity": null,
    "source": "osm",
    "source_ref": "way/255855913",
    "source_url": "https://www.openstreetmap.org/way/255855913"
   }
  },
  {
   "type": "Feature",
   "geometry": {
    "type": "Point",
    "coordinates": [
     -76.5018433,
     3.4695629
    ]
   },
   "properties": {
    "kind": "shelter_candidate",
    "name": "Almirante Colón",
    "address": null,
    "phone": null,
    "capacity": null,
    "source": "osm",
    "source_ref": "way/264797243",
    "source_url": "https://www.openstreetmap.org/way/264797243"
   }
  },
  {
   "type": "Feature",
   "geometry": {
    "type": "Point",
    "coordinates": [
     -76.5242806,
     3.4816607
    ]
   },
   "properties": {
    "kind": "pharmacy",
    "name": "Farmatodo",
    "address": null,
    "phone": null,
    "capacity": null,
    "source": "osm",
    "source_ref": "way/266052560",
    "source_url": "https://www.openstreetmap.org/way/266052560"
   }
  },
  {
   "type": "Feature",
   "geometry": {
    "type": "Point",
    "coordinates": [
     -76.4911903,
     3.4658036
    ]
   },
   "properties": {
    "kind": "fuel",
    "name": "Biomax",
    "address": "Carrera 5",
    "phone": null,
    "capacity": null,
    "source": "osm",
    "source_ref": "way/266156644",
    "source_url": "https://www.openstreetmap.org/way/266156644"
   }
  },
  {
   "type": "Feature",
   "geometry": {
    "type": "Point",
    "coordinates": [
     -76.491867,
     3.4706666
    ]
   },
   "properties": {
    "kind": "market",
    "name": "Tienda / supermercado (sin nombre)",
    "address": null,
    "phone": null,
    "capacity": null,
    "source": "osm",
    "source_ref": "way/266157196",
    "source_url": "https://www.openstreetmap.org/way/266157196"
   }
  },
  {
   "type": "Feature",
   "geometry": {
    "type": "Point",
    "coordinates": [
     -76.5125668,
     3.4667543
    ]
   },
   "properties": {
    "kind": "fuel",
    "name": "Texaco",
    "address": "Carrera 1",
    "phone": null,
    "capacity": null,
    "source": "osm",
    "source_ref": "way/266245507",
    "source_url": "https://www.openstreetmap.org/way/266245507"
   }
  },
  {
   "type": "Feature",
   "geometry": {
    "type": "Point",
    "coordinates": [
     -76.5105078,
     3.4693622
    ]
   },
   "properties": {
    "kind": "fuel",
    "name": "Primax",
    "address": null,
    "phone": null,
    "capacity": null,
    "source": "osm",
    "source_ref": "way/266245508",
    "source_url": "https://www.openstreetmap.org/way/266245508"
   }
  },
  {
   "type": "Feature",
   "geometry": {
    "type": "Point",
    "coordinates": [
     -76.5037294,
     3.427046
    ]
   },
   "properties": {
    "kind": "shelter_candidate",
    "name": "Juan XXIII",
    "address": null,
    "phone": null,
    "capacity": null,
    "source": "osm",
    "source_ref": "way/295173901",
    "source_url": "https://www.openstreetmap.org/way/295173901"
   }
  },
  {
   "type": "Feature",
   "geometry": {
    "type": "Point",
    "coordinates": [
     -76.4965454,
     3.4828078
    ]
   },
   "properties": {
    "kind": "fuel",
    "name": "Terpel",
    "address": "Carrera 1",
    "phone": null,
    "capacity": null,
    "source": "osm",
    "source_ref": "way/320747403",
    "source_url": "https://www.openstreetmap.org/way/320747403"
   }
  },
  {
   "type": "Feature",
   "geometry": {
    "type": "Point",
    "coordinates": [
     -76.5133783,
     3.5261631
    ]
   },
   "properties": {
    "kind": "shelter_candidate",
    "name": "Liceo Francés Paul Valery",
    "address": null,
    "phone": null,
    "capacity": null,
    "source": "osm",
    "source_ref": "way/337483080",
    "source_url": "https://www.openstreetmap.org/way/337483080"
   }
  },
  {
   "type": "Feature",
   "geometry": {
    "type": "Point",
    "coordinates": [
     -76.5380919,
     3.4149057
    ]
   },
   "properties": {
    "kind": "medical",
    "name": "Clínica colombia",
    "address": "Carrera 46 9C -58",
    "phone": "+57 602 3850285",
    "capacity": null,
    "source": "osm",
    "source_ref": "way/356112630",
    "source_url": "https://www.openstreetmap.org/way/356112630"
   }
  },
  {
   "type": "Feature",
   "geometry": {
    "type": "Point",
    "coordinates": [
     -76.562909,
     3.4158583
    ]
   },
   "properties": {
    "kind": "shelter_candidate",
    "name": "Centro Cultural y Centro de Desarrollo Comunitario",
    "address": null,
    "phone": null,
    "capacity": null,
    "source": "osm",
    "source_ref": "way/360607752",
    "source_url": "https://www.openstreetmap.org/way/360607752"
   }
  },
  {
   "type": "Feature",
   "geometry": {
    "type": "Point",
    "coordinates": [
     -76.5627999,
     3.4160009
    ]
   },
   "properties": {
    "kind": "medical",
    "name": "PUESTO DE SALUD BRISAS DE MAYO",
    "address": null,
    "phone": "+57 2 6080124",
    "capacity": null,
    "source": "osm",
    "source_ref": "way/360607754",
    "source_url": "https://www.openstreetmap.org/way/360607754"
   }
  },
  {
   "type": "Feature",
   "geometry": {
    "type": "Point",
    "coordinates": [
     -76.5129242,
     3.4858416
    ]
   },
   "properties": {
    "kind": "shelter_candidate",
    "name": "Universidad Cooperativa De Colombia",
    "address": null,
    "phone": null,
    "capacity": null,
    "source": "osm",
    "source_ref": "way/364055199",
    "source_url": "https://www.openstreetmap.org/way/364055199"
   }
  },
  {
   "type": "Feature",
   "geometry": {
    "type": "Point",
    "coordinates": [
     -76.5550466,
     3.4166974
    ]
   },
   "properties": {
    "kind": "responder",
    "name": "Estacion de Bomberos Sur Occidental",
    "address": null,
    "phone": null,
    "capacity": null,
    "source": "osm",
    "source_ref": "way/371296189",
    "source_url": "https://www.openstreetmap.org/way/371296189"
   }
  },
  {
   "type": "Feature",
   "geometry": {
    "type": "Point",
    "coordinates": [
     -76.5234938,
     3.3137762
    ]
   },
   "properties": {
    "kind": "fuel",
    "name": "Bio Max",
    "address": null,
    "phone": null,
    "capacity": null,
    "source": "osm",
    "source_ref": "way/376549550",
    "source_url": "https://www.openstreetmap.org/way/376549550"
   }
  },
  {
   "type": "Feature",
   "geometry": {
    "type": "Point",
    "coordinates": [
     -76.5660356,
     3.4102617
    ]
   },
   "properties": {
    "kind": "shelter_candidate",
    "name": "Hogar Geriatrico Albergue Otoñal",
    "address": null,
    "phone": null,
    "capacity": null,
    "source": "osm",
    "source_ref": "way/377670609",
    "source_url": "https://www.openstreetmap.org/way/377670609"
   }
  },
  {
   "type": "Feature",
   "geometry": {
    "type": "Point",
    "coordinates": [
     -76.5475326,
     3.4127201
    ]
   },
   "properties": {
    "kind": "fuel",
    "name": "Texaco",
    "address": null,
    "phone": null,
    "capacity": null,
    "source": "osm",
    "source_ref": "way/386060444",
    "source_url": "https://www.openstreetmap.org/way/386060444"
   }
  },
  {
   "type": "Feature",
   "geometry": {
    "type": "Point",
    "coordinates": [
     -76.555565,
     3.417004
    ]
   },
   "properties": {
    "kind": "market",
    "name": "Super Inter Siloé",
    "address": null,
    "phone": null,
    "capacity": null,
    "source": "osm",
    "source_ref": "way/386361759",
    "source_url": "https://www.openstreetmap.org/way/386361759"
   }
  },
  {
   "type": "Feature",
   "geometry": {
    "type": "Point",
    "coordinates": [
     -76.5540381,
     3.4171942
    ]
   },
   "properties": {
    "kind": "fuel",
    "name": "Gazel",
    "address": null,
    "phone": null,
    "capacity": null,
    "source": "osm",
    "source_ref": "way/386361778",
    "source_url": "https://www.openstreetmap.org/way/386361778"
   }
  },
  {
   "type": "Feature",
   "geometry": {
    "type": "Point",
    "coordinates": [
     -76.5542236,
     3.4172405
    ]
   },
   "properties": {
    "kind": "fuel",
    "name": "Terpel",
    "address": null,
    "phone": null,
    "capacity": null,
    "source": "osm",
    "source_ref": "way/386361786",
    "source_url": "https://www.openstreetmap.org/way/386361786"
   }
  },
  {
   "type": "Feature",
   "geometry": {
    "type": "Point",
    "coordinates": [
     -76.5537284,
     3.4162988
    ]
   },
   "properties": {
    "kind": "market",
    "name": "Plaza de Mercado ASOSILOE",
    "address": null,
    "phone": null,
    "capacity": null,
    "source": "osm",
    "source_ref": "way/386361789",
    "source_url": "https://www.openstreetmap.org/way/386361789"
   }
  },
  {
   "type": "Feature",
   "geometry": {
    "type": "Point",
    "coordinates": [
     -76.5122771,
     3.4852793
    ]
   },
   "properties": {
    "kind": "market",
    "name": "Supermercado D1",
    "address": null,
    "phone": null,
    "capacity": null,
    "source": "osm",
    "source_ref": "way/386403212",
    "source_url": "https://www.openstreetmap.org/way/386403212"
   }
  },
  {
   "type": "Feature",
   "geometry": {
    "type": "Point",
    "coordinates": [
     -76.5110093,
     3.4873065
    ]
   },
   "properties": {
    "kind": "market",
    "name": "Supermercado Olimpica",
    "address": null,
    "phone": null,
    "capacity": null,
    "source": "osm",
    "source_ref": "way/386403299",
    "source_url": "https://www.openstreetmap.org/way/386403299"
   }
  },
  {
   "type": "Feature",
   "geometry": {
    "type": "Point",
    "coordinates": [
     -76.5456271,
     3.427906
    ]
   },
   "properties": {
    "kind": "medical",
    "name": "Clínica San Fernando",
    "address": "Calle 5 38-48",
    "phone": null,
    "capacity": null,
    "source": "osm",
    "source_ref": "way/386507633",
    "source_url": "https://www.openstreetmap.org/way/386507633"
   }
  },
  {
   "type": "Feature",
   "geometry": {
    "type": "Point",
    "coordinates": [
     -76.5459624,
     3.4279724
    ]
   },
   "properties": {
    "kind": "medical",
    "name": "Clínica San Fernando",
    "address": "Calle 5 38-48",
    "phone": null,
    "capacity": null,
    "source": "osm",
    "source_ref": "way/386507636",
    "source_url": "https://www.openstreetmap.org/way/386507636"
   }
  },
  {
   "type": "Feature",
   "geometry": {
    "type": "Point",
    "coordinates": [
     -76.5515387,
     3.4237292
    ]
   },
   "properties": {
    "kind": "pharmacy",
    "name": "DARSALUD",
    "address": null,
    "phone": "+57 2 6809558",
    "capacity": null,
    "source": "osm",
    "source_ref": "way/386566831",
    "source_url": "https://www.openstreetmap.org/way/386566831"
   }
  },
  {
   "type": "Feature",
   "geometry": {
    "type": "Point",
    "coordinates": [
     -76.5529269,
     3.4241839
    ]
   },
   "properties": {
    "kind": "market",
    "name": "Plaza de Mercado La Nave",
    "address": null,
    "phone": null,
    "capacity": null,
    "source": "osm",
    "source_ref": "way/386568811",
    "source_url": "https://www.openstreetmap.org/way/386568811"
   }
  },
  {
   "type": "Feature",
   "geometry": {
    "type": "Point",
    "coordinates": [
     -76.5531455,
     3.4285166
    ]
   },
   "properties": {
    "kind": "shelter_candidate",
    "name": "Escuela Gelanese",
    "address": null,
    "phone": null,
    "capacity": null,
    "source": "osm",
    "source_ref": "way/386571198",
    "source_url": "https://www.openstreetmap.org/way/386571198"
   }
  },
  {
   "type": "Feature",
   "geometry": {
    "type": "Point",
    "coordinates": [
     -76.5539395,
     3.4276103
    ]
   },
   "properties": {
    "kind": "shelter_candidate",
    "name": "Escuela Antonio Santos",
    "address": null,
    "phone": null,
    "capacity": null,
    "source": "osm",
    "source_ref": "way/386571293",
    "source_url": "https://www.openstreetmap.org/way/386571293"
   }
  },
  {
   "type": "Feature",
   "geometry": {
    "type": "Point",
    "coordinates": [
     -76.5523771,
     3.4235508
    ]
   },
   "properties": {
    "kind": "medical",
    "name": "Centro Médico María Gay Tibau La Nave",
    "address": null,
    "phone": null,
    "capacity": null,
    "source": "osm",
    "source_ref": "way/387033090",
    "source_url": "https://www.openstreetmap.org/way/387033090"
   }
  },
  {
   "type": "Feature",
   "geometry": {
    "type": "Point",
    "coordinates": [
     -76.552444,
     3.4231786
    ]
   },
   "properties": {
    "kind": "shelter_candidate",
    "name": "Hogar geriatrico San Roque",
    "address": null,
    "phone": null,
    "capacity": null,
    "source": "osm",
    "source_ref": "way/387033091",
    "source_url": "https://www.openstreetmap.org/way/387033091"
   }
  },
  {
   "type": "Feature",
   "geometry": {
    "type": "Point",
    "coordinates": [
     -76.5526739,
     3.422188
    ]
   },
   "properties": {
    "kind": "shelter_candidate",
    "name": "Institución Educativa Eustaquio Palacios",
    "address": null,
    "phone": null,
    "capacity": null,
    "source": "osm",
    "source_ref": "way/387033092",
    "source_url": "https://www.openstreetmap.org/way/387033092"
   }
  },
  {
   "type": "Feature",
   "geometry": {
    "type": "Point",
    "coordinates": [
     -76.552769,
     3.4212209
    ]
   },
   "properties": {
    "kind": "market",
    "name": "D1",
    "address": null,
    "phone": null,
    "capacity": null,
    "source": "osm",
    "source_ref": "way/387033316",
    "source_url": "https://www.openstreetmap.org/way/387033316"
   }
  },
  {
   "type": "Feature",
   "geometry": {
    "type": "Point",
    "coordinates": [
     -76.5584406,
     3.417814
    ]
   },
   "properties": {
    "kind": "shelter_candidate",
    "name": "Centro Docente Luis Alberto Rosales",
    "address": null,
    "phone": null,
    "capacity": null,
    "source": "osm",
    "source_ref": "way/388095112",
    "source_url": "https://www.openstreetmap.org/way/388095112"
   }
  },
  {
   "type": "Feature",
   "geometry": {
    "type": "Point",
    "coordinates": [
     -76.5576265,
     3.4212853
    ]
   },
   "properties": {
    "kind": "shelter_candidate",
    "name": "Caseta comunal Barrio Siloe",
    "address": null,
    "phone": null,
    "capacity": null,
    "source": "osm",
    "source_ref": "way/388098807",
    "source_url": "https://www.openstreetmap.org/way/388098807"
   }
  },
  {
   "type": "Feature",
   "geometry": {
    "type": "Point",
    "coordinates": [
     -76.559872,
     3.4176462
    ]
   },
   "properties": {
    "kind": "responder",
    "name": "Estación de Policia El Cortijo",
    "address": "Carrera 51, Cali",
    "phone": null,
    "capacity": null,
    "source": "osm",
    "source_ref": "way/388104214",
    "source_url": "https://www.openstreetmap.org/way/388104214"
   }
  },
  {
   "type": "Feature",
   "geometry": {
    "type": "Point",
    "coordinates": [
     -76.5572389,
     3.415497
    ]
   },
   "properties": {
    "kind": "shelter_candidate",
    "name": "Casa de La Juventud",
    "address": null,
    "phone": null,
    "capacity": null,
    "source": "osm",
    "source_ref": "way/388107241",
    "source_url": "https://www.openstreetmap.org/way/388107241"
   }
  },
  {
   "type": "Feature",
   "geometry": {
    "type": "Point",
    "coordinates": [
     -76.5597982,
     3.4165384
    ]
   },
   "properties": {
    "kind": "shelter_candidate",
    "name": "Centro Docente Jorge Gonzalez",
    "address": null,
    "phone": null,
    "capacity": null,
    "source": "osm",
    "source_ref": "way/388111582",
    "source_url": "https://www.openstreetmap.org/way/388111582"
   }
  },
  {
   "type": "Feature",
   "geometry": {
    "type": "Point",
    "coordinates": [
     -76.5592349,
     3.416432
    ]
   },
   "properties": {
    "kind": "shelter_candidate",
    "name": "Colegio Cristo Sacerdote",
    "address": null,
    "phone": null,
    "capacity": null,
    "source": "osm",
    "source_ref": "way/388111585",
    "source_url": "https://www.openstreetmap.org/way/388111585"
   }
  },
  {
   "type": "Feature",
   "geometry": {
    "type": "Point",
    "coordinates": [
     -76.5595894,
     3.4169796
    ]
   },
   "properties": {
    "kind": "shelter_candidate",
    "name": "Compuempresa",
    "address": null,
    "phone": null,
    "capacity": null,
    "source": "osm",
    "source_ref": "way/388112027",
    "source_url": "https://www.openstreetmap.org/way/388112027"
   }
  },
  {
   "type": "Feature",
   "geometry": {
    "type": "Point",
    "coordinates": [
     -76.5639503,
     3.4223509
    ]
   },
   "properties": {
    "kind": "responder",
    "name": "Estación de Policia La Sultana",
    "address": "Carrera 51, Cali",
    "phone": null,
    "capacity": null,
    "source": "osm",
    "source_ref": "way/388719158",
    "source_url": "https://www.openstreetmap.org/way/388719158"
   }
  },
  {
   "type": "Feature",
   "geometry": {
    "type": "Point",
    "coordinates": [
     -76.5639196,
     3.4222363
    ]
   },
   "properties": {
    "kind": "medical",
    "name": "PUESTO DE SALUD SULTANA",
    "address": null,
    "phone": "+57 2 6080124",
    "capacity": null,
    "source": "osm",
    "source_ref": "way/388719161",
    "source_url": "https://www.openstreetmap.org/way/388719161"
   }
  },
  {
   "type": "Feature",
   "geometry": {
    "type": "Point",
    "coordinates": [
     -76.5669375,
     3.4173379
    ]
   },
   "properties": {
    "kind": "shelter_candidate",
    "name": "Caseta comunal",
    "address": null,
    "phone": null,
    "capacity": null,
    "source": "osm",
    "source_ref": "way/388721353",
    "source_url": "https://www.openstreetmap.org/way/388721353"
   }
  },
  {
   "type": "Feature",
   "geometry": {
    "type": "Point",
    "coordinates": [
     -76.5624984,
     3.4166038
    ]
   },
   "properties": {
    "kind": "shelter_candidate",
    "name": "Caseta comunal",
    "address": null,
    "phone": null,
    "capacity": null,
    "source": "osm",
    "source_ref": "way/388738069",
    "source_url": "https://www.openstreetmap.org/way/388738069"
   }
  },
  {
   "type": "Feature",
   "geometry": {
    "type": "Point",
    "coordinates": [
     -76.5168494,
     3.4778715
    ]
   },
   "properties": {
    "kind": "responder",
    "name": "CAI",
    "address": null,
    "phone": null,
    "capacity": null,
    "source": "osm",
    "source_ref": "way/397296265",
    "source_url": "https://www.openstreetmap.org/way/397296265"
   }
  },
  {
   "type": "Feature",
   "geometry": {
    "type": "Point",
    "coordinates": [
     -76.5259693,
     3.4644058
    ]
   },
   "properties": {
    "kind": "medical",
    "name": "Farmacia San Jorge",
    "address": null,
    "phone": null,
    "capacity": null,
    "source": "osm",
    "source_ref": "way/398369293",
    "source_url": "https://www.openstreetmap.org/way/398369293"
   }
  },
  {
   "type": "Feature",
   "geometry": {
    "type": "Point",
    "coordinates": [
     -76.5222707,
     3.467984
    ]
   },
   "properties": {
    "kind": "fuel",
    "name": "Mobil",
    "address": "Calle 32 Norte",
    "phone": null,
    "capacity": null,
    "source": "osm",
    "source_ref": "way/398428285",
    "source_url": "https://www.openstreetmap.org/way/398428285"
   }
  },
  {
   "type": "Feature",
   "geometry": {
    "type": "Point",
    "coordinates": [
     -76.5225165,
     3.4680257
    ]
   },
   "properties": {
    "kind": "fuel",
    "name": "Mobil",
    "address": "Calle 32 Norte",
    "phone": null,
    "capacity": null,
    "source": "osm",
    "source_ref": "way/398428289",
    "source_url": "https://www.openstreetmap.org/way/398428289"
   }
  },
  {
   "type": "Feature",
   "geometry": {
    "type": "Point",
    "coordinates": [
     -76.5248566,
     3.4647727
    ]
   },
   "properties": {
    "kind": "responder",
    "name": "Estación La Flora",
    "address": "Avenida 3 Norte",
    "phone": null,
    "capacity": null,
    "source": "osm",
    "source_ref": "way/398742679",
    "source_url": "https://www.openstreetmap.org/way/398742679"
   }
  },
  {
   "type": "Feature",
   "geometry": {
    "type": "Point",
    "coordinates": [
     -76.5583291,
     3.4241906
    ]
   },
   "properties": {
    "kind": "medical",
    "name": "PUESTO DE SALUD ESTRELLA",
    "address": null,
    "phone": "+57 2 6080124",
    "capacity": null,
    "source": "osm",
    "source_ref": "way/400523338",
    "source_url": "https://www.openstreetmap.org/way/400523338"
   }
  },
  {
   "type": "Feature",
   "geometry": {
    "type": "Point",
    "coordinates": [
     -76.5418221,
     3.4468775
    ]
   },
   "properties": {
    "kind": "responder",
    "name": "CAI San Antonio",
    "address": null,
    "phone": null,
    "capacity": null,
    "source": "osm",
    "source_ref": "way/404477709",
    "source_url": "https://www.openstreetmap.org/way/404477709"
   }
  },
  {
   "type": "Feature",
   "geometry": {
    "type": "Point",
    "coordinates": [
     -76.5397484,
     3.4420779
    ]
   },
   "properties": {
    "kind": "shelter_candidate",
    "name": "Sede Comunal Barrio Libertadores",
    "address": null,
    "phone": null,
    "capacity": null,
    "source": "osm",
    "source_ref": "way/405121797",
    "source_url": "https://www.openstreetmap.org/way/405121797"
   }
  },
  {
   "type": "Feature",
   "geometry": {
    "type": "Point",
    "coordinates": [
     -76.5431371,
     3.4312642
    ]
   },
   "properties": {
    "kind": "responder",
    "name": "CAI",
    "address": null,
    "phone": null,
    "capacity": null,
    "source": "osm",
    "source_ref": "way/405210886",
    "source_url": "https://www.openstreetmap.org/way/405210886"
   }
  },
  {
   "type": "Feature",
   "geometry": {
    "type": "Point",
    "coordinates": [
     -76.5380315,
     3.4377516
    ]
   },
   "properties": {
    "kind": "medical",
    "name": "IPS COMFANDI ALAMEDA",
    "address": null,
    "phone": "+57 2 5579749",
    "capacity": null,
    "source": "osm",
    "source_ref": "way/406991490",
    "source_url": "https://www.openstreetmap.org/way/406991490"
   }
  },
  {
   "type": "Feature",
   "geometry": {
    "type": "Point",
    "coordinates": [
     -76.5370914,
     3.4361904
    ]
   },
   "properties": {
    "kind": "responder",
    "name": "Bomberos Cali - Estación 2",
    "address": null,
    "phone": null,
    "capacity": null,
    "source": "osm",
    "source_ref": "way/406994989",
    "source_url": "https://www.openstreetmap.org/way/406994989"
   }
  },
  {
   "type": "Feature",
   "geometry": {
    "type": "Point",
    "coordinates": [
     -76.5482062,
     3.4249074
    ]
   },
   "properties": {
    "kind": "shelter_candidate",
    "name": "Colegio Francisco Jose de Caldas",
    "address": null,
    "phone": null,
    "capacity": null,
    "source": "osm",
    "source_ref": "way/408652474",
    "source_url": "https://www.openstreetmap.org/way/408652474"
   }
  },
  {
   "type": "Feature",
   "geometry": {
    "type": "Point",
    "coordinates": [
     -76.5434496,
     3.4231828
    ]
   },
   "properties": {
    "kind": "pharmacy",
    "name": "Darsalud",
    "address": null,
    "phone": null,
    "capacity": null,
    "source": "osm",
    "source_ref": "way/408652475",
    "source_url": "https://www.openstreetmap.org/way/408652475"
   }
  },
  {
   "type": "Feature",
   "geometry": {
    "type": "Point",
    "coordinates": [
     -76.5422583,
     3.4228461
    ]
   },
   "properties": {
    "kind": "medical",
    "name": "Clínica DESA",
    "address": null,
    "phone": null,
    "capacity": null,
    "source": "osm",
    "source_ref": "way/408655779",
    "source_url": "https://www.openstreetmap.org/way/408655779"
   }
  },
  {
   "type": "Feature",
   "geometry": {
    "type": "Point",
    "coordinates": [
     -76.5376557,
     3.38516
    ]
   },
   "properties": {
    "kind": "market",
    "name": "Alkosto",
    "address": "Calle 13",
    "phone": null,
    "capacity": null,
    "source": "osm",
    "source_ref": "way/408747269",
    "source_url": "https://www.openstreetmap.org/way/408747269"
   }
  },
  {
   "type": "Feature",
   "geometry": {
    "type": "Point",
    "coordinates": [
     -76.5267955,
     3.3667928
    ]
   },
   "properties": {
    "kind": "responder",
    "name": "CAI",
    "address": null,
    "phone": null,
    "capacity": null,
    "source": "osm",
    "source_ref": "way/408879153",
    "source_url": "https://www.openstreetmap.org/way/408879153"
   }
  },
  {
   "type": "Feature",
   "geometry": {
    "type": "Point",
    "coordinates": [
     -76.5263808,
     3.4661594
    ]
   },
   "properties": {
    "kind": "market",
    "name": "Super INTER",
    "address": null,
    "phone": null,
    "capacity": null,
    "source": "osm",
    "source_ref": "way/413685099",
    "source_url": "https://www.openstreetmap.org/way/413685099"
   }
  },
  {
   "type": "Feature",
   "geometry": {
    "type": "Point",
    "coordinates": [
     -76.5263902,
     3.4725415
    ]
   },
   "properties": {
    "kind": "responder",
    "name": "CAI Chipichape",
    "address": null,
    "phone": null,
    "capacity": null,
    "source": "osm",
    "source_ref": "way/415357390",
    "source_url": "https://www.openstreetmap.org/way/415357390"
   }
  },
  {
   "type": "Feature",
   "geometry": {
    "type": "Point",
    "coordinates": [
     -76.5373216,
     3.4244005
    ]
   },
   "properties": {
    "kind": "medical",
    "name": "Clínica del deporte",
    "address": null,
    "phone": null,
    "capacity": null,
    "source": "osm",
    "source_ref": "way/416215869",
    "source_url": "https://www.openstreetmap.org/way/416215869"
   }
  },
  {
   "type": "Feature",
   "geometry": {
    "type": "Point",
    "coordinates": [
     -76.4774738,
     3.4928734
    ]
   },
   "properties": {
    "kind": "fuel",
    "name": "Esso",
    "address": "Autopista Cali-Palmira",
    "phone": null,
    "capacity": null,
    "source": "osm",
    "source_ref": "way/430813169",
    "source_url": "https://www.openstreetmap.org/way/430813169"
   }
  },
  {
   "type": "Feature",
   "geometry": {
    "type": "Point",
    "coordinates": [
     -76.5895831,
     3.3465032
    ]
   },
   "properties": {
    "kind": "responder",
    "name": "Subestación de Policia La Voragine",
    "address": null,
    "phone": null,
    "capacity": null,
    "source": "osm",
    "source_ref": "way/432695262",
    "source_url": "https://www.openstreetmap.org/way/432695262"
   }
  },
  {
   "type": "Feature",
   "geometry": {
    "type": "Point",
    "coordinates": [
     -76.4949029,
     3.4408321
    ]
   },
   "properties": {
    "kind": "shelter_candidate",
    "name": "Instituto de Educación Julio Caicedo y Tellez",
    "address": null,
    "phone": null,
    "capacity": null,
    "source": "osm",
    "source_ref": "way/443269244",
    "source_url": "https://www.openstreetmap.org/way/443269244"
   }
  },
  {
   "type": "Feature",
   "geometry": {
    "type": "Point",
    "coordinates": [
     -76.4916559,
     3.4875344
    ]
   },
   "properties": {
    "kind": "shelter_candidate",
    "name": "Escuela Atanasio Girardot",
    "address": null,
    "phone": null,
    "capacity": null,
    "source": "osm",
    "source_ref": "way/446786580",
    "source_url": "https://www.openstreetmap.org/way/446786580"
   }
  },
  {
   "type": "Feature",
   "geometry": {
    "type": "Point",
    "coordinates": [
     -76.4884913,
     3.4892303
    ]
   },
   "properties": {
    "kind": "medical",
    "name": "Centro de Salud San Luis II",
    "address": null,
    "phone": null,
    "capacity": null,
    "source": "osm",
    "source_ref": "way/446797849",
    "source_url": "https://www.openstreetmap.org/way/446797849"
   }
  },
  {
   "type": "Feature",
   "geometry": {
    "type": "Point",
    "coordinates": [
     -76.4886205,
     3.4896
    ]
   },
   "properties": {
    "kind": "shelter_candidate",
    "name": "Colegio Santa Isabel de Hungría San Luís II",
    "address": "Carrera 1A 2",
    "phone": null,
    "capacity": null,
    "source": "osm",
    "source_ref": "way/446797850",
    "source_url": "https://www.openstreetmap.org/way/446797850"
   }
  },
  {
   "type": "Feature",
   "geometry": {
    "type": "Point",
    "coordinates": [
     -76.4881011,
     3.4889634
    ]
   },
   "properties": {
    "kind": "shelter_candidate",
    "name": "Colegio Infantil Bienestar Familiar",
    "address": null,
    "phone": null,
    "capacity": null,
    "source": "osm",
    "source_ref": "way/446797851",
    "source_url": "https://www.openstreetmap.org/way/446797851"
   }
  },
  {
   "type": "Feature",
   "geometry": {
    "type": "Point",
    "coordinates": [
     -76.4878584,
     3.4886387
    ]
   },
   "properties": {
    "kind": "shelter_candidate",
    "name": "Colegio Los Vencedores San Luis II",
    "address": null,
    "phone": null,
    "capacity": null,
    "source": "osm",
    "source_ref": "way/446797853",
    "source_url": "https://www.openstreetmap.org/way/446797853"
   }
  },
  {
   "type": "Feature",
   "geometry": {
    "type": "Point",
    "coordinates": [
     -76.4909847,
     3.4870548
    ]
   },
   "properties": {
    "kind": "shelter_candidate",
    "name": "Liceo Infantil Hormiguitas",
    "address": null,
    "phone": null,
    "capacity": null,
    "source": "osm",
    "source_ref": "way/446797886",
    "source_url": "https://www.openstreetmap.org/way/446797886"
   }
  },
  {
   "type": "Feature",
   "geometry": {
    "type": "Point",
    "coordinates": [
     -76.5087446,
     3.4633963
    ]
   },
   "properties": {
    "kind": "shelter_candidate",
    "name": "Republica de Israel",
    "address": null,
    "phone": null,
    "capacity": null,
    "source": "osm",
    "source_ref": "way/447601470",
    "source_url": "https://www.openstreetmap.org/way/447601470"
   }
  },
  {
   "type": "Feature",
   "geometry": {
    "type": "Point",
    "coordinates": [
     -76.5162585,
     3.477845
    ]
   },
   "properties": {
    "kind": "market",
    "name": "Merca Mio",
    "address": null,
    "phone": null,
    "capacity": null,
    "source": "osm",
    "source_ref": "way/448352263",
    "source_url": "https://www.openstreetmap.org/way/448352263"
   }
  },
  {
   "type": "Feature",
   "geometry": {
    "type": "Point",
    "coordinates": [
     -76.5429515,
     3.3762554
    ]
   },
   "properties": {
    "kind": "fuel",
    "name": "Terpel",
    "address": null,
    "phone": null,
    "capacity": null,
    "source": "osm",
    "source_ref": "way/457588488",
    "source_url": "https://www.openstreetmap.org/way/457588488"
   }
  },
  {
   "type": "Feature",
   "geometry": {
    "type": "Point",
    "coordinates": [
     -76.5428502,
     3.3760745
    ]
   },
   "properties": {
    "kind": "fuel",
    "name": "Terpel",
    "address": null,
    "phone": null,
    "capacity": null,
    "source": "osm",
    "source_ref": "way/457588489",
    "source_url": "https://www.openstreetmap.org/way/457588489"
   }
  },
  {
   "type": "Feature",
   "geometry": {
    "type": "Point",
    "coordinates": [
     -76.4704444,
     3.4075367
    ]
   },
   "properties": {
    "kind": "shelter",
    "name": "Carpa de la Paz",
    "address": null,
    "phone": null,
    "capacity": null,
    "source": "osm",
    "source_ref": "way/479201276",
    "source_url": "https://www.openstreetmap.org/way/479201276"
   }
  },
  {
   "type": "Feature",
   "geometry": {
    "type": "Point",
    "coordinates": [
     -76.5557291,
     3.4098569
    ]
   },
   "properties": {
    "kind": "responder",
    "name": "CAI",
    "address": null,
    "phone": null,
    "capacity": null,
    "source": "osm",
    "source_ref": "way/492489908",
    "source_url": "https://www.openstreetmap.org/way/492489908"
   }
  },
  {
   "type": "Feature",
   "geometry": {
    "type": "Point",
    "coordinates": [
     -76.469931,
     3.4072066
    ]
   },
   "properties": {
    "kind": "medical",
    "name": "Centro de Salud Potrero Grande",
    "address": null,
    "phone": null,
    "capacity": null,
    "source": "osm",
    "source_ref": "way/506702801",
    "source_url": "https://www.openstreetmap.org/way/506702801"
   }
  },
  {
   "type": "Feature",
   "geometry": {
    "type": "Point",
    "coordinates": [
     -76.4687718,
     3.4050064
    ]
   },
   "properties": {
    "kind": "shelter_candidate",
    "name": "Comedor comunitario Padre Rodriguo Molina II",
    "address": null,
    "phone": null,
    "capacity": null,
    "source": "osm",
    "source_ref": "way/507677765",
    "source_url": "https://www.openstreetmap.org/way/507677765"
   }
  },
  {
   "type": "Feature",
   "geometry": {
    "type": "Point",
    "coordinates": [
     -76.4706896,
     3.4068353
    ]
   },
   "properties": {
    "kind": "responder",
    "name": "CAI",
    "address": null,
    "phone": null,
    "capacity": null,
    "source": "osm",
    "source_ref": "way/511657204",
    "source_url": "https://www.openstreetmap.org/way/511657204"
   }
  },
  {
   "type": "Feature",
   "geometry": {
    "type": "Point",
    "coordinates": [
     -76.5394641,
     3.4484564
    ]
   },
   "properties": {
    "kind": "shelter_candidate",
    "name": "Escuela Carlos Alberto Sardi Garcés",
    "address": "Carrera 5 2-69, Santiago de Cali",
    "phone": null,
    "capacity": null,
    "source": "osm",
    "source_ref": "way/514665949",
    "source_url": "https://www.openstreetmap.org/way/514665949"
   }
  },
  {
   "type": "Feature",
   "geometry": {
    "type": "Point",
    "coordinates": [
     -76.5136333,
     3.4830169
    ]
   },
   "properties": {
    "kind": "market",
    "name": "Supermercado Comfandi La Merced",
    "address": "Avenida 3 Norte",
    "phone": null,
    "capacity": null,
    "source": "osm",
    "source_ref": "way/541599642",
    "source_url": "https://www.openstreetmap.org/way/541599642"
   }
  },
  {
   "type": "Feature",
   "geometry": {
    "type": "Point",
    "coordinates": [
     -76.5019876,
     3.4856805
    ]
   },
   "properties": {
    "kind": "medical",
    "name": "Puesto De Salud Calima",
    "address": null,
    "phone": "+57 2 4184646",
    "capacity": null,
    "source": "osm",
    "source_ref": "way/560507835",
    "source_url": "https://www.openstreetmap.org/way/560507835"
   }
  },
  {
   "type": "Feature",
   "geometry": {
    "type": "Point",
    "coordinates": [
     -76.5245795,
     3.4028786
    ]
   },
   "properties": {
    "kind": "market",
    "name": "Tienda / supermercado (sin nombre)",
    "address": null,
    "phone": null,
    "capacity": null,
    "source": "osm",
    "source_ref": "way/561399037",
    "source_url": "https://www.openstreetmap.org/way/561399037"
   }
  },
  {
   "type": "Feature",
   "geometry": {
    "type": "Point",
    "coordinates": [
     -76.5237828,
     3.4015913
    ]
   },
   "properties": {
    "kind": "responder",
    "name": "CAI",
    "address": null,
    "phone": null,
    "capacity": null,
    "source": "osm",
    "source_ref": "way/561561157",
    "source_url": "https://www.openstreetmap.org/way/561561157"
   }
  },
  {
   "type": "Feature",
   "geometry": {
    "type": "Point",
    "coordinates": [
     -76.4940955,
     3.4187311
    ]
   },
   "properties": {
    "kind": "medical",
    "name": "Hospital Carlos Holmes Trujillo",
    "address": "Calle 72U",
    "phone": null,
    "capacity": null,
    "source": "osm",
    "source_ref": "way/563569237",
    "source_url": "https://www.openstreetmap.org/way/563569237"
   }
  },
  {
   "type": "Feature",
   "geometry": {
    "type": "Point",
    "coordinates": [
     -76.5149709,
     3.4352
    ]
   },
   "properties": {
    "kind": "fuel",
    "name": "Texaco",
    "address": "Transversal 25",
    "phone": null,
    "capacity": null,
    "source": "osm",
    "source_ref": "way/565998240",
    "source_url": "https://www.openstreetmap.org/way/565998240"
   }
  },
  {
   "type": "Feature",
   "geometry": {
    "type": "Point",
    "coordinates": [
     -76.5151134,
     3.4353062
    ]
   },
   "properties": {
    "kind": "fuel",
    "name": "Texaco",
    "address": "Transversal 25",
    "phone": null,
    "capacity": null,
    "source": "osm",
    "source_ref": "way/565998241",
    "source_url": "https://www.openstreetmap.org/way/565998241"
   }
  },
  {
   "type": "Feature",
   "geometry": {
    "type": "Point",
    "coordinates": [
     -76.5305093,
     3.4428642
    ]
   },
   "properties": {
    "kind": "fuel",
    "name": "Primax",
    "address": "Carrera 15",
    "phone": null,
    "capacity": null,
    "source": "osm",
    "source_ref": "way/565998251",
    "source_url": "https://www.openstreetmap.org/way/565998251"
   }
  },
  {
   "type": "Feature",
   "geometry": {
    "type": "Point",
    "coordinates": [
     -76.5302965,
     3.4669199
    ]
   },
   "properties": {
    "kind": "fuel",
    "name": "Primax",
    "address": "Avenida 6 Norte",
    "phone": null,
    "capacity": null,
    "source": "osm",
    "source_ref": "way/569078807",
    "source_url": "https://www.openstreetmap.org/way/569078807"
   }
  },
  {
   "type": "Feature",
   "geometry": {
    "type": "Point",
    "coordinates": [
     -76.5303749,
     3.4643541
    ]
   },
   "properties": {
    "kind": "fuel",
    "name": "Esso",
    "address": null,
    "phone": null,
    "capacity": null,
    "source": "osm",
    "source_ref": "way/569078808",
    "source_url": "https://www.openstreetmap.org/way/569078808"
   }
  },
  {
   "type": "Feature",
   "geometry": {
    "type": "Point",
    "coordinates": [
     -76.5247124,
     3.4639961
    ]
   },
   "properties": {
    "kind": "fuel",
    "name": "Texaco",
    "address": "Avenida 3 Norte",
    "phone": null,
    "capacity": null,
    "source": "osm",
    "source_ref": "way/569137269",
    "source_url": "https://www.openstreetmap.org/way/569137269"
   }
  },
  {
   "type": "Feature",
   "geometry": {
    "type": "Point",
    "coordinates": [
     -76.5266055,
     3.4613373
    ]
   },
   "properties": {
    "kind": "market",
    "name": "Dollarcity",
    "address": "Avenida 3 Norte",
    "phone": null,
    "capacity": null,
    "source": "osm",
    "source_ref": "way/569137270",
    "source_url": "https://www.openstreetmap.org/way/569137270"
   }
  },
  {
   "type": "Feature",
   "geometry": {
    "type": "Point",
    "coordinates": [
     -76.5104534,
     3.401886
    ]
   },
   "properties": {
    "kind": "fuel",
    "name": "Terpel",
    "address": "Calle 48",
    "phone": null,
    "capacity": null,
    "source": "osm",
    "source_ref": "way/569158587",
    "source_url": "https://www.openstreetmap.org/way/569158587"
   }
  },
  {
   "type": "Feature",
   "geometry": {
    "type": "Point",
    "coordinates": [
     -76.5103501,
     3.4017367
    ]
   },
   "properties": {
    "kind": "fuel",
    "name": "Gazel",
    "address": "Calle 48",
    "phone": null,
    "capacity": null,
    "source": "osm",
    "source_ref": "way/569158588",
    "source_url": "https://www.openstreetmap.org/way/569158588"
   }
  },
  {
   "type": "Feature",
   "geometry": {
    "type": "Point",
    "coordinates": [
     -76.514863,
     3.4668509
    ]
   },
   "properties": {
    "kind": "market",
    "name": "Variedades Karen",
    "address": "Carrera 2B Norte",
    "phone": null,
    "capacity": null,
    "source": "osm",
    "source_ref": "way/569162605",
    "source_url": "https://www.openstreetmap.org/way/569162605"
   }
  },
  {
   "type": "Feature",
   "geometry": {
    "type": "Point",
    "coordinates": [
     -76.513257,
     3.4590219
    ]
   },
   "properties": {
    "kind": "market",
    "name": "Compraventa Atenas",
    "address": "Calle 34",
    "phone": null,
    "capacity": null,
    "source": "osm",
    "source_ref": "way/569162626",
    "source_url": "https://www.openstreetmap.org/way/569162626"
   }
  },
  {
   "type": "Feature",
   "geometry": {
    "type": "Point",
    "coordinates": [
     -76.5137759,
     3.4609471
    ]
   },
   "properties": {
    "kind": "fuel",
    "name": "Esso",
    "address": "Calle 34",
    "phone": null,
    "capacity": null,
    "source": "osm",
    "source_ref": "way/569162628",
    "source_url": "https://www.openstreetmap.org/way/569162628"
   }
  },
  {
   "type": "Feature",
   "geometry": {
    "type": "Point",
    "coordinates": [
     -76.5381498,
     3.385779
    ]
   },
   "properties": {
    "kind": "fuel",
    "name": "Terpel",
    "address": "Calle 13",
    "phone": null,
    "capacity": null,
    "source": "osm",
    "source_ref": "way/569167398",
    "source_url": "https://www.openstreetmap.org/way/569167398"
   }
  },
  {
   "type": "Feature",
   "geometry": {
    "type": "Point",
    "coordinates": [
     -76.5381651,
     3.385907
    ]
   },
   "properties": {
    "kind": "fuel",
    "name": "Terpel",
    "address": "Calle 13",
    "phone": null,
    "capacity": null,
    "source": "osm",
    "source_ref": "way/569167399",
    "source_url": "https://www.openstreetmap.org/way/569167399"
   }
  },
  {
   "type": "Feature",
   "geometry": {
    "type": "Point",
    "coordinates": [
     -76.508327,
     3.3987625
    ]
   },
   "properties": {
    "kind": "fuel",
    "name": "Esso",
    "address": "Carrera 46",
    "phone": null,
    "capacity": null,
    "source": "osm",
    "source_ref": "way/569167785",
    "source_url": "https://www.openstreetmap.org/way/569167785"
   }
  },
  {
   "type": "Feature",
   "geometry": {
    "type": "Point",
    "coordinates": [
     -76.5084378,
     3.3988971
    ]
   },
   "properties": {
    "kind": "fuel",
    "name": "Esso",
    "address": "Carrera 46",
    "phone": null,
    "capacity": null,
    "source": "osm",
    "source_ref": "way/569167786",
    "source_url": "https://www.openstreetmap.org/way/569167786"
   }
  },
  {
   "type": "Feature",
   "geometry": {
    "type": "Point",
    "coordinates": [
     -76.5233582,
     3.4518971
    ]
   },
   "properties": {
    "kind": "fuel",
    "name": "Petrobras",
    "address": "Calle 21, Cali",
    "phone": null,
    "capacity": null,
    "source": "osm",
    "source_ref": "way/569180749",
    "source_url": "https://www.openstreetmap.org/way/569180749"
   }
  },
  {
   "type": "Feature",
   "geometry": {
    "type": "Point",
    "coordinates": [
     -76.523387,
     3.4519888
    ]
   },
   "properties": {
    "kind": "fuel",
    "name": "Petrobras",
    "address": "Calle 21, Cali",
    "phone": null,
    "capacity": null,
    "source": "osm",
    "source_ref": "way/569180752",
    "source_url": "https://www.openstreetmap.org/way/569180752"
   }
  },
  {
   "type": "Feature",
   "geometry": {
    "type": "Point",
    "coordinates": [
     -76.523417,
     3.4520714
    ]
   },
   "properties": {
    "kind": "fuel",
    "name": "Petrobras",
    "address": "Calle 21, Cali",
    "phone": null,
    "capacity": null,
    "source": "osm",
    "source_ref": "way/569180756",
    "source_url": "https://www.openstreetmap.org/way/569180756"
   }
  },
  {
   "type": "Feature",
   "geometry": {
    "type": "Point",
    "coordinates": [
     -76.5350337,
     3.3928654
    ]
   },
   "properties": {
    "kind": "market",
    "name": "Cañaveral",
    "address": null,
    "phone": null,
    "capacity": null,
    "source": "osm",
    "source_ref": "way/569395649",
    "source_url": "https://www.openstreetmap.org/way/569395649"
   }
  },
  {
   "type": "Feature",
   "geometry": {
    "type": "Point",
    "coordinates": [
     -76.499474,
     3.4361551
    ]
   },
   "properties": {
    "kind": "pharmacy",
    "name": "Olimpica",
    "address": "Carrera 26J",
    "phone": null,
    "capacity": null,
    "source": "osm",
    "source_ref": "way/569414920",
    "source_url": "https://www.openstreetmap.org/way/569414920"
   }
  },
  {
   "type": "Feature",
   "geometry": {
    "type": "Point",
    "coordinates": [
     -76.5208808,
     3.458151
    ]
   },
   "properties": {
    "kind": "fuel",
    "name": "Texaco",
    "address": "Carrera 4",
    "phone": null,
    "capacity": null,
    "source": "osm",
    "source_ref": "way/569421561",
    "source_url": "https://www.openstreetmap.org/way/569421561"
   }
  },
  {
   "type": "Feature",
   "geometry": {
    "type": "Point",
    "coordinates": [
     -76.4896473,
     3.4934072
    ]
   },
   "properties": {
    "kind": "market",
    "name": "MercaFruver JJ",
    "address": "Calle 73",
    "phone": "+57 3206255924",
    "capacity": null,
    "source": "osm",
    "source_ref": "way/569423397",
    "source_url": "https://www.openstreetmap.org/way/569423397"
   }
  },
  {
   "type": "Feature",
   "geometry": {
    "type": "Point",
    "coordinates": [
     -76.5261254,
     3.4790614
    ]
   },
   "properties": {
    "kind": "fuel",
    "name": "Terpel",
    "address": "Avenida 6 Norte",
    "phone": null,
    "capacity": null,
    "source": "osm",
    "source_ref": "way/569429053",
    "source_url": "https://www.openstreetmap.org/way/569429053"
   }
  },
  {
   "type": "Feature",
   "geometry": {
    "type": "Point",
    "coordinates": [
     -76.5262111,
     3.4753593
    ]
   },
   "properties": {
    "kind": "fuel",
    "name": "Terpel",
    "address": null,
    "phone": null,
    "capacity": null,
    "source": "osm",
    "source_ref": "way/569429062",
    "source_url": "https://www.openstreetmap.org/way/569429062"
   }
  },
  {
   "type": "Feature",
   "geometry": {
    "type": "Point",
    "coordinates": [
     -76.5115802,
     3.4690166
    ]
   },
   "properties": {
    "kind": "medical",
    "name": "Nueva eps",
    "address": "Carrera 1",
    "phone": null,
    "capacity": null,
    "source": "osm",
    "source_ref": "way/569436593",
    "source_url": "https://www.openstreetmap.org/way/569436593"
   }
  },
  {
   "type": "Feature",
   "geometry": {
    "type": "Point",
    "coordinates": [
     -76.4945527,
     3.4745895
    ]
   },
   "properties": {
    "kind": "fuel",
    "name": "Gazel",
    "address": "Carrera 1D",
    "phone": null,
    "capacity": null,
    "source": "osm",
    "source_ref": "way/569436596",
    "source_url": "https://www.openstreetmap.org/way/569436596"
   }
  },
  {
   "type": "Feature",
   "geometry": {
    "type": "Point",
    "coordinates": [
     -76.4947265,
     3.4745387
    ]
   },
   "properties": {
    "kind": "fuel",
    "name": "Texaco",
    "address": "Carrera 1D",
    "phone": null,
    "capacity": null,
    "source": "osm",
    "source_ref": "way/569436597",
    "source_url": "https://www.openstreetmap.org/way/569436597"
   }
  },
  {
   "type": "Feature",
   "geometry": {
    "type": "Point",
    "coordinates": [
     -76.4936469,
     3.489554
    ]
   },
   "properties": {
    "kind": "market",
    "name": "Tiendas D1",
    "address": "Calle 75 Norte 71267",
    "phone": null,
    "capacity": null,
    "source": "osm",
    "source_ref": "way/569438720",
    "source_url": "https://www.openstreetmap.org/way/569438720"
   }
  },
  {
   "type": "Feature",
   "geometry": {
    "type": "Point",
    "coordinates": [
     -76.5005945,
     3.438266
    ]
   },
   "properties": {
    "kind": "responder",
    "name": "Policia Metropolitana",
    "address": "Calle 44",
    "phone": null,
    "capacity": null,
    "source": "osm",
    "source_ref": "way/569448650",
    "source_url": "https://www.openstreetmap.org/way/569448650"
   }
  },
  {
   "type": "Feature",
   "geometry": {
    "type": "Point",
    "coordinates": [
     -76.5092121,
     3.469291
    ]
   },
   "properties": {
    "kind": "fuel",
    "name": "Terpel",
    "address": "Carrera 1D",
    "phone": null,
    "capacity": null,
    "source": "osm",
    "source_ref": "way/569451925",
    "source_url": "https://www.openstreetmap.org/way/569451925"
   }
  },
  {
   "type": "Feature",
   "geometry": {
    "type": "Point",
    "coordinates": [
     -76.5156001,
     3.4582149
    ]
   },
   "properties": {
    "kind": "pharmacy",
    "name": "Susdescuentos Drogas",
    "address": "Carrera 5",
    "phone": null,
    "capacity": null,
    "source": "osm",
    "source_ref": "way/569475083",
    "source_url": "https://www.openstreetmap.org/way/569475083"
   }
  },
  {
   "type": "Feature",
   "geometry": {
    "type": "Point",
    "coordinates": [
     -76.5094687,
     3.3905035
    ]
   },
   "properties": {
    "kind": "market",
    "name": "Super Mercado Los García",
    "address": "Calle 56G",
    "phone": "+57 3137655793",
    "capacity": null,
    "source": "osm",
    "source_ref": "way/569484698",
    "source_url": "https://www.openstreetmap.org/way/569484698"
   }
  },
  {
   "type": "Feature",
   "geometry": {
    "type": "Point",
    "coordinates": [
     -76.5074523,
     3.3922573
    ]
   },
   "properties": {
    "kind": "pharmacy",
    "name": "Drogueria Llanofarma",
    "address": "Calle 56G",
    "phone": "+57 3218570139",
    "capacity": null,
    "source": "osm",
    "source_ref": "way/569484701",
    "source_url": "https://www.openstreetmap.org/way/569484701"
   }
  },
  {
   "type": "Feature",
   "geometry": {
    "type": "Point",
    "coordinates": [
     -76.5499213,
     3.4047009
    ]
   },
   "properties": {
    "kind": "medical",
    "name": "S DarsaluD",
    "address": "Calle 3",
    "phone": null,
    "capacity": null,
    "source": "osm",
    "source_ref": "way/569489381",
    "source_url": "https://www.openstreetmap.org/way/569489381"
   }
  },
  {
   "type": "Feature",
   "geometry": {
    "type": "Point",
    "coordinates": [
     -76.5191505,
     3.4577708
    ]
   },
   "properties": {
    "kind": "fuel",
    "name": "Gaso",
    "address": "Calle 25",
    "phone": null,
    "capacity": null,
    "source": "osm",
    "source_ref": "way/569490711",
    "source_url": "https://www.openstreetmap.org/way/569490711"
   }
  },
  {
   "type": "Feature",
   "geometry": {
    "type": "Point",
    "coordinates": [
     -76.519246,
     3.4579136
    ]
   },
   "properties": {
    "kind": "fuel",
    "name": "Primax",
    "address": "Calle 25",
    "phone": null,
    "capacity": null,
    "source": "osm",
    "source_ref": "way/569490716",
    "source_url": "https://www.openstreetmap.org/way/569490716"
   }
  },
  {
   "type": "Feature",
   "geometry": {
    "type": "Point",
    "coordinates": [
     -76.5050869,
     3.4016016
    ]
   },
   "properties": {
    "kind": "fuel",
    "name": "Terpel",
    "address": "Carrera 42B",
    "phone": null,
    "capacity": null,
    "source": "osm",
    "source_ref": "way/569498107",
    "source_url": "https://www.openstreetmap.org/way/569498107"
   }
  },
  {
   "type": "Feature",
   "geometry": {
    "type": "Point",
    "coordinates": [
     -76.5040566,
     3.3973917
    ]
   },
   "properties": {
    "kind": "medical",
    "name": "Drogueria Elifarma",
    "address": "Calle 56C",
    "phone": "+57 2 4875199",
    "capacity": null,
    "source": "osm",
    "source_ref": "way/569498108",
    "source_url": "https://www.openstreetmap.org/way/569498108"
   }
  },
  {
   "type": "Feature",
   "geometry": {
    "type": "Point",
    "coordinates": [
     -76.5064325,
     3.3974288
    ]
   },
   "properties": {
    "kind": "medical",
    "name": "Variedades Ordóñez",
    "address": "Calle 55",
    "phone": null,
    "capacity": null,
    "source": "osm",
    "source_ref": "way/569498110",
    "source_url": "https://www.openstreetmap.org/way/569498110"
   }
  },
  {
   "type": "Feature",
   "geometry": {
    "type": "Point",
    "coordinates": [
     -76.5129109,
     3.4594304
    ]
   },
   "properties": {
    "kind": "market",
    "name": "Tienda El Porvenir De German",
    "address": "Carrera 4C",
    "phone": null,
    "capacity": null,
    "source": "osm",
    "source_ref": "way/569501238",
    "source_url": "https://www.openstreetmap.org/way/569501238"
   }
  },
  {
   "type": "Feature",
   "geometry": {
    "type": "Point",
    "coordinates": [
     -76.5109959,
     3.4195274
    ]
   },
   "properties": {
    "kind": "fuel",
    "name": "Terpel",
    "address": "Carrera 39",
    "phone": null,
    "capacity": null,
    "source": "osm",
    "source_ref": "way/569501263",
    "source_url": "https://www.openstreetmap.org/way/569501263"
   }
  },
  {
   "type": "Feature",
   "geometry": {
    "type": "Point",
    "coordinates": [
     -76.5205854,
     3.3834001
    ]
   },
   "properties": {
    "kind": "medical",
    "name": "Drogas La Rebaja",
    "address": "Calle 42",
    "phone": null,
    "capacity": null,
    "source": "osm",
    "source_ref": "way/569608626",
    "source_url": "https://www.openstreetmap.org/way/569608626"
   }
  },
  {
   "type": "Feature",
   "geometry": {
    "type": "Point",
    "coordinates": [
     -76.4953289,
     3.4645897
    ]
   },
   "properties": {
    "kind": "fuel",
    "name": "Villa del Prado",
    "address": "Carrera 5",
    "phone": null,
    "capacity": null,
    "source": "osm",
    "source_ref": "way/569712711",
    "source_url": "https://www.openstreetmap.org/way/569712711"
   }
  },
  {
   "type": "Feature",
   "geometry": {
    "type": "Point",
    "coordinates": [
     -76.5131841,
     3.4544511
    ]
   },
   "properties": {
    "kind": "fuel",
    "name": "Terpel",
    "address": "Carrera 8",
    "phone": null,
    "capacity": null,
    "source": "osm",
    "source_ref": "way/569774187",
    "source_url": "https://www.openstreetmap.org/way/569774187"
   }
  },
  {
   "type": "Feature",
   "geometry": {
    "type": "Point",
    "coordinates": [
     -76.4889404,
     3.4487581
    ]
   },
   "properties": {
    "kind": "fuel",
    "name": "EDS LAS CEIBAS",
    "address": "Calle 70",
    "phone": null,
    "capacity": null,
    "source": "osm",
    "source_ref": "way/569780044",
    "source_url": "https://www.openstreetmap.org/way/569780044"
   }
  },
  {
   "type": "Feature",
   "geometry": {
    "type": "Point",
    "coordinates": [
     -76.4887895,
     3.4490144
    ]
   },
   "properties": {
    "kind": "fuel",
    "name": "EDS LAS CEIBAS",
    "address": "Calle 70",
    "phone": null,
    "capacity": null,
    "source": "osm",
    "source_ref": "way/569780045",
    "source_url": "https://www.openstreetmap.org/way/569780045"
   }
  },
  {
   "type": "Feature",
   "geometry": {
    "type": "Point",
    "coordinates": [
     -76.4930447,
     3.452298
    ]
   },
   "properties": {
    "kind": "pharmacy",
    "name": "Olimpica",
    "address": "Carrera 8",
    "phone": null,
    "capacity": null,
    "source": "osm",
    "source_ref": "way/569780049",
    "source_url": "https://www.openstreetmap.org/way/569780049"
   }
  },
  {
   "type": "Feature",
   "geometry": {
    "type": "Point",
    "coordinates": [
     -76.5026424,
     3.4526915
    ]
   },
   "properties": {
    "kind": "fuel",
    "name": "Primax",
    "address": "Carrera 8",
    "phone": null,
    "capacity": null,
    "source": "osm",
    "source_ref": "way/569780050",
    "source_url": "https://www.openstreetmap.org/way/569780050"
   }
  },
  {
   "type": "Feature",
   "geometry": {
    "type": "Point",
    "coordinates": [
     -76.5098296,
     3.4543109
    ]
   },
   "properties": {
    "kind": "fuel",
    "name": "Primax",
    "address": "Carrera 8",
    "phone": null,
    "capacity": null,
    "source": "osm",
    "source_ref": "way/569780073",
    "source_url": "https://www.openstreetmap.org/way/569780073"
   }
  },
  {
   "type": "Feature",
   "geometry": {
    "type": "Point",
    "coordinates": [
     -76.4991771,
     3.4486669
    ]
   },
   "properties": {
    "kind": "medical",
    "name": "Odonto Prevenir",
    "address": "Calle 52",
    "phone": null,
    "capacity": null,
    "source": "osm",
    "source_ref": "way/569780081",
    "source_url": "https://www.openstreetmap.org/way/569780081"
   }
  },
  {
   "type": "Feature",
   "geometry": {
    "type": "Point",
    "coordinates": [
     -76.4990839,
     3.4523497
    ]
   },
   "properties": {
    "kind": "market",
    "name": "Super Inter",
    "address": "Carrera 8",
    "phone": null,
    "capacity": null,
    "source": "osm",
    "source_ref": "way/569780083",
    "source_url": "https://www.openstreetmap.org/way/569780083"
   }
  },
  {
   "type": "Feature",
   "geometry": {
    "type": "Point",
    "coordinates": [
     -76.5000955,
     3.4473923
    ]
   },
   "properties": {
    "kind": "shelter_candidate",
    "name": "Coligio León de Greiff Cali",
    "address": "Calle 51",
    "phone": null,
    "capacity": null,
    "source": "osm",
    "source_ref": "way/569780086",
    "source_url": "https://www.openstreetmap.org/way/569780086"
   }
  },
  {
   "type": "Feature",
   "geometry": {
    "type": "Point",
    "coordinates": [
     -76.4994667,
     3.4481968
    ]
   },
   "properties": {
    "kind": "pharmacy",
    "name": "Farmacenter",
    "address": "Carrera 12",
    "phone": null,
    "capacity": null,
    "source": "osm",
    "source_ref": "way/569780093",
    "source_url": "https://www.openstreetmap.org/way/569780093"
   }
  },
  {
   "type": "Feature",
   "geometry": {
    "type": "Point",
    "coordinates": [
     -76.5485867,
     3.4197437
    ]
   },
   "properties": {
    "kind": "fuel",
    "name": "Primax",
    "address": "Calle 5",
    "phone": null,
    "capacity": null,
    "source": "osm",
    "source_ref": "way/569783424",
    "source_url": "https://www.openstreetmap.org/way/569783424"
   }
  },
  {
   "type": "Feature",
   "geometry": {
    "type": "Point",
    "coordinates": [
     -76.5072947,
     3.4605072
    ]
   },
   "properties": {
    "kind": "pharmacy",
    "name": "La Rebaja",
    "address": "Calle 44",
    "phone": null,
    "capacity": null,
    "source": "osm",
    "source_ref": "way/569802541",
    "source_url": "https://www.openstreetmap.org/way/569802541"
   }
  },
  {
   "type": "Feature",
   "geometry": {
    "type": "Point",
    "coordinates": [
     -76.5079257,
     3.4629661
    ]
   },
   "properties": {
    "kind": "pharmacy",
    "name": "Droguería Salud Y Vida",
    "address": "Calle 44",
    "phone": null,
    "capacity": null,
    "source": "osm",
    "source_ref": "way/569802545",
    "source_url": "https://www.openstreetmap.org/way/569802545"
   }
  },
  {
   "type": "Feature",
   "geometry": {
    "type": "Point",
    "coordinates": [
     -76.5110562,
     3.4710835
    ]
   },
   "properties": {
    "kind": "pharmacy",
    "name": "Droguería",
    "address": "Calle 44",
    "phone": null,
    "capacity": null,
    "source": "osm",
    "source_ref": "way/569802546",
    "source_url": "https://www.openstreetmap.org/way/569802546"
   }
  },
  {
   "type": "Feature",
   "geometry": {
    "type": "Point",
    "coordinates": [
     -76.5315222,
     3.4686136
    ]
   },
   "properties": {
    "kind": "medical",
    "name": "Maná Centro Médico Integrativo",
    "address": "Avenida 7",
    "phone": null,
    "capacity": null,
    "source": "osm",
    "source_ref": "way/569996868",
    "source_url": "https://www.openstreetmap.org/way/569996868"
   }
  },
  {
   "type": "Feature",
   "geometry": {
    "type": "Point",
    "coordinates": [
     -76.4848644,
     3.4689242
    ]
   },
   "properties": {
    "kind": "fuel",
    "name": "Terpel",
    "address": "Calle 70",
    "phone": null,
    "capacity": null,
    "source": "osm",
    "source_ref": "way/570009876",
    "source_url": "https://www.openstreetmap.org/way/570009876"
   }
  },
  {
   "type": "Feature",
   "geometry": {
    "type": "Point",
    "coordinates": [
     -76.4902297,
     3.4751261
    ]
   },
   "properties": {
    "kind": "responder",
    "name": "Policia Metropolitana Santiago de Calí",
    "address": "Calle 67",
    "phone": null,
    "capacity": null,
    "source": "osm",
    "source_ref": "way/570040149",
    "source_url": "https://www.openstreetmap.org/way/570040149"
   }
  },
  {
   "type": "Feature",
   "geometry": {
    "type": "Point",
    "coordinates": [
     -76.4965922,
     3.4829759
    ]
   },
   "properties": {
    "kind": "fuel",
    "name": "Terpel",
    "address": "Carrera 1",
    "phone": null,
    "capacity": null,
    "source": "osm",
    "source_ref": "way/570056808",
    "source_url": "https://www.openstreetmap.org/way/570056808"
   }
  },
  {
   "type": "Feature",
   "geometry": {
    "type": "Point",
    "coordinates": [
     -76.5335782,
     3.4585705
    ]
   },
   "properties": {
    "kind": "fuel",
    "name": "EDS Granada",
    "address": "Avenida 8 Norte",
    "phone": null,
    "capacity": null,
    "source": "osm",
    "source_ref": "way/570062123",
    "source_url": "https://www.openstreetmap.org/way/570062123"
   }
  },
  {
   "type": "Feature",
   "geometry": {
    "type": "Point",
    "coordinates": [
     -76.5328746,
     3.4594629
    ]
   },
   "properties": {
    "kind": "fuel",
    "name": "Primax",
    "address": "Avenida 8 Norte",
    "phone": null,
    "capacity": null,
    "source": "osm",
    "source_ref": "way/570062125",
    "source_url": "https://www.openstreetmap.org/way/570062125"
   }
  },
  {
   "type": "Feature",
   "geometry": {
    "type": "Point",
    "coordinates": [
     -76.5163922,
     3.4428557
    ]
   },
   "properties": {
    "kind": "fuel",
    "name": "Gazel",
    "address": "Transversal 29",
    "phone": null,
    "capacity": null,
    "source": "osm",
    "source_ref": "way/570072440",
    "source_url": "https://www.openstreetmap.org/way/570072440"
   }
  },
  {
   "type": "Feature",
   "geometry": {
    "type": "Point",
    "coordinates": [
     -76.516588,
     3.4428684
    ]
   },
   "properties": {
    "kind": "fuel",
    "name": "Gazel",
    "address": "Transversal 29",
    "phone": null,
    "capacity": null,
    "source": "osm",
    "source_ref": "way/570072442",
    "source_url": "https://www.openstreetmap.org/way/570072442"
   }
  },
  {
   "type": "Feature",
   "geometry": {
    "type": "Point",
    "coordinates": [
     -76.516705,
     3.4427803
    ]
   },
   "properties": {
    "kind": "fuel",
    "name": "Gazel",
    "address": "Transversal 29",
    "phone": null,
    "capacity": null,
    "source": "osm",
    "source_ref": "way/570072443",
    "source_url": "https://www.openstreetmap.org/way/570072443"
   }
  },
  {
   "type": "Feature",
   "geometry": {
    "type": "Point",
    "coordinates": [
     -76.5034686,
     3.439906
    ]
   },
   "properties": {
    "kind": "fuel",
    "name": "GNV",
    "address": "Carrera 23",
    "phone": null,
    "capacity": null,
    "source": "osm",
    "source_ref": "way/570072451",
    "source_url": "https://www.openstreetmap.org/way/570072451"
   }
  },
  {
   "type": "Feature",
   "geometry": {
    "type": "Point",
    "coordinates": [
     -76.503305,
     3.4399095
    ]
   },
   "properties": {
    "kind": "fuel",
    "name": "Terpel",
    "address": "Carrera 23",
    "phone": null,
    "capacity": null,
    "source": "osm",
    "source_ref": "way/570072456",
    "source_url": "https://www.openstreetmap.org/way/570072456"
   }
  },
  {
   "type": "Feature",
   "geometry": {
    "type": "Point",
    "coordinates": [
     -76.5146639,
     3.4384368
    ]
   },
   "properties": {
    "kind": "fuel",
    "name": "Full Gas",
    "address": "Transversal 29",
    "phone": null,
    "capacity": null,
    "source": "osm",
    "source_ref": "way/570072460",
    "source_url": "https://www.openstreetmap.org/way/570072460"
   }
  },
  {
   "type": "Feature",
   "geometry": {
    "type": "Point",
    "coordinates": [
     -76.4935181,
     3.4857743
    ]
   },
   "properties": {
    "kind": "fuel",
    "name": "Biomax",
    "address": "Calle 70",
    "phone": null,
    "capacity": null,
    "source": "osm",
    "source_ref": "way/570077519",
    "source_url": "https://www.openstreetmap.org/way/570077519"
   }
  },
  {
   "type": "Feature",
   "geometry": {
    "type": "Point",
    "coordinates": [
     -76.4963089,
     3.4923807
    ]
   },
   "properties": {
    "kind": "market",
    "name": "MIO",
    "address": "Carrera 4 Norte",
    "phone": null,
    "capacity": null,
    "source": "osm",
    "source_ref": "way/570077520",
    "source_url": "https://www.openstreetmap.org/way/570077520"
   }
  },
  {
   "type": "Feature",
   "geometry": {
    "type": "Point",
    "coordinates": [
     -76.5395606,
     3.4172132
    ]
   },
   "properties": {
    "kind": "fuel",
    "name": "Terpel",
    "address": "Calle 9",
    "phone": null,
    "capacity": null,
    "source": "osm",
    "source_ref": "way/570084835",
    "source_url": "https://www.openstreetmap.org/way/570084835"
   }
  },
  {
   "type": "Feature",
   "geometry": {
    "type": "Point",
    "coordinates": [
     -76.5388472,
     3.4288604
    ]
   },
   "properties": {
    "kind": "fuel",
    "name": "Texaco",
    "address": "Calle 6",
    "phone": null,
    "capacity": null,
    "source": "osm",
    "source_ref": "way/570095437",
    "source_url": "https://www.openstreetmap.org/way/570095437"
   }
  },
  {
   "type": "Feature",
   "geometry": {
    "type": "Point",
    "coordinates": [
     -76.5460072,
     3.4268598
    ]
   },
   "properties": {
    "kind": "pharmacy",
    "name": "Farmacenter",
    "address": "Calle 5",
    "phone": null,
    "capacity": null,
    "source": "osm",
    "source_ref": "way/570105044",
    "source_url": "https://www.openstreetmap.org/way/570105044"
   }
  },
  {
   "type": "Feature",
   "geometry": {
    "type": "Point",
    "coordinates": [
     -76.5074791,
     3.4630104
    ]
   },
   "properties": {
    "kind": "fuel",
    "name": "Terpel",
    "address": "Calle 44",
    "phone": null,
    "capacity": null,
    "source": "osm",
    "source_ref": "way/570109254",
    "source_url": "https://www.openstreetmap.org/way/570109254"
   }
  },
  {
   "type": "Feature",
   "geometry": {
    "type": "Point",
    "coordinates": [
     -76.5075173,
     3.463145
    ]
   },
   "properties": {
    "kind": "fuel",
    "name": "Terpel",
    "address": "Calle 44",
    "phone": null,
    "capacity": null,
    "source": "osm",
    "source_ref": "way/570109255",
    "source_url": "https://www.openstreetmap.org/way/570109255"
   }
  },
  {
   "type": "Feature",
   "geometry": {
    "type": "Point",
    "coordinates": [
     -76.5054549,
     3.4621048
    ]
   },
   "properties": {
    "kind": "pharmacy",
    "name": "Drogueria Salud De Oriente",
    "address": "Calle 45",
    "phone": null,
    "capacity": null,
    "source": "osm",
    "source_ref": "way/570109257",
    "source_url": "https://www.openstreetmap.org/way/570109257"
   }
  },
  {
   "type": "Feature",
   "geometry": {
    "type": "Point",
    "coordinates": [
     -76.4742941,
     3.4504289
    ]
   },
   "properties": {
    "kind": "fuel",
    "name": "Esso",
    "address": "Carrera 8",
    "phone": null,
    "capacity": null,
    "source": "osm",
    "source_ref": "way/570299730",
    "source_url": "https://www.openstreetmap.org/way/570299730"
   }
  },
  {
   "type": "Feature",
   "geometry": {
    "type": "Point",
    "coordinates": [
     -76.4733883,
     3.4503455
    ]
   },
   "properties": {
    "kind": "fuel",
    "name": "Mobil",
    "address": "Carrera 8",
    "phone": null,
    "capacity": null,
    "source": "osm",
    "source_ref": "way/570299733",
    "source_url": "https://www.openstreetmap.org/way/570299733"
   }
  },
  {
   "type": "Feature",
   "geometry": {
    "type": "Point",
    "coordinates": [
     -76.4954099,
     3.494343
    ]
   },
   "properties": {
    "kind": "market",
    "name": "Merca Todo",
    "address": "Carrera 4 Norte",
    "phone": null,
    "capacity": null,
    "source": "osm",
    "source_ref": "way/570321081",
    "source_url": "https://www.openstreetmap.org/way/570321081"
   }
  },
  {
   "type": "Feature",
   "geometry": {
    "type": "Point",
    "coordinates": [
     -76.4624149,
     3.4601312
    ]
   },
   "properties": {
    "kind": "pharmacy",
    "name": "Drogueria Alejandra",
    "address": "Calle 96C",
    "phone": null,
    "capacity": null,
    "source": "osm",
    "source_ref": "way/570327604",
    "source_url": "https://www.openstreetmap.org/way/570327604"
   }
  },
  {
   "type": "Feature",
   "geometry": {
    "type": "Point",
    "coordinates": [
     -76.4618803,
     3.4586277
    ]
   },
   "properties": {
    "kind": "market",
    "name": "Tienda",
    "address": "Calle 100 42-02",
    "phone": null,
    "capacity": null,
    "source": "osm",
    "source_ref": "way/570327608",
    "source_url": "https://www.openstreetmap.org/way/570327608"
   }
  },
  {
   "type": "Feature",
   "geometry": {
    "type": "Point",
    "coordinates": [
     -76.527461,
     3.4060125
    ]
   },
   "properties": {
    "kind": "fuel",
    "name": "Terpel",
    "address": "Carrera 50",
    "phone": null,
    "capacity": null,
    "source": "osm",
    "source_ref": "way/570334235",
    "source_url": "https://www.openstreetmap.org/way/570334235"
   }
  },
  {
   "type": "Feature",
   "geometry": {
    "type": "Point",
    "coordinates": [
     -76.5274941,
     3.4062101
    ]
   },
   "properties": {
    "kind": "fuel",
    "name": "Terpel",
    "address": "Carrera 50",
    "phone": null,
    "capacity": null,
    "source": "osm",
    "source_ref": "way/570334236",
    "source_url": "https://www.openstreetmap.org/way/570334236"
   }
  },
  {
   "type": "Feature",
   "geometry": {
    "type": "Point",
    "coordinates": [
     -76.5248573,
     3.4122811
    ]
   },
   "properties": {
    "kind": "fuel",
    "name": "Biomax",
    "address": "Carrera 44",
    "phone": null,
    "capacity": null,
    "source": "osm",
    "source_ref": "way/570334237",
    "source_url": "https://www.openstreetmap.org/way/570334237"
   }
  },
  {
   "type": "Feature",
   "geometry": {
    "type": "Point",
    "coordinates": [
     -76.4995405,
     3.4879006
    ]
   },
   "properties": {
    "kind": "fuel",
    "name": "Terpel",
    "address": "Carrera 4C Norte",
    "phone": null,
    "capacity": null,
    "source": "osm",
    "source_ref": "way/570370648",
    "source_url": "https://www.openstreetmap.org/way/570370648"
   }
  },
  {
   "type": "Feature",
   "geometry": {
    "type": "Point",
    "coordinates": [
     -76.5093217,
     3.4908366
    ]
   },
   "properties": {
    "kind": "fuel",
    "name": "Primax",
    "address": "Calle 70 Norte",
    "phone": null,
    "capacity": null,
    "source": "osm",
    "source_ref": "way/570380143",
    "source_url": "https://www.openstreetmap.org/way/570380143"
   }
  },
  {
   "type": "Feature",
   "geometry": {
    "type": "Point",
    "coordinates": [
     -76.509272,
     3.4909869
    ]
   },
   "properties": {
    "kind": "fuel",
    "name": "Primax",
    "address": "Calle 70 Norte",
    "phone": null,
    "capacity": null,
    "source": "osm",
    "source_ref": "way/570380144",
    "source_url": "https://www.openstreetmap.org/way/570380144"
   }
  },
  {
   "type": "Feature",
   "geometry": {
    "type": "Point",
    "coordinates": [
     -76.5092654,
     3.4911814
    ]
   },
   "properties": {
    "kind": "fuel",
    "name": "Primax",
    "address": "Calle 70 Norte",
    "phone": null,
    "capacity": null,
    "source": "osm",
    "source_ref": "way/570380145",
    "source_url": "https://www.openstreetmap.org/way/570380145"
   }
  },
  {
   "type": "Feature",
   "geometry": {
    "type": "Point",
    "coordinates": [
     -76.5016729,
     3.4884163
    ]
   },
   "properties": {
    "kind": "fuel",
    "name": "Texaco",
    "address": "Calle 70 Norte",
    "phone": null,
    "capacity": null,
    "source": "osm",
    "source_ref": "way/570380147",
    "source_url": "https://www.openstreetmap.org/way/570380147"
   }
  },
  {
   "type": "Feature",
   "geometry": {
    "type": "Point",
    "coordinates": [
     -76.5269913,
     3.4316878
    ]
   },
   "properties": {
    "kind": "fuel",
    "name": "Gazel",
    "address": "Calle 13",
    "phone": null,
    "capacity": null,
    "source": "osm",
    "source_ref": "way/570389333",
    "source_url": "https://www.openstreetmap.org/way/570389333"
   }
  },
  {
   "type": "Feature",
   "geometry": {
    "type": "Point",
    "coordinates": [
     -76.5273147,
     3.4224437
    ]
   },
   "properties": {
    "kind": "fuel",
    "name": "Primax",
    "address": "Calle 14",
    "phone": null,
    "capacity": null,
    "source": "osm",
    "source_ref": "way/570389335",
    "source_url": "https://www.openstreetmap.org/way/570389335"
   }
  },
  {
   "type": "Feature",
   "geometry": {
    "type": "Point",
    "coordinates": [
     -76.5278208,
     3.4179829
    ]
   },
   "properties": {
    "kind": "fuel",
    "name": "Gaso",
    "address": "Carrera 39",
    "phone": null,
    "capacity": null,
    "source": "osm",
    "source_ref": "way/571056564",
    "source_url": "https://www.openstreetmap.org/way/571056564"
   }
  },
  {
   "type": "Feature",
   "geometry": {
    "type": "Point",
    "coordinates": [
     -76.5281325,
     3.4272234
    ]
   },
   "properties": {
    "kind": "fuel",
    "name": "Primax",
    "address": "Calle 13",
    "phone": null,
    "capacity": null,
    "source": "osm",
    "source_ref": "way/571056568",
    "source_url": "https://www.openstreetmap.org/way/571056568"
   }
  },
  {
   "type": "Feature",
   "geometry": {
    "type": "Point",
    "coordinates": [
     -76.4807163,
     3.4522506
    ]
   },
   "properties": {
    "kind": "pharmacy",
    "name": "Droguería Revivir",
    "address": "Calle 76",
    "phone": null,
    "capacity": null,
    "source": "osm",
    "source_ref": "way/571079441",
    "source_url": "https://www.openstreetmap.org/way/571079441"
   }
  },
  {
   "type": "Feature",
   "geometry": {
    "type": "Point",
    "coordinates": [
     -76.4805168,
     3.4544628
    ]
   },
   "properties": {
    "kind": "pharmacy",
    "name": "Total Farma Droguería",
    "address": "Calle 76",
    "phone": null,
    "capacity": null,
    "source": "osm",
    "source_ref": "way/571079444",
    "source_url": "https://www.openstreetmap.org/way/571079444"
   }
  },
  {
   "type": "Feature",
   "geometry": {
    "type": "Point",
    "coordinates": [
     -76.4814039,
     3.4622945
    ]
   },
   "properties": {
    "kind": "pharmacy",
    "name": "Droguería La Servicial 2",
    "address": "Calle 72A",
    "phone": null,
    "capacity": null,
    "source": "osm",
    "source_ref": "way/571079447",
    "source_url": "https://www.openstreetmap.org/way/571079447"
   }
  },
  {
   "type": "Feature",
   "geometry": {
    "type": "Point",
    "coordinates": [
     -76.482224,
     3.4641155
    ]
   },
   "properties": {
    "kind": "pharmacy",
    "name": "Drogas La Economia",
    "address": "Calle 72A",
    "phone": null,
    "capacity": null,
    "source": "osm",
    "source_ref": "way/571079450",
    "source_url": "https://www.openstreetmap.org/way/571079450"
   }
  },
  {
   "type": "Feature",
   "geometry": {
    "type": "Point",
    "coordinates": [
     -76.4822347,
     3.4642835
    ]
   },
   "properties": {
    "kind": "pharmacy",
    "name": "Superfamiliar Droguerias",
    "address": "Carrera 7B Bis",
    "phone": null,
    "capacity": null,
    "source": "osm",
    "source_ref": "way/571079453",
    "source_url": "https://www.openstreetmap.org/way/571079453"
   }
  },
  {
   "type": "Feature",
   "geometry": {
    "type": "Point",
    "coordinates": [
     -76.5035415,
     3.4750442
    ]
   },
   "properties": {
    "kind": "fuel",
    "name": "Terpel",
    "address": "Calle 52",
    "phone": null,
    "capacity": null,
    "source": "osm",
    "source_ref": "way/571086281",
    "source_url": "https://www.openstreetmap.org/way/571086281"
   }
  },
  {
   "type": "Feature",
   "geometry": {
    "type": "Point",
    "coordinates": [
     -76.4802086,
     3.4534821
    ]
   },
   "properties": {
    "kind": "shelter_candidate",
    "name": "Colegio Vicente Borrero Costa",
    "address": "Calle 76",
    "phone": null,
    "capacity": null,
    "source": "osm",
    "source_ref": "way/571090455",
    "source_url": "https://www.openstreetmap.org/way/571090455"
   }
  },
  {
   "type": "Feature",
   "geometry": {
    "type": "Point",
    "coordinates": [
     -76.5072908,
     3.472721
    ]
   },
   "properties": {
    "kind": "fuel",
    "name": "Primax",
    "address": "Carrera 1",
    "phone": null,
    "capacity": null,
    "source": "osm",
    "source_ref": "way/571112758",
    "source_url": "https://www.openstreetmap.org/way/571112758"
   }
  },
  {
   "type": "Feature",
   "geometry": {
    "type": "Point",
    "coordinates": [
     -76.5214446,
     3.4669981
    ]
   },
   "properties": {
    "kind": "fuel",
    "name": "Terpel",
    "address": "Calle 30 Norte",
    "phone": null,
    "capacity": null,
    "source": "osm",
    "source_ref": "way/571116325",
    "source_url": "https://www.openstreetmap.org/way/571116325"
   }
  },
  {
   "type": "Feature",
   "geometry": {
    "type": "Point",
    "coordinates": [
     -76.5176163,
     3.4490372
    ]
   },
   "properties": {
    "kind": "fuel",
    "name": "Terpel",
    "address": "Calle 25",
    "phone": null,
    "capacity": null,
    "source": "osm",
    "source_ref": "way/571116332",
    "source_url": "https://www.openstreetmap.org/way/571116332"
   }
  },
  {
   "type": "Feature",
   "geometry": {
    "type": "Point",
    "coordinates": [
     -76.5188002,
     3.4376145
    ]
   },
   "properties": {
    "kind": "fuel",
    "name": "Mobil",
    "address": "Calle 25",
    "phone": null,
    "capacity": null,
    "source": "osm",
    "source_ref": "way/571116338",
    "source_url": "https://www.openstreetmap.org/way/571116338"
   }
  },
  {
   "type": "Feature",
   "geometry": {
    "type": "Point",
    "coordinates": [
     -76.5205425,
     3.4638319
    ]
   },
   "properties": {
    "kind": "fuel",
    "name": "Gazel",
    "address": "Calle 30 Norte",
    "phone": null,
    "capacity": null,
    "source": "osm",
    "source_ref": "way/571123552",
    "source_url": "https://www.openstreetmap.org/way/571123552"
   }
  },
  {
   "type": "Feature",
   "geometry": {
    "type": "Point",
    "coordinates": [
     -76.5182693,
     3.4290885
    ]
   },
   "properties": {
    "kind": "pharmacy",
    "name": "Droguería",
    "address": "Carrera 29",
    "phone": null,
    "capacity": null,
    "source": "osm",
    "source_ref": "way/571123553",
    "source_url": "https://www.openstreetmap.org/way/571123553"
   }
  },
  {
   "type": "Feature",
   "geometry": {
    "type": "Point",
    "coordinates": [
     -76.5167089,
     3.4256575
    ]
   },
   "properties": {
    "kind": "medical",
    "name": "Droguería La Fortaleza",
    "address": "Calle 27",
    "phone": null,
    "capacity": null,
    "source": "osm",
    "source_ref": "way/571123554",
    "source_url": "https://www.openstreetmap.org/way/571123554"
   }
  },
  {
   "type": "Feature",
   "geometry": {
    "type": "Point",
    "coordinates": [
     -76.5033817,
     3.4642699
    ]
   },
   "properties": {
    "kind": "medical",
    "name": "Salud Norte",
    "address": "Calle 46C",
    "phone": null,
    "capacity": null,
    "source": "osm",
    "source_ref": "way/571124276",
    "source_url": "https://www.openstreetmap.org/way/571124276"
   }
  },
  {
   "type": "Feature",
   "geometry": {
    "type": "Point",
    "coordinates": [
     -76.5092557,
     3.4189244
    ]
   },
   "properties": {
    "kind": "fuel",
    "name": "Primax",
    "address": "Calle 36",
    "phone": null,
    "capacity": null,
    "source": "osm",
    "source_ref": "way/571155618",
    "source_url": "https://www.openstreetmap.org/way/571155618"
   }
  },
  {
   "type": "Feature",
   "geometry": {
    "type": "Point",
    "coordinates": [
     -76.5090913,
     3.4190898
    ]
   },
   "properties": {
    "kind": "fuel",
    "name": "Primax",
    "address": "Calle 36",
    "phone": null,
    "capacity": null,
    "source": "osm",
    "source_ref": "way/571155619",
    "source_url": "https://www.openstreetmap.org/way/571155619"
   }
  },
  {
   "type": "Feature",
   "geometry": {
    "type": "Point",
    "coordinates": [
     -76.5389861,
     3.3883104
    ]
   },
   "properties": {
    "kind": "medical",
    "name": "Cruz Verde",
    "address": "Calle 13 78-14",
    "phone": null,
    "capacity": null,
    "source": "osm",
    "source_ref": "way/571160036",
    "source_url": "https://www.openstreetmap.org/way/571160036"
   }
  },
  {
   "type": "Feature",
   "geometry": {
    "type": "Point",
    "coordinates": [
     -76.538928,
     3.3893323
    ]
   },
   "properties": {
    "kind": "market",
    "name": "Carulla",
    "address": "Calle 13 75-64, Santiago de Cali, Valle del Cauca",
    "phone": null,
    "capacity": null,
    "source": "osm",
    "source_ref": "way/571160041",
    "source_url": "https://www.openstreetmap.org/way/571160041"
   }
  },
  {
   "type": "Feature",
   "geometry": {
    "type": "Point",
    "coordinates": [
     -76.5062946,
     3.4736201
    ]
   },
   "properties": {
    "kind": "fuel",
    "name": "Terpel",
    "address": "Carrera 1",
    "phone": null,
    "capacity": null,
    "source": "osm",
    "source_ref": "way/571440227",
    "source_url": "https://www.openstreetmap.org/way/571440227"
   }
  },
  {
   "type": "Feature",
   "geometry": {
    "type": "Point",
    "coordinates": [
     -76.5291835,
     3.4312451
    ]
   },
   "properties": {
    "kind": "fuel",
    "name": "Terpel",
    "address": "Calle 12A, Cali",
    "phone": null,
    "capacity": null,
    "source": "osm",
    "source_ref": "way/571454400",
    "source_url": "https://www.openstreetmap.org/way/571454400"
   }
  },
  {
   "type": "Feature",
   "geometry": {
    "type": "Point",
    "coordinates": [
     -76.5025016,
     3.478447
    ]
   },
   "properties": {
    "kind": "fuel",
    "name": "Primax",
    "address": "Carrera 1",
    "phone": null,
    "capacity": null,
    "source": "osm",
    "source_ref": "way/571480472",
    "source_url": "https://www.openstreetmap.org/way/571480472"
   }
  },
  {
   "type": "Feature",
   "geometry": {
    "type": "Point",
    "coordinates": [
     -76.5138811,
     3.4133807
    ]
   },
   "properties": {
    "kind": "fuel",
    "name": "EDS Terpel",
    "address": "Calle 36",
    "phone": null,
    "capacity": null,
    "source": "osm",
    "source_ref": "way/571510923",
    "source_url": "https://www.openstreetmap.org/way/571510923"
   }
  },
  {
   "type": "Feature",
   "geometry": {
    "type": "Point",
    "coordinates": [
     -76.5212841,
     3.4670564
    ]
   },
   "properties": {
    "kind": "fuel",
    "name": "Terpel",
    "address": "Calle 30 Norte",
    "phone": null,
    "capacity": null,
    "source": "osm",
    "source_ref": "way/571751552",
    "source_url": "https://www.openstreetmap.org/way/571751552"
   }
  },
  {
   "type": "Feature",
   "geometry": {
    "type": "Point",
    "coordinates": [
     -76.5215773,
     3.4674228
    ]
   },
   "properties": {
    "kind": "fuel",
    "name": "Texaco",
    "address": "Calle 30 Norte",
    "phone": null,
    "capacity": null,
    "source": "osm",
    "source_ref": "way/571751553",
    "source_url": "https://www.openstreetmap.org/way/571751553"
   }
  },
  {
   "type": "Feature",
   "geometry": {
    "type": "Point",
    "coordinates": [
     -76.5201792,
     3.4646991
    ]
   },
   "properties": {
    "kind": "fuel",
    "name": "Texaco",
    "address": "Avenida 2A Norte",
    "phone": null,
    "capacity": null,
    "source": "osm",
    "source_ref": "way/571751554",
    "source_url": "https://www.openstreetmap.org/way/571751554"
   }
  },
  {
   "type": "Feature",
   "geometry": {
    "type": "Point",
    "coordinates": [
     -76.5216726,
     3.419492
    ]
   },
   "properties": {
    "kind": "fuel",
    "name": "Terpel",
    "address": "Carrera 39",
    "phone": null,
    "capacity": null,
    "source": "osm",
    "source_ref": "way/571775218",
    "source_url": "https://www.openstreetmap.org/way/571775218"
   }
  },
  {
   "type": "Feature",
   "geometry": {
    "type": "Point",
    "coordinates": [
     -76.5206988,
     3.4349844
    ]
   },
   "properties": {
    "kind": "market",
    "name": "Olimpica",
    "address": "Carrera 23",
    "phone": null,
    "capacity": null,
    "source": "osm",
    "source_ref": "way/571786536",
    "source_url": "https://www.openstreetmap.org/way/571786536"
   }
  },
  {
   "type": "Feature",
   "geometry": {
    "type": "Point",
    "coordinates": [
     -76.5387222,
     3.4322095
    ]
   },
   "properties": {
    "kind": "fuel",
    "name": "Terpel",
    "address": "Calle 6, Cali",
    "phone": null,
    "capacity": null,
    "source": "osm",
    "source_ref": "way/571793574",
    "source_url": "https://www.openstreetmap.org/way/571793574"
   }
  },
  {
   "type": "Feature",
   "geometry": {
    "type": "Point",
    "coordinates": [
     -76.532943,
     3.4402894
    ]
   },
   "properties": {
    "kind": "fuel",
    "name": "EDS El Triángulo",
    "address": "Calle 9E, Cali",
    "phone": null,
    "capacity": null,
    "source": "osm",
    "source_ref": "way/571793576",
    "source_url": "https://www.openstreetmap.org/way/571793576"
   }
  },
  {
   "type": "Feature",
   "geometry": {
    "type": "Point",
    "coordinates": [
     -76.5189912,
     3.4692637
    ]
   },
   "properties": {
    "kind": "fuel",
    "name": "Terpel",
    "address": "Calle 34 Norte",
    "phone": null,
    "capacity": null,
    "source": "osm",
    "source_ref": "way/571818198",
    "source_url": "https://www.openstreetmap.org/way/571818198"
   }
  },
  {
   "type": "Feature",
   "geometry": {
    "type": "Point",
    "coordinates": [
     -76.5259908,
     3.4231326
    ]
   },
   "properties": {
    "kind": "medical",
    "name": "Centro Medico Clinico Cristobal Colon",
    "address": "Carerra 33A 22",
    "phone": null,
    "capacity": null,
    "source": "osm",
    "source_ref": "way/571825911",
    "source_url": "https://www.openstreetmap.org/way/571825911"
   }
  },
  {
   "type": "Feature",
   "geometry": {
    "type": "Point",
    "coordinates": [
     -76.5232182,
     3.4048763
    ]
   },
   "properties": {
    "kind": "fuel",
    "name": "Texaco",
    "address": "Calle 23",
    "phone": null,
    "capacity": null,
    "source": "osm",
    "source_ref": "way/571826230",
    "source_url": "https://www.openstreetmap.org/way/571826230"
   }
  },
  {
   "type": "Feature",
   "geometry": {
    "type": "Point",
    "coordinates": [
     -76.5164057,
     3.4677009
    ]
   },
   "properties": {
    "kind": "fuel",
    "name": "Terpel",
    "address": "Carrera 5 Norte",
    "phone": null,
    "capacity": null,
    "source": "osm",
    "source_ref": "way/571831938",
    "source_url": "https://www.openstreetmap.org/way/571831938"
   }
  },
  {
   "type": "Feature",
   "geometry": {
    "type": "Point",
    "coordinates": [
     -76.5256615,
     3.3799471
    ]
   },
   "properties": {
    "kind": "fuel",
    "name": "Terpel",
    "address": "Calle 25",
    "phone": null,
    "capacity": null,
    "source": "osm",
    "source_ref": "way/571860068",
    "source_url": "https://www.openstreetmap.org/way/571860068"
   }
  },
  {
   "type": "Feature",
   "geometry": {
    "type": "Point",
    "coordinates": [
     -76.5256676,
     3.3797028
    ]
   },
   "properties": {
    "kind": "fuel",
    "name": "Terpel",
    "address": "Calle 25",
    "phone": null,
    "capacity": null,
    "source": "osm",
    "source_ref": "way/571860069",
    "source_url": "https://www.openstreetmap.org/way/571860069"
   }
  },
  {
   "type": "Feature",
   "geometry": {
    "type": "Point",
    "coordinates": [
     -76.4958774,
     3.4330602
    ]
   },
   "properties": {
    "kind": "fuel",
    "name": "Primax",
    "address": null,
    "phone": null,
    "capacity": null,
    "source": "osm",
    "source_ref": "way/571862765",
    "source_url": "https://www.openstreetmap.org/way/571862765"
   }
  },
  {
   "type": "Feature",
   "geometry": {
    "type": "Point",
    "coordinates": [
     -76.5231738,
     3.4210837
    ]
   },
   "properties": {
    "kind": "medical",
    "name": "Clínica Colón Universidad Santiago De Calí",
    "address": "Calle 18",
    "phone": null,
    "capacity": null,
    "source": "osm",
    "source_ref": "way/572104033",
    "source_url": "https://www.openstreetmap.org/way/572104033"
   }
  },
  {
   "type": "Feature",
   "geometry": {
    "type": "Point",
    "coordinates": [
     -76.525393,
     3.4218636
    ]
   },
   "properties": {
    "kind": "shelter_candidate",
    "name": "Joaquin de Caicedo y Cuero",
    "address": "Carrera 35 15-33",
    "phone": null,
    "capacity": null,
    "source": "osm",
    "source_ref": "way/572104034",
    "source_url": "https://www.openstreetmap.org/way/572104034"
   }
  },
  {
   "type": "Feature",
   "geometry": {
    "type": "Point",
    "coordinates": [
     -76.52561,
     3.4234652
    ]
   },
   "properties": {
    "kind": "medical",
    "name": "IPS Cristóbal Colón",
    "address": "Calle 15",
    "phone": null,
    "capacity": null,
    "source": "osm",
    "source_ref": "way/572104035",
    "source_url": "https://www.openstreetmap.org/way/572104035"
   }
  },
  {
   "type": "Feature",
   "geometry": {
    "type": "Point",
    "coordinates": [
     -76.5087779,
     3.4709223
    ]
   },
   "properties": {
    "kind": "market",
    "name": "Cañaveral",
    "address": "Carrera 1",
    "phone": null,
    "capacity": null,
    "source": "osm",
    "source_ref": "way/572112616",
    "source_url": "https://www.openstreetmap.org/way/572112616"
   }
  },
  {
   "type": "Feature",
   "geometry": {
    "type": "Point",
    "coordinates": [
     -76.5085855,
     3.4759949
    ]
   },
   "properties": {
    "kind": "fuel",
    "name": "Terpel",
    "address": "Carrera 5 Norte",
    "phone": null,
    "capacity": null,
    "source": "osm",
    "source_ref": "way/572112619",
    "source_url": "https://www.openstreetmap.org/way/572112619"
   }
  },
  {
   "type": "Feature",
   "geometry": {
    "type": "Point",
    "coordinates": [
     -76.5085209,
     3.4759377
    ]
   },
   "properties": {
    "kind": "fuel",
    "name": "Terpel",
    "address": "Carrera 5 Norte",
    "phone": null,
    "capacity": null,
    "source": "osm",
    "source_ref": "way/572112620",
    "source_url": "https://www.openstreetmap.org/way/572112620"
   }
  },
  {
   "type": "Feature",
   "geometry": {
    "type": "Point",
    "coordinates": [
     -76.5256536,
     3.4124707
    ]
   },
   "properties": {
    "kind": "fuel",
    "name": "Terpel",
    "address": "Carrera 44",
    "phone": null,
    "capacity": null,
    "source": "osm",
    "source_ref": "way/572120647",
    "source_url": "https://www.openstreetmap.org/way/572120647"
   }
  },
  {
   "type": "Feature",
   "geometry": {
    "type": "Point",
    "coordinates": [
     -76.5373149,
     3.4312741
    ]
   },
   "properties": {
    "kind": "medical",
    "name": "Hogar Santa Inés Geriátrico",
    "address": "Calle 7, Cali",
    "phone": null,
    "capacity": null,
    "source": "osm",
    "source_ref": "way/572129804",
    "source_url": "https://www.openstreetmap.org/way/572129804"
   }
  },
  {
   "type": "Feature",
   "geometry": {
    "type": "Point",
    "coordinates": [
     -76.5375756,
     3.430577
    ]
   },
   "properties": {
    "kind": "medical",
    "name": "Centro Medico San José",
    "address": "Calle 7, Cali",
    "phone": null,
    "capacity": null,
    "source": "osm",
    "source_ref": "way/572129805",
    "source_url": "https://www.openstreetmap.org/way/572129805"
   }
  },
  {
   "type": "Feature",
   "geometry": {
    "type": "Point",
    "coordinates": [
     -76.5048484,
     3.4804242
    ]
   },
   "properties": {
    "kind": "medical",
    "name": "E.P.S Sanitas",
    "address": "Carrera 5 Norte",
    "phone": null,
    "capacity": null,
    "source": "osm",
    "source_ref": "way/572139309",
    "source_url": "https://www.openstreetmap.org/way/572139309"
   }
  },
  {
   "type": "Feature",
   "geometry": {
    "type": "Point",
    "coordinates": [
     -76.5251182,
     3.4340836
    ]
   },
   "properties": {
    "kind": "fuel",
    "name": "Primax",
    "address": "Diagonal 23",
    "phone": null,
    "capacity": null,
    "source": "osm",
    "source_ref": "way/572158882",
    "source_url": "https://www.openstreetmap.org/way/572158882"
   }
  },
  {
   "type": "Feature",
   "geometry": {
    "type": "Point",
    "coordinates": [
     -76.5191905,
     3.4419983
    ]
   },
   "properties": {
    "kind": "fuel",
    "name": "Terpel",
    "address": "Calle 23",
    "phone": null,
    "capacity": null,
    "source": "osm",
    "source_ref": "way/572189134",
    "source_url": "https://www.openstreetmap.org/way/572189134"
   }
  },
  {
   "type": "Feature",
   "geometry": {
    "type": "Point",
    "coordinates": [
     -76.5195203,
     3.4432696
    ]
   },
   "properties": {
    "kind": "fuel",
    "name": "Terpel",
    "address": "Calle 23",
    "phone": null,
    "capacity": null,
    "source": "osm",
    "source_ref": "way/572189135",
    "source_url": "https://www.openstreetmap.org/way/572189135"
   }
  },
  {
   "type": "Feature",
   "geometry": {
    "type": "Point",
    "coordinates": [
     -76.5270505,
     3.4625227
    ]
   },
   "properties": {
    "kind": "medical",
    "name": "Clínica Cristo Rey",
    "address": "Avenida 4 Norte",
    "phone": null,
    "capacity": null,
    "source": "osm",
    "source_ref": "way/572197651",
    "source_url": "https://www.openstreetmap.org/way/572197651"
   }
  },
  {
   "type": "Feature",
   "geometry": {
    "type": "Point",
    "coordinates": [
     -76.5276926,
     3.4616738
    ]
   },
   "properties": {
    "kind": "medical",
    "name": "Clínica Compostela",
    "address": "Avenida 4 Norte",
    "phone": null,
    "capacity": null,
    "source": "osm",
    "source_ref": "way/572197652",
    "source_url": "https://www.openstreetmap.org/way/572197652"
   }
  },
  {
   "type": "Feature",
   "geometry": {
    "type": "Point",
    "coordinates": [
     -76.5240453,
     3.384133
    ]
   },
   "properties": {
    "kind": "fuel",
    "name": "Terpel",
    "address": "Calle 25",
    "phone": null,
    "capacity": null,
    "source": "osm",
    "source_ref": "way/572226741",
    "source_url": "https://www.openstreetmap.org/way/572226741"
   }
  },
  {
   "type": "Feature",
   "geometry": {
    "type": "Point",
    "coordinates": [
     -76.5331686,
     3.4135501
    ]
   },
   "properties": {
    "kind": "medical",
    "name": "Drogueria Pharma Leo",
    "address": "Calle 13",
    "phone": null,
    "capacity": null,
    "source": "osm",
    "source_ref": "way/572233549",
    "source_url": "https://www.openstreetmap.org/way/572233549"
   }
  },
  {
   "type": "Feature",
   "geometry": {
    "type": "Point",
    "coordinates": [
     -76.532917,
     3.4141617
    ]
   },
   "properties": {
    "kind": "medical",
    "name": "Drogas la rebaja",
    "address": "Calle 13",
    "phone": null,
    "capacity": null,
    "source": "osm",
    "source_ref": "way/572233550",
    "source_url": "https://www.openstreetmap.org/way/572233550"
   }
  },
  {
   "type": "Feature",
   "geometry": {
    "type": "Point",
    "coordinates": [
     -76.5319772,
     3.4169446
    ]
   },
   "properties": {
    "kind": "pharmacy",
    "name": "Drogueria",
    "address": "Calle 13",
    "phone": null,
    "capacity": null,
    "source": "osm",
    "source_ref": "way/572233553",
    "source_url": "https://www.openstreetmap.org/way/572233553"
   }
  },
  {
   "type": "Feature",
   "geometry": {
    "type": "Point",
    "coordinates": [
     -76.5315571,
     3.4182499
    ]
   },
   "properties": {
    "kind": "pharmacy",
    "name": "Drogueria Kamy",
    "address": "Calle 13",
    "phone": null,
    "capacity": null,
    "source": "osm",
    "source_ref": "way/572233555",
    "source_url": "https://www.openstreetmap.org/way/572233555"
   }
  },
  {
   "type": "Feature",
   "geometry": {
    "type": "Point",
    "coordinates": [
     -76.5331604,
     3.4122321
    ]
   },
   "properties": {
    "kind": "pharmacy",
    "name": "Drogas Leonel",
    "address": "Calle 13",
    "phone": null,
    "capacity": null,
    "source": "osm",
    "source_ref": "way/572233560",
    "source_url": "https://www.openstreetmap.org/way/572233560"
   }
  },
  {
   "type": "Feature",
   "geometry": {
    "type": "Point",
    "coordinates": [
     -76.532529,
     3.4139633
    ]
   },
   "properties": {
    "kind": "medical",
    "name": "Centro Medico Drogas Pasoancho",
    "address": "Calle 13",
    "phone": null,
    "capacity": null,
    "source": "osm",
    "source_ref": "way/572233561",
    "source_url": "https://www.openstreetmap.org/way/572233561"
   }
  },
  {
   "type": "Feature",
   "geometry": {
    "type": "Point",
    "coordinates": [
     -76.5289586,
     3.4265133
    ]
   },
   "properties": {
    "kind": "fuel",
    "name": "Biomax",
    "address": "Calle 13",
    "phone": null,
    "capacity": null,
    "source": "osm",
    "source_ref": "way/572233572",
    "source_url": "https://www.openstreetmap.org/way/572233572"
   }
  },
  {
   "type": "Feature",
   "geometry": {
    "type": "Point",
    "coordinates": [
     -76.518762,
     3.3729162
    ]
   },
   "properties": {
    "kind": "pharmacy",
    "name": "Farmacenter",
    "address": "Carrera 96",
    "phone": null,
    "capacity": null,
    "source": "osm",
    "source_ref": "way/572233607",
    "source_url": "https://www.openstreetmap.org/way/572233607"
   }
  },
  {
   "type": "Feature",
   "geometry": {
    "type": "Point",
    "coordinates": [
     -76.5169677,
     3.4222291
    ]
   },
   "properties": {
    "kind": "fuel",
    "name": "Autoservicio el Jardín",
    "address": "Calle 27",
    "phone": null,
    "capacity": null,
    "source": "osm",
    "source_ref": "way/572244184",
    "source_url": "https://www.openstreetmap.org/way/572244184"
   }
  },
  {
   "type": "Feature",
   "geometry": {
    "type": "Point",
    "coordinates": [
     -76.5431834,
     3.4323634
    ]
   },
   "properties": {
    "kind": "market",
    "name": "Super Inter",
    "address": "Calle 5",
    "phone": null,
    "capacity": null,
    "source": "osm",
    "source_ref": "way/572410406",
    "source_url": "https://www.openstreetmap.org/way/572410406"
   }
  },
  {
   "type": "Feature",
   "geometry": {
    "type": "Point",
    "coordinates": [
     -76.5421131,
     3.4338024
    ]
   },
   "properties": {
    "kind": "fuel",
    "name": "Primax",
    "address": "Calle 5",
    "phone": null,
    "capacity": null,
    "source": "osm",
    "source_ref": "way/572410410",
    "source_url": "https://www.openstreetmap.org/way/572410410"
   }
  },
  {
   "type": "Feature",
   "geometry": {
    "type": "Point",
    "coordinates": [
     -76.5410182,
     3.4353216
    ]
   },
   "properties": {
    "kind": "fuel",
    "name": "Texaco",
    "address": "Calle 5",
    "phone": null,
    "capacity": null,
    "source": "osm",
    "source_ref": "way/572410414",
    "source_url": "https://www.openstreetmap.org/way/572410414"
   }
  },
  {
   "type": "Feature",
   "geometry": {
    "type": "Point",
    "coordinates": [
     -76.5278755,
     3.4605123
    ]
   },
   "properties": {
    "kind": "fuel",
    "name": "Gazel",
    "address": "Avenida 3 Norte",
    "phone": null,
    "capacity": null,
    "source": "osm",
    "source_ref": "way/572410421",
    "source_url": "https://www.openstreetmap.org/way/572410421"
   }
  },
  {
   "type": "Feature",
   "geometry": {
    "type": "Point",
    "coordinates": [
     -76.5185827,
     3.4496908
    ]
   },
   "properties": {
    "kind": "fuel",
    "name": "Mobil",
    "address": "Calle 25",
    "phone": null,
    "capacity": null,
    "source": "osm",
    "source_ref": "way/572415274",
    "source_url": "https://www.openstreetmap.org/way/572415274"
   }
  },
  {
   "type": "Feature",
   "geometry": {
    "type": "Point",
    "coordinates": [
     -76.5190607,
     3.451686
    ]
   },
   "properties": {
    "kind": "fuel",
    "name": "Gazel",
    "address": "Calle 25",
    "phone": null,
    "capacity": null,
    "source": "osm",
    "source_ref": "way/572415277",
    "source_url": "https://www.openstreetmap.org/way/572415277"
   }
  },
  {
   "type": "Feature",
   "geometry": {
    "type": "Point",
    "coordinates": [
     -76.5193349,
     3.4531421
    ]
   },
   "properties": {
    "kind": "fuel",
    "name": "Primax",
    "address": "Calle 25",
    "phone": null,
    "capacity": null,
    "source": "osm",
    "source_ref": "way/572415280",
    "source_url": "https://www.openstreetmap.org/way/572415280"
   }
  },
  {
   "type": "Feature",
   "geometry": {
    "type": "Point",
    "coordinates": [
     -76.5349741,
     3.4346629
    ]
   },
   "properties": {
    "kind": "market",
    "name": "Olimpica",
    "address": "Calle 9",
    "phone": null,
    "capacity": null,
    "source": "osm",
    "source_ref": "way/572441265",
    "source_url": "https://www.openstreetmap.org/way/572441265"
   }
  },
  {
   "type": "Feature",
   "geometry": {
    "type": "Point",
    "coordinates": [
     -76.5177816,
     3.4468851
    ]
   },
   "properties": {
    "kind": "shelter_candidate",
    "name": "Institución Educativa José Manuel Saavedra Galindo Sede Benjamin Herrera",
    "address": "Calle 25",
    "phone": null,
    "capacity": null,
    "source": "osm",
    "source_ref": "way/572449605",
    "source_url": "https://www.openstreetmap.org/way/572449605"
   }
  },
  {
   "type": "Feature",
   "geometry": {
    "type": "Point",
    "coordinates": [
     -76.521816,
     3.4195133
    ]
   },
   "properties": {
    "kind": "fuel",
    "name": "Terpel",
    "address": "Carrera 39",
    "phone": null,
    "capacity": null,
    "source": "osm",
    "source_ref": "way/572455101",
    "source_url": "https://www.openstreetmap.org/way/572455101"
   }
  },
  {
   "type": "Feature",
   "geometry": {
    "type": "Point",
    "coordinates": [
     -76.5227658,
     3.3984431
    ]
   },
   "properties": {
    "kind": "fuel",
    "name": "Terpel",
    "address": "Calle 25",
    "phone": null,
    "capacity": null,
    "source": "osm",
    "source_ref": "way/572470724",
    "source_url": "https://www.openstreetmap.org/way/572470724"
   }
  },
  {
   "type": "Feature",
   "geometry": {
    "type": "Point",
    "coordinates": [
     -76.5227661,
     3.3981407
    ]
   },
   "properties": {
    "kind": "fuel",
    "name": "Terpel",
    "address": "Calle 25",
    "phone": null,
    "capacity": null,
    "source": "osm",
    "source_ref": "way/572470727",
    "source_url": "https://www.openstreetmap.org/way/572470727"
   }
  },
  {
   "type": "Feature",
   "geometry": {
    "type": "Point",
    "coordinates": [
     -76.5039014,
     3.4488831
    ]
   },
   "properties": {
    "kind": "medical",
    "name": "Clínica Dental",
    "address": "Calle 44",
    "phone": null,
    "capacity": null,
    "source": "osm",
    "source_ref": "way/572470947",
    "source_url": "https://www.openstreetmap.org/way/572470947"
   }
  },
  {
   "type": "Feature",
   "geometry": {
    "type": "Point",
    "coordinates": [
     -76.4844714,
     3.4431351
    ]
   },
   "properties": {
    "kind": "fuel",
    "name": "Terpel",
    "address": "Calle 73, Cali",
    "phone": null,
    "capacity": null,
    "source": "osm",
    "source_ref": "way/572503664",
    "source_url": "https://www.openstreetmap.org/way/572503664"
   }
  },
  {
   "type": "Feature",
   "geometry": {
    "type": "Point",
    "coordinates": [
     -76.5092992,
     3.4446413
    ]
   },
   "properties": {
    "kind": "fuel",
    "name": "Primax",
    "address": "Calle 34, Cali",
    "phone": null,
    "capacity": null,
    "source": "osm",
    "source_ref": "way/572507042",
    "source_url": "https://www.openstreetmap.org/way/572507042"
   }
  },
  {
   "type": "Feature",
   "geometry": {
    "type": "Point",
    "coordinates": [
     -76.5241848,
     3.3331557
    ]
   },
   "properties": {
    "kind": "shelter_candidate",
    "name": "Institución Universitaria Antonio José Camacho UNIAJC Sur",
    "address": null,
    "phone": null,
    "capacity": null,
    "source": "osm",
    "source_ref": "way/572642825",
    "source_url": "https://www.openstreetmap.org/way/572642825"
   }
  },
  {
   "type": "Feature",
   "geometry": {
    "type": "Point",
    "coordinates": [
     -76.5333286,
     3.4255362
    ]
   },
   "properties": {
    "kind": "pharmacy",
    "name": "Droguería Luzangel",
    "address": "Calle 10",
    "phone": null,
    "capacity": null,
    "source": "osm",
    "source_ref": "way/572894172",
    "source_url": "https://www.openstreetmap.org/way/572894172"
   }
  },
  {
   "type": "Feature",
   "geometry": {
    "type": "Point",
    "coordinates": [
     -76.5227911,
     3.4345908
    ]
   },
   "properties": {
    "kind": "fuel",
    "name": "Texaco",
    "address": "Carrera 23",
    "phone": null,
    "capacity": null,
    "source": "osm",
    "source_ref": "way/572954545",
    "source_url": "https://www.openstreetmap.org/way/572954545"
   }
  },
  {
   "type": "Feature",
   "geometry": {
    "type": "Point",
    "coordinates": [
     -76.4946218,
     3.4377441
    ]
   },
   "properties": {
    "kind": "fuel",
    "name": "Terpel",
    "address": null,
    "phone": null,
    "capacity": null,
    "source": "osm",
    "source_ref": "way/572986778",
    "source_url": "https://www.openstreetmap.org/way/572986778"
   }
  },
  {
   "type": "Feature",
   "geometry": {
    "type": "Point",
    "coordinates": [
     -76.4945666,
     3.4378647
    ]
   },
   "properties": {
    "kind": "fuel",
    "name": "Terpel",
    "address": null,
    "phone": null,
    "capacity": null,
    "source": "osm",
    "source_ref": "way/572986779",
    "source_url": "https://www.openstreetmap.org/way/572986779"
   }
  },
  {
   "type": "Feature",
   "geometry": {
    "type": "Point",
    "coordinates": [
     -76.5000605,
     3.4278917
    ]
   },
   "properties": {
    "kind": "fuel",
    "name": "Terpel",
    "address": "Calle 70",
    "phone": null,
    "capacity": null,
    "source": "osm",
    "source_ref": "way/572986789",
    "source_url": "https://www.openstreetmap.org/way/572986789"
   }
  },
  {
   "type": "Feature",
   "geometry": {
    "type": "Point",
    "coordinates": [
     -76.5016367,
     3.4337914
    ]
   },
   "properties": {
    "kind": "fuel",
    "name": "Terpel",
    "address": "Calle 44",
    "phone": null,
    "capacity": null,
    "source": "osm",
    "source_ref": "way/573234344",
    "source_url": "https://www.openstreetmap.org/way/573234344"
   }
  },
  {
   "type": "Feature",
   "geometry": {
    "type": "Point",
    "coordinates": [
     -76.5027284,
     3.4281779
    ]
   },
   "properties": {
    "kind": "shelter_candidate",
    "name": "Colegio Vida Nueva",
    "address": "Carrera 28E",
    "phone": null,
    "capacity": null,
    "source": "osm",
    "source_ref": "way/573234370",
    "source_url": "https://www.openstreetmap.org/way/573234370"
   }
  },
  {
   "type": "Feature",
   "geometry": {
    "type": "Point",
    "coordinates": [
     -76.5315682,
     3.4418335
    ]
   },
   "properties": {
    "kind": "fuel",
    "name": "Gazel",
    "address": "Calle 10",
    "phone": null,
    "capacity": null,
    "source": "osm",
    "source_ref": "way/573239554",
    "source_url": "https://www.openstreetmap.org/way/573239554"
   }
  },
  {
   "type": "Feature",
   "geometry": {
    "type": "Point",
    "coordinates": [
     -76.5316596,
     3.4418408
    ]
   },
   "properties": {
    "kind": "fuel",
    "name": "Terpel",
    "address": "Calle 10",
    "phone": null,
    "capacity": null,
    "source": "osm",
    "source_ref": "way/573239555",
    "source_url": "https://www.openstreetmap.org/way/573239555"
   }
  },
  {
   "type": "Feature",
   "geometry": {
    "type": "Point",
    "coordinates": [
     -76.5101233,
     3.4430717
    ]
   },
   "properties": {
    "kind": "medical",
    "name": "E.S.E. RED DE SALUD DEL CENTRO EMPRESA SOCIAL DEL ESTADO HOSPITAL PRIMITIVO IGLESIAS",
    "address": "Cali",
    "phone": "+57 2 4431873",
    "capacity": null,
    "source": "osm",
    "source_ref": "way/573260155",
    "source_url": "https://www.openstreetmap.org/way/573260155"
   }
  },
  {
   "type": "Feature",
   "geometry": {
    "type": "Point",
    "coordinates": [
     -76.5481507,
     3.3937892
    ]
   },
   "properties": {
    "kind": "fuel",
    "name": "Gazel",
    "address": "Calle 3C",
    "phone": null,
    "capacity": null,
    "source": "osm",
    "source_ref": "way/573268533",
    "source_url": "https://www.openstreetmap.org/way/573268533"
   }
  },
  {
   "type": "Feature",
   "geometry": {
    "type": "Point",
    "coordinates": [
     -76.5481519,
     3.393913
    ]
   },
   "properties": {
    "kind": "fuel",
    "name": "EDS Terpel Avenida Sur",
    "address": "Calle 3C",
    "phone": null,
    "capacity": null,
    "source": "osm",
    "source_ref": "way/573268534",
    "source_url": "https://www.openstreetmap.org/way/573268534"
   }
  },
  {
   "type": "Feature",
   "geometry": {
    "type": "Point",
    "coordinates": [
     -76.5271862,
     3.4129531
    ]
   },
   "properties": {
    "kind": "responder",
    "name": "Policia Nacional Estacion el Guabal",
    "address": "Carrera 44",
    "phone": null,
    "capacity": null,
    "source": "osm",
    "source_ref": "way/573278416",
    "source_url": "https://www.openstreetmap.org/way/573278416"
   }
  },
  {
   "type": "Feature",
   "geometry": {
    "type": "Point",
    "coordinates": [
     -76.5332066,
     3.4048114
    ]
   },
   "properties": {
    "kind": "market",
    "name": "Super Inter",
    "address": "Carrera 56",
    "phone": null,
    "capacity": null,
    "source": "osm",
    "source_ref": "way/573282942",
    "source_url": "https://www.openstreetmap.org/way/573282942"
   }
  },
  {
   "type": "Feature",
   "geometry": {
    "type": "Point",
    "coordinates": [
     -76.5327975,
     3.3925805
    ]
   },
   "properties": {
    "kind": "fuel",
    "name": "Terpel",
    "address": "Carrera 70",
    "phone": null,
    "capacity": null,
    "source": "osm",
    "source_ref": "way/573283282",
    "source_url": "https://www.openstreetmap.org/way/573283282"
   }
  },
  {
   "type": "Feature",
   "geometry": {
    "type": "Point",
    "coordinates": [
     -76.5473312,
     3.4107435
    ]
   },
   "properties": {
    "kind": "fuel",
    "name": "Gazel",
    "address": "Carrera 54A",
    "phone": null,
    "capacity": null,
    "source": "osm",
    "source_ref": "way/573290433",
    "source_url": "https://www.openstreetmap.org/way/573290433"
   }
  },
  {
   "type": "Feature",
   "geometry": {
    "type": "Point",
    "coordinates": [
     -76.5437549,
     3.4048118
    ]
   },
   "properties": {
    "kind": "fuel",
    "name": "Primax",
    "address": "Calle 9",
    "phone": null,
    "capacity": null,
    "source": "osm",
    "source_ref": "way/573300167",
    "source_url": "https://www.openstreetmap.org/way/573300167"
   }
  },
  {
   "type": "Feature",
   "geometry": {
    "type": "Point",
    "coordinates": [
     -76.5007002,
     3.4229055
    ]
   },
   "properties": {
    "kind": "fuel",
    "name": "Terpel",
    "address": "Carrera 29",
    "phone": null,
    "capacity": null,
    "source": "osm",
    "source_ref": "way/573306694",
    "source_url": "https://www.openstreetmap.org/way/573306694"
   }
  },
  {
   "type": "Feature",
   "geometry": {
    "type": "Point",
    "coordinates": [
     -76.5473451,
     3.4109428
    ]
   },
   "properties": {
    "kind": "fuel",
    "name": "Terpel",
    "address": "Calle 5",
    "phone": null,
    "capacity": null,
    "source": "osm",
    "source_ref": "way/573308789",
    "source_url": "https://www.openstreetmap.org/way/573308789"
   }
  },
  {
   "type": "Feature",
   "geometry": {
    "type": "Point",
    "coordinates": [
     -76.5369933,
     3.4144421
    ]
   },
   "properties": {
    "kind": "fuel",
    "name": "Primax",
    "address": "Calle 10",
    "phone": null,
    "capacity": null,
    "source": "osm",
    "source_ref": "way/573314974",
    "source_url": "https://www.openstreetmap.org/way/573314974"
   }
  },
  {
   "type": "Feature",
   "geometry": {
    "type": "Point",
    "coordinates": [
     -76.5379517,
     3.4142962
    ]
   },
   "properties": {
    "kind": "fuel",
    "name": "EDS Terpel Autopista",
    "address": "Calle 10",
    "phone": null,
    "capacity": null,
    "source": "osm",
    "source_ref": "way/573323741",
    "source_url": "https://www.openstreetmap.org/way/573323741"
   }
  },
  {
   "type": "Feature",
   "geometry": {
    "type": "Point",
    "coordinates": [
     -76.4835998,
     3.4280185
    ]
   },
   "properties": {
    "kind": "market",
    "name": "Su Colmena",
    "address": "Calle 73",
    "phone": null,
    "capacity": null,
    "source": "osm",
    "source_ref": "way/573329886",
    "source_url": "https://www.openstreetmap.org/way/573329886"
   }
  },
  {
   "type": "Feature",
   "geometry": {
    "type": "Point",
    "coordinates": [
     -76.4835571,
     3.4278763
    ]
   },
   "properties": {
    "kind": "fuel",
    "name": "Terpel",
    "address": "Calle 73",
    "phone": null,
    "capacity": null,
    "source": "osm",
    "source_ref": "way/573329887",
    "source_url": "https://www.openstreetmap.org/way/573329887"
   }
  },
  {
   "type": "Feature",
   "geometry": {
    "type": "Point",
    "coordinates": [
     -76.5057973,
     3.4129977
    ]
   },
   "properties": {
    "kind": "shelter_candidate",
    "name": "Junta De Acción Comunal",
    "address": "Calle 43",
    "phone": null,
    "capacity": null,
    "source": "osm",
    "source_ref": "way/573329902",
    "source_url": "https://www.openstreetmap.org/way/573329902"
   }
  },
  {
   "type": "Feature",
   "geometry": {
    "type": "Point",
    "coordinates": [
     -76.5312002,
     3.4136376
    ]
   },
   "properties": {
    "kind": "medical",
    "name": "Odontologia",
    "address": "Carrera 44",
    "phone": null,
    "capacity": null,
    "source": "osm",
    "source_ref": "way/573355111",
    "source_url": "https://www.openstreetmap.org/way/573355111"
   }
  },
  {
   "type": "Feature",
   "geometry": {
    "type": "Point",
    "coordinates": [
     -76.5353554,
     3.4072186
    ]
   },
   "properties": {
    "kind": "fuel",
    "name": "Primax",
    "address": null,
    "phone": null,
    "capacity": null,
    "source": "osm",
    "source_ref": "way/573355135",
    "source_url": "https://www.openstreetmap.org/way/573355135"
   }
  },
  {
   "type": "Feature",
   "geometry": {
    "type": "Point",
    "coordinates": [
     -76.5354933,
     3.4067715
    ]
   },
   "properties": {
    "kind": "fuel",
    "name": "Gazel",
    "address": "Calle 13",
    "phone": null,
    "capacity": null,
    "source": "osm",
    "source_ref": "way/573355136",
    "source_url": "https://www.openstreetmap.org/way/573355136"
   }
  },
  {
   "type": "Feature",
   "geometry": {
    "type": "Point",
    "coordinates": [
     -76.5355056,
     3.4064305
    ]
   },
   "properties": {
    "kind": "fuel",
    "name": "Texaco",
    "address": "Calle 13",
    "phone": null,
    "capacity": null,
    "source": "osm",
    "source_ref": "way/573355138",
    "source_url": "https://www.openstreetmap.org/way/573355138"
   }
  },
  {
   "type": "Feature",
   "geometry": {
    "type": "Point",
    "coordinates": [
     -76.5339115,
     3.4001949
    ]
   },
   "properties": {
    "kind": "market",
    "name": "Bodegas del Campo",
    "address": "Carrera 65",
    "phone": null,
    "capacity": null,
    "source": "osm",
    "source_ref": "way/573355142",
    "source_url": "https://www.openstreetmap.org/way/573355142"
   }
  },
  {
   "type": "Feature",
   "geometry": {
    "type": "Point",
    "coordinates": [
     -76.5302678,
     3.4037567
    ]
   },
   "properties": {
    "kind": "fuel",
    "name": "Texaco",
    "address": "Carrera 56",
    "phone": null,
    "capacity": null,
    "source": "osm",
    "source_ref": "way/573355161",
    "source_url": "https://www.openstreetmap.org/way/573355161"
   }
  },
  {
   "type": "Feature",
   "geometry": {
    "type": "Point",
    "coordinates": [
     -76.4920776,
     3.4212542
    ]
   },
   "properties": {
    "kind": "pharmacy",
    "name": "Drogueria Servi Farma",
    "address": "Calle 72U",
    "phone": null,
    "capacity": null,
    "source": "osm",
    "source_ref": "way/573375996",
    "source_url": "https://www.openstreetmap.org/way/573375996"
   }
  },
  {
   "type": "Feature",
   "geometry": {
    "type": "Point",
    "coordinates": [
     -76.5361204,
     3.4195312
    ]
   },
   "properties": {
    "kind": "fuel",
    "name": "Mobil",
    "address": "Calle 10",
    "phone": null,
    "capacity": null,
    "source": "osm",
    "source_ref": "way/573617982",
    "source_url": "https://www.openstreetmap.org/way/573617982"
   }
  },
  {
   "type": "Feature",
   "geometry": {
    "type": "Point",
    "coordinates": [
     -76.539138,
     3.4150446
    ]
   },
   "properties": {
    "kind": "medical",
    "name": "Unidad Renal",
    "address": "Calle 9C",
    "phone": null,
    "capacity": null,
    "source": "osm",
    "source_ref": "way/573651857",
    "source_url": "https://www.openstreetmap.org/way/573651857"
   }
  },
  {
   "type": "Feature",
   "geometry": {
    "type": "Point",
    "coordinates": [
     -76.5454179,
     3.4183722
    ]
   },
   "properties": {
    "kind": "medical",
    "name": "Labortorio Clinico",
    "address": "Carrera 44",
    "phone": null,
    "capacity": null,
    "source": "osm",
    "source_ref": "way/573651861",
    "source_url": "https://www.openstreetmap.org/way/573651861"
   }
  },
  {
   "type": "Feature",
   "geometry": {
    "type": "Point",
    "coordinates": [
     -76.5388996,
     3.4145938
    ]
   },
   "properties": {
    "kind": "medical",
    "name": "Centro Médico Especializado UNIR",
    "address": "Carrera 46",
    "phone": null,
    "capacity": null,
    "source": "osm",
    "source_ref": "way/573651863",
    "source_url": "https://www.openstreetmap.org/way/573651863"
   }
  },
  {
   "type": "Feature",
   "geometry": {
    "type": "Point",
    "coordinates": [
     -76.5253845,
     3.4340624
    ]
   },
   "properties": {
    "kind": "fuel",
    "name": "Gazel",
    "address": "Diagonal 23",
    "phone": null,
    "capacity": null,
    "source": "osm",
    "source_ref": "way/573731968",
    "source_url": "https://www.openstreetmap.org/way/573731968"
   }
  },
  {
   "type": "Feature",
   "geometry": {
    "type": "Point",
    "coordinates": [
     -76.539647,
     3.408907
    ]
   },
   "properties": {
    "kind": "fuel",
    "name": "Primax",
    "address": null,
    "phone": null,
    "capacity": null,
    "source": "osm",
    "source_ref": "way/573743303",
    "source_url": "https://www.openstreetmap.org/way/573743303"
   }
  },
  {
   "type": "Feature",
   "geometry": {
    "type": "Point",
    "coordinates": [
     -76.4991993,
     3.522288
    ]
   },
   "properties": {
    "kind": "responder",
    "name": "Cuerpo de Bomberos Voluntarios de Yumbo - Subestación Zona Industrial Arroyohondo",
    "address": null,
    "phone": null,
    "capacity": null,
    "source": "osm",
    "source_ref": "way/575367127",
    "source_url": "https://www.openstreetmap.org/way/575367127"
   }
  },
  {
   "type": "Feature",
   "geometry": {
    "type": "Point",
    "coordinates": [
     -76.515048,
     3.4231052
    ]
   },
   "properties": {
    "kind": "medical",
    "name": "Centro de Salud Salud Santiago Apostol",
    "address": null,
    "phone": null,
    "capacity": null,
    "source": "osm",
    "source_ref": "way/578680982",
    "source_url": "https://www.openstreetmap.org/way/578680982"
   }
  },
  {
   "type": "Feature",
   "geometry": {
    "type": "Point",
    "coordinates": [
     -76.5233503,
     3.3685464
    ]
   },
   "properties": {
    "kind": "market",
    "name": "Tienda / supermercado (sin nombre)",
    "address": null,
    "phone": null,
    "capacity": null,
    "source": "osm",
    "source_ref": "way/599470743",
    "source_url": "https://www.openstreetmap.org/way/599470743"
   }
  },
  {
   "type": "Feature",
   "geometry": {
    "type": "Point",
    "coordinates": [
     -76.4698356,
     3.4053957
    ]
   },
   "properties": {
    "kind": "market",
    "name": "Super Mercado Tercer Milenio",
    "address": null,
    "phone": null,
    "capacity": null,
    "source": "osm",
    "source_ref": "way/625591257",
    "source_url": "https://www.openstreetmap.org/way/625591257"
   }
  },
  {
   "type": "Feature",
   "geometry": {
    "type": "Point",
    "coordinates": [
     -76.4690097,
     3.4065288
    ]
   },
   "properties": {
    "kind": "shelter_candidate",
    "name": "Ayuda humanitaria para un mejor vivir",
    "address": null,
    "phone": null,
    "capacity": null,
    "source": "osm",
    "source_ref": "way/625591272",
    "source_url": "https://www.openstreetmap.org/way/625591272"
   }
  },
  {
   "type": "Feature",
   "geometry": {
    "type": "Point",
    "coordinates": [
     -76.5371898,
     3.4548233
    ]
   },
   "properties": {
    "kind": "medical",
    "name": "Clínica Sebastian de Belalcazar",
    "address": "Avenida 4 Norte 7N - 81",
    "phone": null,
    "capacity": null,
    "source": "osm",
    "source_ref": "way/626953471",
    "source_url": "https://www.openstreetmap.org/way/626953471"
   }
  },
  {
   "type": "Feature",
   "geometry": {
    "type": "Point",
    "coordinates": [
     -76.5438136,
     3.3984579
    ]
   },
   "properties": {
    "kind": "medical",
    "name": "Odonto+",
    "address": "Carrera 66",
    "phone": null,
    "capacity": null,
    "source": "osm",
    "source_ref": "way/628005600",
    "source_url": "https://www.openstreetmap.org/way/628005600"
   }
  },
  {
   "type": "Feature",
   "geometry": {
    "type": "Point",
    "coordinates": [
     -76.4711715,
     3.4182194
    ]
   },
   "properties": {
    "kind": "shelter_candidate",
    "name": "Liceo Fe y Esperanza",
    "address": null,
    "phone": null,
    "capacity": null,
    "source": "osm",
    "source_ref": "way/628413822",
    "source_url": "https://www.openstreetmap.org/way/628413822"
   }
  },
  {
   "type": "Feature",
   "geometry": {
    "type": "Point",
    "coordinates": [
     -76.476725,
     3.4262505
    ]
   },
   "properties": {
    "kind": "medical",
    "name": "Clínica Versalles - Sede San Marcos",
    "address": "Cali",
    "phone": "+57 2 4184444",
    "capacity": null,
    "source": "osm",
    "source_ref": "way/629327757",
    "source_url": "https://www.openstreetmap.org/way/629327757"
   }
  },
  {
   "type": "Feature",
   "geometry": {
    "type": "Point",
    "coordinates": [
     -76.4718968,
     3.4236674
    ]
   },
   "properties": {
    "kind": "shelter_candidate",
    "name": "Institucion Educativa Elias Salazar Garcia",
    "address": null,
    "phone": null,
    "capacity": null,
    "source": "osm",
    "source_ref": "way/631116001",
    "source_url": "https://www.openstreetmap.org/way/631116001"
   }
  },
  {
   "type": "Feature",
   "geometry": {
    "type": "Point",
    "coordinates": [
     -76.4715516,
     3.4207157
    ]
   },
   "properties": {
    "kind": "responder",
    "name": "CAI Manuela Beltrán",
    "address": null,
    "phone": null,
    "capacity": null,
    "source": "osm",
    "source_ref": "way/631117523",
    "source_url": "https://www.openstreetmap.org/way/631117523"
   }
  },
  {
   "type": "Feature",
   "geometry": {
    "type": "Point",
    "coordinates": [
     -76.4735085,
     3.4215286
    ]
   },
   "properties": {
    "kind": "shelter_candidate",
    "name": "Liceo Marisol",
    "address": null,
    "phone": null,
    "capacity": null,
    "source": "osm",
    "source_ref": "way/631122473",
    "source_url": "https://www.openstreetmap.org/way/631122473"
   }
  },
  {
   "type": "Feature",
   "geometry": {
    "type": "Point",
    "coordinates": [
     -76.5350268,
     3.4576682
    ]
   },
   "properties": {
    "kind": "shelter_candidate",
    "name": "Centro Cultural Colombo Americano",
    "address": null,
    "phone": null,
    "capacity": null,
    "source": "osm",
    "source_ref": "way/631923878",
    "source_url": "https://www.openstreetmap.org/way/631923878"
   }
  },
  {
   "type": "Feature",
   "geometry": {
    "type": "Point",
    "coordinates": [
     -76.5487761,
     3.4088499
    ]
   },
   "properties": {
    "kind": "market",
    "name": "Tiendas D1",
    "address": null,
    "phone": null,
    "capacity": null,
    "source": "osm",
    "source_ref": "way/631925431",
    "source_url": "https://www.openstreetmap.org/way/631925431"
   }
  },
  {
   "type": "Feature",
   "geometry": {
    "type": "Point",
    "coordinates": [
     -76.4669589,
     3.4136681
    ]
   },
   "properties": {
    "kind": "shelter_candidate",
    "name": "Colegio Santa Isabel de Hungría - Calimio Desepaz",
    "address": null,
    "phone": null,
    "capacity": null,
    "source": "osm",
    "source_ref": "way/636147657",
    "source_url": "https://www.openstreetmap.org/way/636147657"
   }
  },
  {
   "type": "Feature",
   "geometry": {
    "type": "Point",
    "coordinates": [
     -76.5046374,
     3.3911135
    ]
   },
   "properties": {
    "kind": "shelter_candidate",
    "name": "Institucion educativa Santa Isabel Ugria - Llano Verde",
    "address": null,
    "phone": null,
    "capacity": null,
    "source": "osm",
    "source_ref": "way/636154374",
    "source_url": "https://www.openstreetmap.org/way/636154374"
   }
  },
  {
   "type": "Feature",
   "geometry": {
    "type": "Point",
    "coordinates": [
     -76.5069651,
     3.3924077
    ]
   },
   "properties": {
    "kind": "responder",
    "name": "CAI Policía de Llano Verde",
    "address": null,
    "phone": null,
    "capacity": null,
    "source": "osm",
    "source_ref": "way/636155225",
    "source_url": "https://www.openstreetmap.org/way/636155225"
   }
  },
  {
   "type": "Feature",
   "geometry": {
    "type": "Point",
    "coordinates": [
     -76.5229561,
     3.3337509
    ]
   },
   "properties": {
    "kind": "fuel",
    "name": "Primax",
    "address": null,
    "phone": null,
    "capacity": null,
    "source": "osm",
    "source_ref": "way/679908583",
    "source_url": "https://www.openstreetmap.org/way/679908583"
   }
  },
  {
   "type": "Feature",
   "geometry": {
    "type": "Point",
    "coordinates": [
     -76.5227794,
     3.3337589
    ]
   },
   "properties": {
    "kind": "fuel",
    "name": "Primax",
    "address": null,
    "phone": null,
    "capacity": null,
    "source": "osm",
    "source_ref": "way/679908584",
    "source_url": "https://www.openstreetmap.org/way/679908584"
   }
  },
  {
   "type": "Feature",
   "geometry": {
    "type": "Point",
    "coordinates": [
     -76.5243387,
     3.3342484
    ]
   },
   "properties": {
    "kind": "fuel",
    "name": "Primax",
    "address": null,
    "phone": null,
    "capacity": null,
    "source": "osm",
    "source_ref": "way/679908594",
    "source_url": "https://www.openstreetmap.org/way/679908594"
   }
  },
  {
   "type": "Feature",
   "geometry": {
    "type": "Point",
    "coordinates": [
     -76.5326007,
     3.3653364
    ]
   },
   "properties": {
    "kind": "medical",
    "name": "Centro Medico Imbanaco Ciudad Jardin",
    "address": "15 103-20, Cali",
    "phone": "+57 602 3851000",
    "capacity": null,
    "source": "osm",
    "source_ref": "way/680214684",
    "source_url": "https://www.openstreetmap.org/way/680214684"
   }
  },
  {
   "type": "Feature",
   "geometry": {
    "type": "Point",
    "coordinates": [
     -76.495796,
     3.3202027
    ]
   },
   "properties": {
    "kind": "shelter_candidate",
    "name": "Colegio Fray Damian",
    "address": null,
    "phone": null,
    "capacity": null,
    "source": "osm",
    "source_ref": "way/683026208",
    "source_url": "https://www.openstreetmap.org/way/683026208"
   }
  },
  {
   "type": "Feature",
   "geometry": {
    "type": "Point",
    "coordinates": [
     -76.4976978,
     3.3228991
    ]
   },
   "properties": {
    "kind": "shelter_candidate",
    "name": "Colegio Ingles de los Andes",
    "address": null,
    "phone": null,
    "capacity": null,
    "source": "osm",
    "source_ref": "way/683026210",
    "source_url": "https://www.openstreetmap.org/way/683026210"
   }
  },
  {
   "type": "Feature",
   "geometry": {
    "type": "Point",
    "coordinates": [
     -76.515992,
     3.3825614
    ]
   },
   "properties": {
    "kind": "market",
    "name": "Almacenes Surtifamiliar",
    "address": null,
    "phone": null,
    "capacity": null,
    "source": "osm",
    "source_ref": "way/704000482",
    "source_url": "https://www.openstreetmap.org/way/704000482"
   }
  },
  {
   "type": "Feature",
   "geometry": {
    "type": "Point",
    "coordinates": [
     -76.576351,
     3.4938977
    ]
   },
   "properties": {
    "kind": "shelter_candidate",
    "name": "Sede Sagrado Corazón De Jesus",
    "address": null,
    "phone": null,
    "capacity": null,
    "source": "osm",
    "source_ref": "way/719497843",
    "source_url": "https://www.openstreetmap.org/way/719497843"
   }
  },
  {
   "type": "Feature",
   "geometry": {
    "type": "Point",
    "coordinates": [
     -76.5771521,
     3.4962239
    ]
   },
   "properties": {
    "kind": "medical",
    "name": "Puesto de salud",
    "address": null,
    "phone": null,
    "capacity": null,
    "source": "osm",
    "source_ref": "way/719497846",
    "source_url": "https://www.openstreetmap.org/way/719497846"
   }
  },
  {
   "type": "Feature",
   "geometry": {
    "type": "Point",
    "coordinates": [
     -76.5771414,
     3.49642
    ]
   },
   "properties": {
    "kind": "shelter_candidate",
    "name": "Sede Comunal Corregimeinto La Castilla",
    "address": null,
    "phone": null,
    "capacity": null,
    "source": "osm",
    "source_ref": "way/719497847",
    "source_url": "https://www.openstreetmap.org/way/719497847"
   }
  },
  {
   "type": "Feature",
   "geometry": {
    "type": "Point",
    "coordinates": [
     -76.4948636,
     3.4925723
    ]
   },
   "properties": {
    "kind": "shelter_candidate",
    "name": "Carrusel del Saber",
    "address": "Calle 72C 4, Comuna 6",
    "phone": null,
    "capacity": null,
    "source": "osm",
    "source_ref": "way/733128997",
    "source_url": "https://www.openstreetmap.org/way/733128997"
   }
  },
  {
   "type": "Feature",
   "geometry": {
    "type": "Point",
    "coordinates": [
     -76.4950131,
     3.4979625
    ]
   },
   "properties": {
    "kind": "shelter_candidate",
    "name": "Escuela Cecilia Muñoz",
    "address": "Calle 77 8, Comuna 6",
    "phone": null,
    "capacity": null,
    "source": "osm",
    "source_ref": "way/733131323",
    "source_url": "https://www.openstreetmap.org/way/733131323"
   }
  },
  {
   "type": "Feature",
   "geometry": {
    "type": "Point",
    "coordinates": [
     -76.5825928,
     3.5012802
    ]
   },
   "properties": {
    "kind": "shelter_candidate",
    "name": "Sede Granjas",
    "address": "Cali",
    "phone": null,
    "capacity": null,
    "source": "osm",
    "source_ref": "way/743461261",
    "source_url": "https://www.openstreetmap.org/way/743461261"
   }
  },
  {
   "type": "Feature",
   "geometry": {
    "type": "Point",
    "coordinates": [
     -76.5651328,
     3.3681736
    ]
   },
   "properties": {
    "kind": "shelter_candidate",
    "name": "Colegio Freinet",
    "address": null,
    "phone": null,
    "capacity": null,
    "source": "osm",
    "source_ref": "way/753800000",
    "source_url": "https://www.openstreetmap.org/way/753800000"
   }
  },
  {
   "type": "Feature",
   "geometry": {
    "type": "Point",
    "coordinates": [
     -76.4956265,
     3.4495586
    ]
   },
   "properties": {
    "kind": "medical",
    "name": "Centro de rehabilitacion - Corporación Caminos",
    "address": null,
    "phone": null,
    "capacity": null,
    "source": "osm",
    "source_ref": "way/779588369",
    "source_url": "https://www.openstreetmap.org/way/779588369"
   }
  },
  {
   "type": "Feature",
   "geometry": {
    "type": "Point",
    "coordinates": [
     -76.5357814,
     3.4134087
    ]
   },
   "properties": {
    "kind": "shelter_candidate",
    "name": "Rafael Navia Varon",
    "address": null,
    "phone": null,
    "capacity": null,
    "source": "osm",
    "source_ref": "way/787305967",
    "source_url": "https://www.openstreetmap.org/way/787305967"
   }
  },
  {
   "type": "Feature",
   "geometry": {
    "type": "Point",
    "coordinates": [
     -76.5263274,
     3.4402389
    ]
   },
   "properties": {
    "kind": "market",
    "name": "Tiendas D1",
    "address": null,
    "phone": null,
    "capacity": null,
    "source": "osm",
    "source_ref": "way/923259429",
    "source_url": "https://www.openstreetmap.org/way/923259429"
   }
  },
  {
   "type": "Feature",
   "geometry": {
    "type": "Point",
    "coordinates": [
     -76.5706964,
     3.4238762
    ]
   },
   "properties": {
    "kind": "shelter_candidate",
    "name": "Intitución Educativa Eustaqui Palacios",
    "address": null,
    "phone": null,
    "capacity": null,
    "source": "osm",
    "source_ref": "way/935080262",
    "source_url": "https://www.openstreetmap.org/way/935080262"
   }
  },
  {
   "type": "Feature",
   "geometry": {
    "type": "Point",
    "coordinates": [
     -76.5217096,
     3.4694382
    ]
   },
   "properties": {
    "kind": "medical",
    "name": "Corporacion IPS Saludcoop - Clínica Cali Norte",
    "address": null,
    "phone": null,
    "capacity": null,
    "source": "osm",
    "source_ref": "way/946619587",
    "source_url": "https://www.openstreetmap.org/way/946619587"
   }
  },
  {
   "type": "Feature",
   "geometry": {
    "type": "Point",
    "coordinates": [
     -76.5187526,
     3.4099593
    ]
   },
   "properties": {
    "kind": "shelter_candidate",
    "name": "Junta de Acción Comunal Villa del Sur",
    "address": null,
    "phone": null,
    "capacity": null,
    "source": "osm",
    "source_ref": "way/946633688",
    "source_url": "https://www.openstreetmap.org/way/946633688"
   }
  },
  {
   "type": "Feature",
   "geometry": {
    "type": "Point",
    "coordinates": [
     -76.5629256,
     3.4564578
    ]
   },
   "properties": {
    "kind": "shelter_candidate",
    "name": "Institución Educativa Llano Verde Sede Aguacatal",
    "address": "Avenida 9 Oeste 19c- 1-100, Comuna 1",
    "phone": null,
    "capacity": null,
    "source": "osm",
    "source_ref": "way/980175363",
    "source_url": "https://www.openstreetmap.org/way/980175363"
   }
  },
  {
   "type": "Feature",
   "geometry": {
    "type": "Point",
    "coordinates": [
     -76.5242436,
     3.3757274
    ]
   },
   "properties": {
    "kind": "fuel",
    "name": "Primax",
    "address": null,
    "phone": null,
    "capacity": null,
    "source": "osm",
    "source_ref": "way/1036311026",
    "source_url": "https://www.openstreetmap.org/way/1036311026"
   }
  },
  {
   "type": "Feature",
   "geometry": {
    "type": "Point",
    "coordinates": [
     -76.5240446,
     3.3747613
    ]
   },
   "properties": {
    "kind": "market",
    "name": "Makro",
    "address": "Cali",
    "phone": null,
    "capacity": null,
    "source": "osm",
    "source_ref": "way/1036311033",
    "source_url": "https://www.openstreetmap.org/way/1036311033"
   }
  },
  {
   "type": "Feature",
   "geometry": {
    "type": "Point",
    "coordinates": [
     -76.576651,
     3.4082204
    ]
   },
   "properties": {
    "kind": "medical",
    "name": "IPS la sirena",
    "address": null,
    "phone": null,
    "capacity": null,
    "source": "osm",
    "source_ref": "way/1038010912",
    "source_url": "https://www.openstreetmap.org/way/1038010912"
   }
  },
  {
   "type": "Feature",
   "geometry": {
    "type": "Point",
    "coordinates": [
     -76.4784141,
     3.4176499
    ]
   },
   "properties": {
    "kind": "fuel",
    "name": "Terpel",
    "address": null,
    "phone": null,
    "capacity": null,
    "source": "osm",
    "source_ref": "way/1074335567",
    "source_url": "https://www.openstreetmap.org/way/1074335567"
   }
  },
  {
   "type": "Feature",
   "geometry": {
    "type": "Point",
    "coordinates": [
     -76.5120222,
     3.4857274
    ]
   },
   "properties": {
    "kind": "fuel",
    "name": "Terpel",
    "address": null,
    "phone": null,
    "capacity": null,
    "source": "osm",
    "source_ref": "way/1074354641",
    "source_url": "https://www.openstreetmap.org/way/1074354641"
   }
  },
  {
   "type": "Feature",
   "geometry": {
    "type": "Point",
    "coordinates": [
     -76.5192546,
     3.5087111
    ]
   },
   "properties": {
    "kind": "fuel",
    "name": "Terpel",
    "address": null,
    "phone": null,
    "capacity": null,
    "source": "osm",
    "source_ref": "way/1081173581",
    "source_url": "https://www.openstreetmap.org/way/1081173581"
   }
  },
  {
   "type": "Feature",
   "geometry": {
    "type": "Point",
    "coordinates": [
     -76.52064,
     3.5079313
    ]
   },
   "properties": {
    "kind": "fuel",
    "name": "Estación de Servicio Mobil",
    "address": null,
    "phone": null,
    "capacity": null,
    "source": "osm",
    "source_ref": "way/1081183399",
    "source_url": "https://www.openstreetmap.org/way/1081183399"
   }
  },
  {
   "type": "Feature",
   "geometry": {
    "type": "Point",
    "coordinates": [
     -76.5205117,
     3.5081386
    ]
   },
   "properties": {
    "kind": "fuel",
    "name": "Estación de Servicio Mobil",
    "address": null,
    "phone": null,
    "capacity": null,
    "source": "osm",
    "source_ref": "way/1081183400",
    "source_url": "https://www.openstreetmap.org/way/1081183400"
   }
  },
  {
   "type": "Feature",
   "geometry": {
    "type": "Point",
    "coordinates": [
     -76.5204926,
     3.5014327
    ]
   },
   "properties": {
    "kind": "fuel",
    "name": "GAS",
    "address": null,
    "phone": null,
    "capacity": null,
    "source": "osm",
    "source_ref": "way/1081185073",
    "source_url": "https://www.openstreetmap.org/way/1081185073"
   }
  },
  {
   "type": "Feature",
   "geometry": {
    "type": "Point",
    "coordinates": [
     -76.520572,
     3.5018145
    ]
   },
   "properties": {
    "kind": "fuel",
    "name": "Primax",
    "address": null,
    "phone": null,
    "capacity": null,
    "source": "osm",
    "source_ref": "way/1081185074",
    "source_url": "https://www.openstreetmap.org/way/1081185074"
   }
  },
  {
   "type": "Feature",
   "geometry": {
    "type": "Point",
    "coordinates": [
     -76.5206151,
     3.5020766
    ]
   },
   "properties": {
    "kind": "fuel",
    "name": "Primax",
    "address": null,
    "phone": null,
    "capacity": null,
    "source": "osm",
    "source_ref": "way/1081185075",
    "source_url": "https://www.openstreetmap.org/way/1081185075"
   }
  },
  {
   "type": "Feature",
   "geometry": {
    "type": "Point",
    "coordinates": [
     -76.5223795,
     3.4962754
    ]
   },
   "properties": {
    "kind": "fuel",
    "name": "Gazel",
    "address": null,
    "phone": null,
    "capacity": null,
    "source": "osm",
    "source_ref": "way/1081188338",
    "source_url": "https://www.openstreetmap.org/way/1081188338"
   }
  },
  {
   "type": "Feature",
   "geometry": {
    "type": "Point",
    "coordinates": [
     -76.5227338,
     3.4960181
    ]
   },
   "properties": {
    "kind": "fuel",
    "name": "Esso",
    "address": null,
    "phone": null,
    "capacity": null,
    "source": "osm",
    "source_ref": "way/1081188339",
    "source_url": "https://www.openstreetmap.org/way/1081188339"
   }
  },
  {
   "type": "Feature",
   "geometry": {
    "type": "Point",
    "coordinates": [
     -76.5107253,
     3.4879406
    ]
   },
   "properties": {
    "kind": "fuel",
    "name": "EDS Terpel",
    "address": null,
    "phone": null,
    "capacity": null,
    "source": "osm",
    "source_ref": "way/1081193368",
    "source_url": "https://www.openstreetmap.org/way/1081193368"
   }
  },
  {
   "type": "Feature",
   "geometry": {
    "type": "Point",
    "coordinates": [
     -76.5087277,
     3.4933719
    ]
   },
   "properties": {
    "kind": "fuel",
    "name": "EDS Combuscol Autopista Cali - Yumbo",
    "address": null,
    "phone": null,
    "capacity": null,
    "source": "osm",
    "source_ref": "way/1081195963",
    "source_url": "https://www.openstreetmap.org/way/1081195963"
   }
  },
  {
   "type": "Feature",
   "geometry": {
    "type": "Point",
    "coordinates": [
     -76.4908503,
     3.4848026
    ]
   },
   "properties": {
    "kind": "fuel",
    "name": "Terpel",
    "address": null,
    "phone": null,
    "capacity": null,
    "source": "osm",
    "source_ref": "way/1081199359",
    "source_url": "https://www.openstreetmap.org/way/1081199359"
   }
  },
  {
   "type": "Feature",
   "geometry": {
    "type": "Point",
    "coordinates": [
     -76.4847847,
     3.4688057
    ]
   },
   "properties": {
    "kind": "fuel",
    "name": "Terpel",
    "address": "Calle 70",
    "phone": null,
    "capacity": null,
    "source": "osm",
    "source_ref": "way/1081203610",
    "source_url": "https://www.openstreetmap.org/way/1081203610"
   }
  },
  {
   "type": "Feature",
   "geometry": {
    "type": "Point",
    "coordinates": [
     -76.4855435,
     3.4668932
    ]
   },
   "properties": {
    "kind": "fuel",
    "name": "Primax",
    "address": null,
    "phone": null,
    "capacity": null,
    "source": "osm",
    "source_ref": "way/1081205041",
    "source_url": "https://www.openstreetmap.org/way/1081205041"
   }
  },
  {
   "type": "Feature",
   "geometry": {
    "type": "Point",
    "coordinates": [
     -76.480635,
     3.4419768
    ]
   },
   "properties": {
    "kind": "fuel",
    "name": "Petromil",
    "address": null,
    "phone": null,
    "capacity": null,
    "source": "osm",
    "source_ref": "way/1081207241",
    "source_url": "https://www.openstreetmap.org/way/1081207241"
   }
  },
  {
   "type": "Feature",
   "geometry": {
    "type": "Point",
    "coordinates": [
     -76.5228087,
     3.4490287
    ]
   },
   "properties": {
    "kind": "fuel",
    "name": "Terpel",
    "address": null,
    "phone": null,
    "capacity": null,
    "source": "osm",
    "source_ref": "way/1081210734",
    "source_url": "https://www.openstreetmap.org/way/1081210734"
   }
  },
  {
   "type": "Feature",
   "geometry": {
    "type": "Point",
    "coordinates": [
     -76.5282003,
     3.4607433
    ]
   },
   "properties": {
    "kind": "fuel",
    "name": "Terpel",
    "address": null,
    "phone": null,
    "capacity": null,
    "source": "osm",
    "source_ref": "way/1081212665",
    "source_url": "https://www.openstreetmap.org/way/1081212665"
   }
  },
  {
   "type": "Feature",
   "geometry": {
    "type": "Point",
    "coordinates": [
     -76.5277064,
     3.4607175
    ]
   },
   "properties": {
    "kind": "fuel",
    "name": "Primax",
    "address": "Avenida 3 Norte",
    "phone": null,
    "capacity": null,
    "source": "osm",
    "source_ref": "way/1081212668",
    "source_url": "https://www.openstreetmap.org/way/1081212668"
   }
  },
  {
   "type": "Feature",
   "geometry": {
    "type": "Point",
    "coordinates": [
     -76.5360747,
     3.4167142
    ]
   },
   "properties": {
    "kind": "fuel",
    "name": "Gazel",
    "address": null,
    "phone": null,
    "capacity": null,
    "source": "osm",
    "source_ref": "way/1082367973",
    "source_url": "https://www.openstreetmap.org/way/1082367973"
   }
  },
  {
   "type": "Feature",
   "geometry": {
    "type": "Point",
    "coordinates": [
     -76.5361773,
     3.4166158
    ]
   },
   "properties": {
    "kind": "fuel",
    "name": "Terpel",
    "address": null,
    "phone": null,
    "capacity": null,
    "source": "osm",
    "source_ref": "way/1082367974",
    "source_url": "https://www.openstreetmap.org/way/1082367974"
   }
  },
  {
   "type": "Feature",
   "geometry": {
    "type": "Point",
    "coordinates": [
     -76.5212624,
     3.4704616
    ]
   },
   "properties": {
    "kind": "fuel",
    "name": "Terpel",
    "address": null,
    "phone": null,
    "capacity": null,
    "source": "osm",
    "source_ref": "way/1083222819",
    "source_url": "https://www.openstreetmap.org/way/1083222819"
   }
  },
  {
   "type": "Feature",
   "geometry": {
    "type": "Point",
    "coordinates": [
     -76.5517537,
     3.4539466
    ]
   },
   "properties": {
    "kind": "fuel",
    "name": "Texaco",
    "address": "Avenida 4 Oeste",
    "phone": null,
    "capacity": null,
    "source": "osm",
    "source_ref": "way/1083231798",
    "source_url": "https://www.openstreetmap.org/way/1083231798"
   }
  },
  {
   "type": "Feature",
   "geometry": {
    "type": "Point",
    "coordinates": [
     -76.5213753,
     3.407294
    ]
   },
   "properties": {
    "kind": "fuel",
    "name": "Primax",
    "address": null,
    "phone": null,
    "capacity": null,
    "source": "osm",
    "source_ref": "way/1083233655",
    "source_url": "https://www.openstreetmap.org/way/1083233655"
   }
  },
  {
   "type": "Feature",
   "geometry": {
    "type": "Point",
    "coordinates": [
     -76.5238134,
     3.3514568
    ]
   },
   "properties": {
    "kind": "fuel",
    "name": "Primax",
    "address": null,
    "phone": null,
    "capacity": null,
    "source": "osm",
    "source_ref": "way/1083238016",
    "source_url": "https://www.openstreetmap.org/way/1083238016"
   }
  },
  {
   "type": "Feature",
   "geometry": {
    "type": "Point",
    "coordinates": [
     -76.5209046,
     3.3058451
    ]
   },
   "properties": {
    "kind": "fuel",
    "name": "Primax",
    "address": null,
    "phone": null,
    "capacity": null,
    "source": "osm",
    "source_ref": "way/1083249101",
    "source_url": "https://www.openstreetmap.org/way/1083249101"
   }
  },
  {
   "type": "Feature",
   "geometry": {
    "type": "Point",
    "coordinates": [
     -76.4911017,
     3.5414714
    ]
   },
   "properties": {
    "kind": "fuel",
    "name": "Primax",
    "address": null,
    "phone": null,
    "capacity": null,
    "source": "osm",
    "source_ref": "way/1084077342",
    "source_url": "https://www.openstreetmap.org/way/1084077342"
   }
  },
  {
   "type": "Feature",
   "geometry": {
    "type": "Point",
    "coordinates": [
     -76.4929746,
     3.5396466
    ]
   },
   "properties": {
    "kind": "fuel",
    "name": "Mobil",
    "address": null,
    "phone": null,
    "capacity": null,
    "source": "osm",
    "source_ref": "way/1089102683",
    "source_url": "https://www.openstreetmap.org/way/1089102683"
   }
  },
  {
   "type": "Feature",
   "geometry": {
    "type": "Point",
    "coordinates": [
     -76.5826322,
     3.4579357
    ]
   },
   "properties": {
    "kind": "fuel",
    "name": "Primax",
    "address": null,
    "phone": null,
    "capacity": null,
    "source": "osm",
    "source_ref": "way/1089103734",
    "source_url": "https://www.openstreetmap.org/way/1089103734"
   }
  },
  {
   "type": "Feature",
   "geometry": {
    "type": "Point",
    "coordinates": [
     -76.5330496,
     3.4588193
    ]
   },
   "properties": {
    "kind": "shelter_candidate",
    "name": "Universidad Antonio Nariño - Sede Norte",
    "address": null,
    "phone": "+57 2 6614179",
    "capacity": null,
    "source": "osm",
    "source_ref": "way/1090934540",
    "source_url": "https://www.openstreetmap.org/way/1090934540"
   }
  },
  {
   "type": "Feature",
   "geometry": {
    "type": "Point",
    "coordinates": [
     -76.49477,
     3.4926447
    ]
   },
   "properties": {
    "kind": "medical",
    "name": "Puesto de Salud Floralia",
    "address": "Calle 72C 4, Comuna 6",
    "phone": "+57 2 4184646",
    "capacity": null,
    "source": "osm",
    "source_ref": "way/1090939356",
    "source_url": "https://www.openstreetmap.org/way/1090939356"
   }
  },
  {
   "type": "Feature",
   "geometry": {
    "type": "Point",
    "coordinates": [
     -76.5414831,
     3.4200131
    ]
   },
   "properties": {
    "kind": "medical",
    "name": "Profamilia Joven",
    "address": null,
    "phone": null,
    "capacity": null,
    "source": "osm",
    "source_ref": "way/1092297772",
    "source_url": "https://www.openstreetmap.org/way/1092297772"
   }
  },
  {
   "type": "Feature",
   "geometry": {
    "type": "Point",
    "coordinates": [
     -76.5184682,
     3.4104197
    ]
   },
   "properties": {
    "kind": "medical",
    "name": "Cedima Imágenes Diagnosticas",
    "address": null,
    "phone": "+57 2 3348866",
    "capacity": null,
    "source": "osm",
    "source_ref": "way/1092591805",
    "source_url": "https://www.openstreetmap.org/way/1092591805"
   }
  },
  {
   "type": "Feature",
   "geometry": {
    "type": "Point",
    "coordinates": [
     -76.5071928,
     3.3985326
    ]
   },
   "properties": {
    "kind": "medical",
    "name": "IPS Comfandi el Morichal",
    "address": null,
    "phone": "+57 2 3289925",
    "capacity": null,
    "source": "osm",
    "source_ref": "way/1093782467",
    "source_url": "https://www.openstreetmap.org/way/1093782467"
   }
  },
  {
   "type": "Feature",
   "geometry": {
    "type": "Point",
    "coordinates": [
     -76.541664,
     3.4502209
    ]
   },
   "properties": {
    "kind": "medical",
    "name": "Corpo Bello Medical Spa",
    "address": null,
    "phone": "+57 2 8933307",
    "capacity": null,
    "source": "osm",
    "source_ref": "way/1094014686",
    "source_url": "https://www.openstreetmap.org/way/1094014686"
   }
  },
  {
   "type": "Feature",
   "geometry": {
    "type": "Point",
    "coordinates": [
     -76.530478,
     3.463564
    ]
   },
   "properties": {
    "kind": "medical",
    "name": "Optica Alemana Sede Norte",
    "address": null,
    "phone": "+57 2 6689595",
    "capacity": null,
    "source": "osm",
    "source_ref": "way/1094024601",
    "source_url": "https://www.openstreetmap.org/way/1094024601"
   }
  },
  {
   "type": "Feature",
   "geometry": {
    "type": "Point",
    "coordinates": [
     -76.5430797,
     3.4304852
    ]
   },
   "properties": {
    "kind": "medical",
    "name": "Ips Comfandi San Fernando",
    "address": null,
    "phone": "+57 5585662",
    "capacity": null,
    "source": "osm",
    "source_ref": "way/1094029258",
    "source_url": "https://www.openstreetmap.org/way/1094029258"
   }
  },
  {
   "type": "Feature",
   "geometry": {
    "type": "Point",
    "coordinates": [
     -76.483254,
     3.4540222
    ]
   },
   "properties": {
    "kind": "shelter_candidate",
    "name": "Institución Educativa Alfonso López Pumarejo",
    "address": null,
    "phone": null,
    "capacity": null,
    "source": "osm",
    "source_ref": "way/1094113224",
    "source_url": "https://www.openstreetmap.org/way/1094113224"
   }
  },
  {
   "type": "Feature",
   "geometry": {
    "type": "Point",
    "coordinates": [
     -76.512046,
     3.4287994
    ]
   },
   "properties": {
    "kind": "medical",
    "name": "Centro de Salud Luis H. Garcés",
    "address": null,
    "phone": "+57 2 4416925",
    "capacity": null,
    "source": "osm",
    "source_ref": "way/1094400378",
    "source_url": "https://www.openstreetmap.org/way/1094400378"
   }
  },
  {
   "type": "Feature",
   "geometry": {
    "type": "Point",
    "coordinates": [
     -76.4887838,
     3.4412736
    ]
   },
   "properties": {
    "kind": "medical",
    "name": "Puesto de Salud Ulpiano Lloreda",
    "address": null,
    "phone": "+57 2 4374024",
    "capacity": null,
    "source": "osm",
    "source_ref": "way/1094401851",
    "source_url": "https://www.openstreetmap.org/way/1094401851"
   }
  },
  {
   "type": "Feature",
   "geometry": {
    "type": "Point",
    "coordinates": [
     -76.5265947,
     3.4608599
    ]
   },
   "properties": {
    "kind": "medical",
    "name": "Centro de Ortopedia y Fracturas",
    "address": null,
    "phone": "+57 2 6670400",
    "capacity": null,
    "source": "osm",
    "source_ref": "way/1094435361",
    "source_url": "https://www.openstreetmap.org/way/1094435361"
   }
  },
  {
   "type": "Feature",
   "geometry": {
    "type": "Point",
    "coordinates": [
     -76.5297896,
     3.4651974
    ]
   },
   "properties": {
    "kind": "medical",
    "name": "Fundacion de Especialistas del Edificio Coomeva Norte IPS",
    "address": null,
    "phone": "+57 2 4850017",
    "capacity": null,
    "source": "osm",
    "source_ref": "way/1094461363",
    "source_url": "https://www.openstreetmap.org/way/1094461363"
   }
  },
  {
   "type": "Feature",
   "geometry": {
    "type": "Point",
    "coordinates": [
     -76.544769,
     3.3759986
    ]
   },
   "properties": {
    "kind": "medical",
    "name": "Centro de Salud Meléndez",
    "address": null,
    "phone": "+57 2 6080124",
    "capacity": null,
    "source": "osm",
    "source_ref": "way/1094467813",
    "source_url": "https://www.openstreetmap.org/way/1094467813"
   }
  },
  {
   "type": "Feature",
   "geometry": {
    "type": "Point",
    "coordinates": [
     -76.5232008,
     3.4386586
    ]
   },
   "properties": {
    "kind": "medical",
    "name": "Centro de Salud Belalcazar",
    "address": null,
    "phone": "+57 2 4416925",
    "capacity": null,
    "source": "osm",
    "source_ref": "way/1094469193",
    "source_url": "https://www.openstreetmap.org/way/1094469193"
   }
  },
  {
   "type": "Feature",
   "geometry": {
    "type": "Point",
    "coordinates": [
     -76.5233022,
     3.4531537
    ]
   },
   "properties": {
    "kind": "medical",
    "name": "IPS Comfandi San Nicolás",
    "address": null,
    "phone": "+57 2 6851414",
    "capacity": null,
    "source": "osm",
    "source_ref": "way/1094472550",
    "source_url": "https://www.openstreetmap.org/way/1094472550"
   }
  },
  {
   "type": "Feature",
   "geometry": {
    "type": "Point",
    "coordinates": [
     -76.5456329,
     3.3979202
    ]
   },
   "properties": {
    "kind": "medical",
    "name": "Sonria Dama Salud Cali Norte",
    "address": null,
    "phone": "+57 3 3300203",
    "capacity": null,
    "source": "osm",
    "source_ref": "way/1094480545",
    "source_url": "https://www.openstreetmap.org/way/1094480545"
   }
  },
  {
   "type": "Feature",
   "geometry": {
    "type": "Point",
    "coordinates": [
     -76.5137498,
     3.4372258
    ]
   },
   "properties": {
    "kind": "medical",
    "name": "DentiSalud",
    "address": null,
    "phone": "+57 2 4423063",
    "capacity": null,
    "source": "osm",
    "source_ref": "way/1094481908",
    "source_url": "https://www.openstreetmap.org/way/1094481908"
   }
  },
  {
   "type": "Feature",
   "geometry": {
    "type": "Point",
    "coordinates": [
     -76.5105743,
     3.4426426
    ]
   },
   "properties": {
    "kind": "medical",
    "name": "Laboratorio Clínico San Martin",
    "address": null,
    "phone": "+57 2 4435115",
    "capacity": null,
    "source": "osm",
    "source_ref": "way/1094670157",
    "source_url": "https://www.openstreetmap.org/way/1094670157"
   }
  },
  {
   "type": "Feature",
   "geometry": {
    "type": "Point",
    "coordinates": [
     -76.5012723,
     3.4859567
    ]
   },
   "properties": {
    "kind": "medical",
    "name": "Clínica Social de Ortodoncia",
    "address": null,
    "phone": "+57 2 4470547",
    "capacity": null,
    "source": "osm",
    "source_ref": "way/1094687993",
    "source_url": "https://www.openstreetmap.org/way/1094687993"
   }
  },
  {
   "type": "Feature",
   "geometry": {
    "type": "Point",
    "coordinates": [
     -76.5473029,
     3.4198658
    ]
   },
   "properties": {
    "kind": "medical",
    "name": "Unidad Quirurgica Calida",
    "address": null,
    "phone": null,
    "capacity": null,
    "source": "osm",
    "source_ref": "way/1094721497",
    "source_url": "https://www.openstreetmap.org/way/1094721497"
   }
  },
  {
   "type": "Feature",
   "geometry": {
    "type": "Point",
    "coordinates": [
     -76.5300785,
     3.4685165
    ]
   },
   "properties": {
    "kind": "medical",
    "name": "Óptica Univisual",
    "address": null,
    "phone": "+57 2 6676571",
    "capacity": null,
    "source": "osm",
    "source_ref": "way/1094729469",
    "source_url": "https://www.openstreetmap.org/way/1094729469"
   }
  },
  {
   "type": "Feature",
   "geometry": {
    "type": "Point",
    "coordinates": [
     -76.5007835,
     3.4786135
    ]
   },
   "properties": {
    "kind": "medical",
    "name": "Comfandi IPS",
    "address": null,
    "phone": null,
    "capacity": null,
    "source": "osm",
    "source_ref": "way/1095071878",
    "source_url": "https://www.openstreetmap.org/way/1095071878"
   }
  },
  {
   "type": "Feature",
   "geometry": {
    "type": "Point",
    "coordinates": [
     -76.529069,
     3.4600236
    ]
   },
   "properties": {
    "kind": "medical",
    "name": "Salud Total S.A. Entidad Promotora De Salud Unidad De Atención Prioritaria",
    "address": null,
    "phone": "+57 2 3180400",
    "capacity": null,
    "source": "osm",
    "source_ref": "way/1095074749",
    "source_url": "https://www.openstreetmap.org/way/1095074749"
   }
  },
  {
   "type": "Feature",
   "geometry": {
    "type": "Point",
    "coordinates": [
     -76.5019755,
     3.4405152
    ]
   },
   "properties": {
    "kind": "medical",
    "name": "Centro Medico Por Salud",
    "address": null,
    "phone": "+57 2 4419060",
    "capacity": null,
    "source": "osm",
    "source_ref": "way/1095080220",
    "source_url": "https://www.openstreetmap.org/way/1095080220"
   }
  },
  {
   "type": "Feature",
   "geometry": {
    "type": "Point",
    "coordinates": [
     -76.5215563,
     3.4830898
    ]
   },
   "properties": {
    "kind": "medical",
    "name": "Piel Canela",
    "address": null,
    "phone": "+57 602 6815750",
    "capacity": null,
    "source": "osm",
    "source_ref": "way/1095088328",
    "source_url": "https://www.openstreetmap.org/way/1095088328"
   }
  },
  {
   "type": "Feature",
   "geometry": {
    "type": "Point",
    "coordinates": [
     -76.5195769,
     3.4477305
    ]
   },
   "properties": {
    "kind": "medical",
    "name": "Red de Salud Del Centro E.S.E",
    "address": null,
    "phone": "+57 2 4416925",
    "capacity": null,
    "source": "osm",
    "source_ref": "way/1095096656",
    "source_url": "https://www.openstreetmap.org/way/1095096656"
   }
  },
  {
   "type": "Feature",
   "geometry": {
    "type": "Point",
    "coordinates": [
     -76.5176072,
     3.4387238
    ]
   },
   "properties": {
    "kind": "medical",
    "name": "Puesto de Salud Primitivo Crespo",
    "address": null,
    "phone": "+57 2 4416925",
    "capacity": null,
    "source": "osm",
    "source_ref": "way/1095110979",
    "source_url": "https://www.openstreetmap.org/way/1095110979"
   }
  },
  {
   "type": "Feature",
   "geometry": {
    "type": "Point",
    "coordinates": [
     -76.5269107,
     3.4679516
    ]
   },
   "properties": {
    "kind": "medical",
    "name": "Coodontologos Clinicas Odontológicas",
    "address": null,
    "phone": "+57 2 6605554",
    "capacity": null,
    "source": "osm",
    "source_ref": "way/1096208137",
    "source_url": "https://www.openstreetmap.org/way/1096208137"
   }
  },
  {
   "type": "Feature",
   "geometry": {
    "type": "Point",
    "coordinates": [
     -76.525145,
     3.4657811
    ]
   },
   "properties": {
    "kind": "shelter_candidate",
    "name": "Estación 1 Universidad Antonio José Camacho",
    "address": "Avenida 3A Norte",
    "phone": null,
    "capacity": null,
    "source": "osm",
    "source_ref": "way/1096876140",
    "source_url": "https://www.openstreetmap.org/way/1096876140"
   }
  },
  {
   "type": "Feature",
   "geometry": {
    "type": "Point",
    "coordinates": [
     -76.5067984,
     3.4222507
    ]
   },
   "properties": {
    "kind": "shelter_candidate",
    "name": "Fe y Alegría Madre Alberta",
    "address": "Diagonal 30",
    "phone": null,
    "capacity": null,
    "source": "osm",
    "source_ref": "way/1096880005",
    "source_url": "https://www.openstreetmap.org/way/1096880005"
   }
  },
  {
   "type": "Feature",
   "geometry": {
    "type": "Point",
    "coordinates": [
     -76.4855319,
     3.4304829
    ]
   },
   "properties": {
    "kind": "shelter_candidate",
    "name": "Colegio Panamericano",
    "address": "Calle 72U",
    "phone": null,
    "capacity": null,
    "source": "osm",
    "source_ref": "way/1097161443",
    "source_url": "https://www.openstreetmap.org/way/1097161443"
   }
  },
  {
   "type": "Feature",
   "geometry": {
    "type": "Point",
    "coordinates": [
     -76.506968,
     3.4414819
    ]
   },
   "properties": {
    "kind": "shelter_candidate",
    "name": "Sena Centro de la Construcción",
    "address": null,
    "phone": null,
    "capacity": null,
    "source": "osm",
    "source_ref": "way/1097241487",
    "source_url": "https://www.openstreetmap.org/way/1097241487"
   }
  },
  {
   "type": "Feature",
   "geometry": {
    "type": "Point",
    "coordinates": [
     -76.5469367,
     3.3904192
    ]
   },
   "properties": {
    "kind": "shelter_candidate",
    "name": "Instituto Comercial, Insdustrial y Tecnológico I. C. I. T.",
    "address": "Carrera 75 3D-41, Cali",
    "phone": null,
    "capacity": null,
    "source": "osm",
    "source_ref": "way/1102474107",
    "source_url": "https://www.openstreetmap.org/way/1102474107"
   }
  },
  {
   "type": "Feature",
   "geometry": {
    "type": "Point",
    "coordinates": [
     -76.518794,
     3.4095829
    ]
   },
   "properties": {
    "kind": "responder",
    "name": "Cai villa del sur",
    "address": null,
    "phone": null,
    "capacity": null,
    "source": "osm",
    "source_ref": "way/1112327539",
    "source_url": "https://www.openstreetmap.org/way/1112327539"
   }
  },
  {
   "type": "Feature",
   "geometry": {
    "type": "Point",
    "coordinates": [
     -76.5512358,
     3.3880308
    ]
   },
   "properties": {
    "kind": "responder",
    "name": "CAI Nápoles",
    "address": null,
    "phone": null,
    "capacity": null,
    "source": "osm",
    "source_ref": "way/1121864898",
    "source_url": "https://www.openstreetmap.org/way/1121864898"
   }
  },
  {
   "type": "Feature",
   "geometry": {
    "type": "Point",
    "coordinates": [
     -76.549582,
     3.3885913
    ]
   },
   "properties": {
    "kind": "medical",
    "name": "Puesto de salud de Nápoles",
    "address": null,
    "phone": "+57 2 6080124",
    "capacity": null,
    "source": "osm",
    "source_ref": "way/1121867437",
    "source_url": "https://www.openstreetmap.org/way/1121867437"
   }
  },
  {
   "type": "Feature",
   "geometry": {
    "type": "Point",
    "coordinates": [
     -76.5451207,
     3.3402313
    ]
   },
   "properties": {
    "kind": "shelter_candidate",
    "name": "Colegio Bolívar",
    "address": null,
    "phone": null,
    "capacity": null,
    "source": "osm",
    "source_ref": "way/1150785237",
    "source_url": "https://www.openstreetmap.org/way/1150785237"
   }
  },
  {
   "type": "Feature",
   "geometry": {
    "type": "Point",
    "coordinates": [
     -76.5054737,
     3.5013598
    ]
   },
   "properties": {
    "kind": "fuel",
    "name": "Primax",
    "address": null,
    "phone": null,
    "capacity": null,
    "source": "osm",
    "source_ref": "way/1173954675",
    "source_url": "https://www.openstreetmap.org/way/1173954675"
   }
  },
  {
   "type": "Feature",
   "geometry": {
    "type": "Point",
    "coordinates": [
     -76.5685391,
     3.3814186
    ]
   },
   "properties": {
    "kind": "shelter_candidate",
    "name": "Escuela Las Lajas",
    "address": null,
    "phone": null,
    "capacity": null,
    "source": "osm",
    "source_ref": "way/1177923059",
    "source_url": "https://www.openstreetmap.org/way/1177923059"
   }
  },
  {
   "type": "Feature",
   "geometry": {
    "type": "Point",
    "coordinates": [
     -76.5439028,
     3.345111
    ]
   },
   "properties": {
    "kind": "shelter_candidate",
    "name": "Universidad San Buenaventura de Cali",
    "address": "Avenida 10 de Mayo, Cali",
    "phone": "+57 6026847200",
    "capacity": null,
    "source": "osm",
    "source_ref": "way/1189205237",
    "source_url": "https://www.openstreetmap.org/way/1189205237"
   }
  },
  {
   "type": "Feature",
   "geometry": {
    "type": "Point",
    "coordinates": [
     -76.4606483,
     3.4424257
    ]
   },
   "properties": {
    "kind": "fuel",
    "name": "Terpel",
    "address": "Carrera 8",
    "phone": null,
    "capacity": null,
    "source": "osm",
    "source_ref": "way/1205487235",
    "source_url": "https://www.openstreetmap.org/way/1205487235"
   }
  },
  {
   "type": "Feature",
   "geometry": {
    "type": "Point",
    "coordinates": [
     -76.4611774,
     3.4419717
    ]
   },
   "properties": {
    "kind": "fuel",
    "name": "EDS La Nubia",
    "address": "Carrera 8",
    "phone": null,
    "capacity": null,
    "source": "osm",
    "source_ref": "way/1209230190",
    "source_url": "https://www.openstreetmap.org/way/1209230190"
   }
  },
  {
   "type": "Feature",
   "geometry": {
    "type": "Point",
    "coordinates": [
     -76.4613869,
     3.4422467
    ]
   },
   "properties": {
    "kind": "fuel",
    "name": "EDS La Nubia",
    "address": "Carrera 8",
    "phone": null,
    "capacity": null,
    "source": "osm",
    "source_ref": "way/1209230191",
    "source_url": "https://www.openstreetmap.org/way/1209230191"
   }
  },
  {
   "type": "Feature",
   "geometry": {
    "type": "Point",
    "coordinates": [
     -76.4923074,
     3.5482946
    ]
   },
   "properties": {
    "kind": "fuel",
    "name": "Terpel",
    "address": null,
    "phone": null,
    "capacity": null,
    "source": "osm",
    "source_ref": "way/1209834092",
    "source_url": "https://www.openstreetmap.org/way/1209834092"
   }
  },
  {
   "type": "Feature",
   "geometry": {
    "type": "Point",
    "coordinates": [
     -76.5061169,
     3.5450686
    ]
   },
   "properties": {
    "kind": "fuel",
    "name": "Texaco",
    "address": null,
    "phone": null,
    "capacity": null,
    "source": "osm",
    "source_ref": "way/1209834104",
    "source_url": "https://www.openstreetmap.org/way/1209834104"
   }
  },
  {
   "type": "Feature",
   "geometry": {
    "type": "Point",
    "coordinates": [
     -76.5076711,
     3.4614445
    ]
   },
   "properties": {
    "kind": "shelter_candidate",
    "name": "I.E. República de Israel",
    "address": null,
    "phone": null,
    "capacity": null,
    "source": "osm",
    "source_ref": "way/1218298983",
    "source_url": "https://www.openstreetmap.org/way/1218298983"
   }
  },
  {
   "type": "Feature",
   "geometry": {
    "type": "Point",
    "coordinates": [
     -76.4836259,
     3.4610327
    ]
   },
   "properties": {
    "kind": "fuel",
    "name": "Esso",
    "address": "Calle 70",
    "phone": null,
    "capacity": null,
    "source": "osm",
    "source_ref": "way/1220136322",
    "source_url": "https://www.openstreetmap.org/way/1220136322"
   }
  },
  {
   "type": "Feature",
   "geometry": {
    "type": "Point",
    "coordinates": [
     -76.5018716,
     3.4817443
    ]
   },
   "properties": {
    "kind": "shelter_candidate",
    "name": "Colegio INEM - Jorge Isaacs",
    "address": "Calle 5 Norte 61 N - 126, Cali",
    "phone": null,
    "capacity": null,
    "source": "osm",
    "source_ref": "way/1220136357",
    "source_url": "https://www.openstreetmap.org/way/1220136357"
   }
  },
  {
   "type": "Feature",
   "geometry": {
    "type": "Point",
    "coordinates": [
     -76.5500912,
     3.4539209
    ]
   },
   "properties": {
    "kind": "fuel",
    "name": "Primax",
    "address": null,
    "phone": null,
    "capacity": null,
    "source": "osm",
    "source_ref": "way/1221844485",
    "source_url": "https://www.openstreetmap.org/way/1221844485"
   }
  },
  {
   "type": "Feature",
   "geometry": {
    "type": "Point",
    "coordinates": [
     -76.5024345,
     3.4774335
    ]
   },
   "properties": {
    "kind": "market",
    "name": "Papá Supermercado",
    "address": null,
    "phone": null,
    "capacity": null,
    "source": "osm",
    "source_ref": "way/1222123329",
    "source_url": "https://www.openstreetmap.org/way/1222123329"
   }
  },
  {
   "type": "Feature",
   "geometry": {
    "type": "Point",
    "coordinates": [
     -76.5232082,
     3.4049995
    ]
   },
   "properties": {
    "kind": "fuel",
    "name": "Gazel",
    "address": null,
    "phone": null,
    "capacity": null,
    "source": "osm",
    "source_ref": "way/1223970696",
    "source_url": "https://www.openstreetmap.org/way/1223970696"
   }
  },
  {
   "type": "Feature",
   "geometry": {
    "type": "Point",
    "coordinates": [
     -76.5238685,
     3.3745529
    ]
   },
   "properties": {
    "kind": "market",
    "name": "Tienda / supermercado (sin nombre)",
    "address": null,
    "phone": null,
    "capacity": null,
    "source": "osm",
    "source_ref": "way/1224849352",
    "source_url": "https://www.openstreetmap.org/way/1224849352"
   }
  },
  {
   "type": "Feature",
   "geometry": {
    "type": "Point",
    "coordinates": [
     -76.5445833,
     3.3885075
    ]
   },
   "properties": {
    "kind": "fuel",
    "name": "Gazel",
    "address": null,
    "phone": null,
    "capacity": null,
    "source": "osm",
    "source_ref": "way/1227445104",
    "source_url": "https://www.openstreetmap.org/way/1227445104"
   }
  },
  {
   "type": "Feature",
   "geometry": {
    "type": "Point",
    "coordinates": [
     -76.5445148,
     3.3880841
    ]
   },
   "properties": {
    "kind": "fuel",
    "name": "Primax",
    "address": null,
    "phone": null,
    "capacity": null,
    "source": "osm",
    "source_ref": "way/1227445107",
    "source_url": "https://www.openstreetmap.org/way/1227445107"
   }
  },
  {
   "type": "Feature",
   "geometry": {
    "type": "Point",
    "coordinates": [
     -76.5439406,
     3.3840876
    ]
   },
   "properties": {
    "kind": "fuel",
    "name": "Texaco",
    "address": null,
    "phone": null,
    "capacity": null,
    "source": "osm",
    "source_ref": "way/1227445115",
    "source_url": "https://www.openstreetmap.org/way/1227445115"
   }
  },
  {
   "type": "Feature",
   "geometry": {
    "type": "Point",
    "coordinates": [
     -76.5469102,
     3.4245961
    ]
   },
   "properties": {
    "kind": "fuel",
    "name": "Texaco",
    "address": null,
    "phone": null,
    "capacity": null,
    "source": "osm",
    "source_ref": "way/1227694419",
    "source_url": "https://www.openstreetmap.org/way/1227694419"
   }
  },
  {
   "type": "Feature",
   "geometry": {
    "type": "Point",
    "coordinates": [
     -76.5438591,
     3.379878
    ]
   },
   "properties": {
    "kind": "fuel",
    "name": "Estación de Servicio Meléndez",
    "address": null,
    "phone": null,
    "capacity": null,
    "source": "osm",
    "source_ref": "way/1228061287",
    "source_url": "https://www.openstreetmap.org/way/1228061287"
   }
  },
  {
   "type": "Feature",
   "geometry": {
    "type": "Point",
    "coordinates": [
     -76.5438912,
     3.3800031
    ]
   },
   "properties": {
    "kind": "fuel",
    "name": "Estación de Servicio Meléndez",
    "address": null,
    "phone": null,
    "capacity": null,
    "source": "osm",
    "source_ref": "way/1228061288",
    "source_url": "https://www.openstreetmap.org/way/1228061288"
   }
  },
  {
   "type": "Feature",
   "geometry": {
    "type": "Point",
    "coordinates": [
     -76.5462176,
     3.392743
    ]
   },
   "properties": {
    "kind": "shelter_candidate",
    "name": "I.E. Politécnico Municipal - Sede General Santander",
    "address": "Calle 5 70-160, Cali",
    "phone": null,
    "capacity": null,
    "source": "osm",
    "source_ref": "way/1228061293",
    "source_url": "https://www.openstreetmap.org/way/1228061293"
   }
  },
  {
   "type": "Feature",
   "geometry": {
    "type": "Point",
    "coordinates": [
     -76.4845842,
     3.4430973
    ]
   },
   "properties": {
    "kind": "fuel",
    "name": "Gazel",
    "address": null,
    "phone": null,
    "capacity": null,
    "source": "osm",
    "source_ref": "way/1230840463",
    "source_url": "https://www.openstreetmap.org/way/1230840463"
   }
  },
  {
   "type": "Feature",
   "geometry": {
    "type": "Point",
    "coordinates": [
     -76.4793558,
     3.4655151
    ]
   },
   "properties": {
    "kind": "fuel",
    "name": "Gazel",
    "address": null,
    "phone": null,
    "capacity": null,
    "source": "osm",
    "source_ref": "way/1231559542",
    "source_url": "https://www.openstreetmap.org/way/1231559542"
   }
  },
  {
   "type": "Feature",
   "geometry": {
    "type": "Point",
    "coordinates": [
     -76.4794226,
     3.4651757
    ]
   },
   "properties": {
    "kind": "fuel",
    "name": "Terpel",
    "address": null,
    "phone": null,
    "capacity": null,
    "source": "osm",
    "source_ref": "way/1231559543",
    "source_url": "https://www.openstreetmap.org/way/1231559543"
   }
  },
  {
   "type": "Feature",
   "geometry": {
    "type": "Point",
    "coordinates": [
     -76.5035863,
     3.4751547
    ]
   },
   "properties": {
    "kind": "fuel",
    "name": "Terpel",
    "address": "Calle 52",
    "phone": null,
    "capacity": null,
    "source": "osm",
    "source_ref": "way/1231781687",
    "source_url": "https://www.openstreetmap.org/way/1231781687"
   }
  },
  {
   "type": "Feature",
   "geometry": {
    "type": "Point",
    "coordinates": [
     -76.5258021,
     3.472257
    ]
   },
   "properties": {
    "kind": "fuel",
    "name": "Mobil",
    "address": null,
    "phone": null,
    "capacity": null,
    "source": "osm",
    "source_ref": "way/1233396885",
    "source_url": "https://www.openstreetmap.org/way/1233396885"
   }
  },
  {
   "type": "Feature",
   "geometry": {
    "type": "Point",
    "coordinates": [
     -76.5186428,
     3.4499705
    ]
   },
   "properties": {
    "kind": "fuel",
    "name": "Mobil",
    "address": "Calle 25",
    "phone": null,
    "capacity": null,
    "source": "osm",
    "source_ref": "way/1236656183",
    "source_url": "https://www.openstreetmap.org/way/1236656183"
   }
  },
  {
   "type": "Feature",
   "geometry": {
    "type": "Point",
    "coordinates": [
     -76.5193578,
     3.4529403
    ]
   },
   "properties": {
    "kind": "fuel",
    "name": "Primax",
    "address": null,
    "phone": null,
    "capacity": null,
    "source": "osm",
    "source_ref": "way/1237863657",
    "source_url": "https://www.openstreetmap.org/way/1237863657"
   }
  },
  {
   "type": "Feature",
   "geometry": {
    "type": "Point",
    "coordinates": [
     -76.5020972,
     3.4042686
    ]
   },
   "properties": {
    "kind": "fuel",
    "name": "Primax",
    "address": null,
    "phone": null,
    "capacity": null,
    "source": "osm",
    "source_ref": "way/1238911561",
    "source_url": "https://www.openstreetmap.org/way/1238911561"
   }
  },
  {
   "type": "Feature",
   "geometry": {
    "type": "Point",
    "coordinates": [
     -76.5395126,
     3.4191748
    ]
   },
   "properties": {
    "kind": "fuel",
    "name": "Gazel",
    "address": null,
    "phone": null,
    "capacity": null,
    "source": "osm",
    "source_ref": "way/1240220408",
    "source_url": "https://www.openstreetmap.org/way/1240220408"
   }
  },
  {
   "type": "Feature",
   "geometry": {
    "type": "Point",
    "coordinates": [
     -76.5396926,
     3.4192248
    ]
   },
   "properties": {
    "kind": "fuel",
    "name": "Primax",
    "address": null,
    "phone": null,
    "capacity": null,
    "source": "osm",
    "source_ref": "way/1240220409",
    "source_url": "https://www.openstreetmap.org/way/1240220409"
   }
  },
  {
   "type": "Feature",
   "geometry": {
    "type": "Point",
    "coordinates": [
     -76.5407314,
     3.4221469
    ]
   },
   "properties": {
    "kind": "fuel",
    "name": "Terpel",
    "address": null,
    "phone": null,
    "capacity": null,
    "source": "osm",
    "source_ref": "way/1240857994",
    "source_url": "https://www.openstreetmap.org/way/1240857994"
   }
  },
  {
   "type": "Feature",
   "geometry": {
    "type": "Point",
    "coordinates": [
     -76.5408325,
     3.4220986
    ]
   },
   "properties": {
    "kind": "fuel",
    "name": "Terpel",
    "address": null,
    "phone": null,
    "capacity": null,
    "source": "osm",
    "source_ref": "way/1240857995",
    "source_url": "https://www.openstreetmap.org/way/1240857995"
   }
  },
  {
   "type": "Feature",
   "geometry": {
    "type": "Point",
    "coordinates": [
     -76.5279946,
     3.4180419
    ]
   },
   "properties": {
    "kind": "fuel",
    "name": "Primax",
    "address": "Carrera 39",
    "phone": null,
    "capacity": null,
    "source": "osm",
    "source_ref": "way/1240858015",
    "source_url": "https://www.openstreetmap.org/way/1240858015"
   }
  },
  {
   "type": "Feature",
   "geometry": {
    "type": "Point",
    "coordinates": [
     -76.530975,
     3.4215375
    ]
   },
   "properties": {
    "kind": "shelter_candidate",
    "name": "IE Normal Superior Santiago de Cali",
    "address": null,
    "phone": null,
    "capacity": null,
    "source": "osm",
    "source_ref": "way/1241707698",
    "source_url": "https://www.openstreetmap.org/way/1241707698"
   }
  },
  {
   "type": "Feature",
   "geometry": {
    "type": "Point",
    "coordinates": [
     -76.538744,
     3.3845545
    ]
   },
   "properties": {
    "kind": "fuel",
    "name": "Terpel",
    "address": null,
    "phone": null,
    "capacity": null,
    "source": "osm",
    "source_ref": "way/1242041130",
    "source_url": "https://www.openstreetmap.org/way/1242041130"
   }
  },
  {
   "type": "Feature",
   "geometry": {
    "type": "Point",
    "coordinates": [
     -76.5308719,
     3.3469551
    ]
   },
   "properties": {
    "kind": "fuel",
    "name": "Texaco",
    "address": null,
    "phone": null,
    "capacity": null,
    "source": "osm",
    "source_ref": "way/1243259725",
    "source_url": "https://www.openstreetmap.org/way/1243259725"
   }
  },
  {
   "type": "Feature",
   "geometry": {
    "type": "Point",
    "coordinates": [
     -76.5261481,
     3.4439396
    ]
   },
   "properties": {
    "kind": "fuel",
    "name": "Texaco",
    "address": null,
    "phone": null,
    "capacity": null,
    "source": "osm",
    "source_ref": "way/1245016581",
    "source_url": "https://www.openstreetmap.org/way/1245016581"
   }
  },
  {
   "type": "Feature",
   "geometry": {
    "type": "Point",
    "coordinates": [
     -76.4643948,
     3.4301584
    ]
   },
   "properties": {
    "kind": "fuel",
    "name": "Terpel",
    "address": null,
    "phone": null,
    "capacity": null,
    "source": "osm",
    "source_ref": "way/1246639646",
    "source_url": "https://www.openstreetmap.org/way/1246639646"
   }
  },
  {
   "type": "Feature",
   "geometry": {
    "type": "Point",
    "coordinates": [
     -76.5327665,
     3.3927287
    ]
   },
   "properties": {
    "kind": "fuel",
    "name": "Terpel",
    "address": "Carrera 70",
    "phone": null,
    "capacity": null,
    "source": "osm",
    "source_ref": "way/1247220196",
    "source_url": "https://www.openstreetmap.org/way/1247220196"
   }
  },
  {
   "type": "Feature",
   "geometry": {
    "type": "Point",
    "coordinates": [
     -76.5293483,
     3.3688827
    ]
   },
   "properties": {
    "kind": "fuel",
    "name": "Terpel",
    "address": null,
    "phone": null,
    "capacity": null,
    "source": "osm",
    "source_ref": "way/1248246242",
    "source_url": "https://www.openstreetmap.org/way/1248246242"
   }
  },
  {
   "type": "Feature",
   "geometry": {
    "type": "Point",
    "coordinates": [
     -76.5292449,
     3.3686715
    ]
   },
   "properties": {
    "kind": "fuel",
    "name": "Terpel",
    "address": null,
    "phone": null,
    "capacity": null,
    "source": "osm",
    "source_ref": "way/1248246243",
    "source_url": "https://www.openstreetmap.org/way/1248246243"
   }
  },
  {
   "type": "Feature",
   "geometry": {
    "type": "Point",
    "coordinates": [
     -76.5225649,
     3.4915657
    ]
   },
   "properties": {
    "kind": "market",
    "name": "PriceSmart",
    "address": "Calle 64N 5BN – 183",
    "phone": null,
    "capacity": null,
    "source": "osm",
    "source_ref": "way/1250879449",
    "source_url": "https://www.openstreetmap.org/way/1250879449"
   }
  },
  {
   "type": "Feature",
   "geometry": {
    "type": "Point",
    "coordinates": [
     -76.4854787,
     3.4893182
    ]
   },
   "properties": {
    "kind": "shelter_candidate",
    "name": "Colegio Santa Isabel de Hungría - Calimio Norte",
    "address": null,
    "phone": null,
    "capacity": null,
    "source": "osm",
    "source_ref": "way/1252963728",
    "source_url": "https://www.openstreetmap.org/way/1252963728"
   }
  },
  {
   "type": "Feature",
   "geometry": {
    "type": "Point",
    "coordinates": [
     -76.5253165,
     3.4694987
    ]
   },
   "properties": {
    "kind": "fuel",
    "name": "Texaco",
    "address": null,
    "phone": null,
    "capacity": null,
    "source": "osm",
    "source_ref": "way/1253013480",
    "source_url": "https://www.openstreetmap.org/way/1253013480"
   }
  },
  {
   "type": "Feature",
   "geometry": {
    "type": "Point",
    "coordinates": [
     -76.5442985,
     3.433524
    ]
   },
   "properties": {
    "kind": "market",
    "name": "Carulla",
    "address": "Calle 4B, Cali",
    "phone": null,
    "capacity": null,
    "source": "osm",
    "source_ref": "way/1290288857",
    "source_url": "https://www.openstreetmap.org/way/1290288857"
   }
  },
  {
   "type": "Feature",
   "geometry": {
    "type": "Point",
    "coordinates": [
     -76.5452071,
     3.3758764
    ]
   },
   "properties": {
    "kind": "market",
    "name": "Tienda D1 Melendez",
    "address": null,
    "phone": null,
    "capacity": null,
    "source": "osm",
    "source_ref": "way/1311655548",
    "source_url": "https://www.openstreetmap.org/way/1311655548"
   }
  },
  {
   "type": "Feature",
   "geometry": {
    "type": "Point",
    "coordinates": [
     -76.5590687,
     3.4120061
    ]
   },
   "properties": {
    "kind": "market",
    "name": "Tiendas D1",
    "address": null,
    "phone": null,
    "capacity": null,
    "source": "osm",
    "source_ref": "way/1333249355",
    "source_url": "https://www.openstreetmap.org/way/1333249355"
   }
  },
  {
   "type": "Feature",
   "geometry": {
    "type": "Point",
    "coordinates": [
     -76.5459598,
     3.4203726
    ]
   },
   "properties": {
    "kind": "medical",
    "name": "FUNCANCER - Fundación Fondo de Droga para el Cáncer",
    "address": null,
    "phone": "+57 310 4218925",
    "capacity": null,
    "source": "osm",
    "source_ref": "way/1335105919",
    "source_url": "https://www.openstreetmap.org/way/1335105919"
   }
  },
  {
   "type": "Feature",
   "geometry": {
    "type": "Point",
    "coordinates": [
     -76.5038794,
     3.4709388
    ]
   },
   "properties": {
    "kind": "shelter_candidate",
    "name": "Colegio San Pedro Claver",
    "address": null,
    "phone": null,
    "capacity": null,
    "source": "osm",
    "source_ref": "way/1344876036",
    "source_url": "https://www.openstreetmap.org/way/1344876036"
   }
  },
  {
   "type": "Feature",
   "geometry": {
    "type": "Point",
    "coordinates": [
     -76.5037564,
     3.4704712
    ]
   },
   "properties": {
    "kind": "shelter_candidate",
    "name": "I.E Simon Rodriguez",
    "address": null,
    "phone": null,
    "capacity": null,
    "source": "osm",
    "source_ref": "way/1344876037",
    "source_url": "https://www.openstreetmap.org/way/1344876037"
   }
  },
  {
   "type": "Feature",
   "geometry": {
    "type": "Point",
    "coordinates": [
     -76.5033744,
     3.471194
    ]
   },
   "properties": {
    "kind": "shelter_candidate",
    "name": "Mario Lloreda",
    "address": null,
    "phone": null,
    "capacity": null,
    "source": "osm",
    "source_ref": "way/1344876038",
    "source_url": "https://www.openstreetmap.org/way/1344876038"
   }
  },
  {
   "type": "Feature",
   "geometry": {
    "type": "Point",
    "coordinates": [
     -76.4995546,
     3.4813172
    ]
   },
   "properties": {
    "kind": "market",
    "name": "D1",
    "address": null,
    "phone": null,
    "capacity": null,
    "source": "osm",
    "source_ref": "way/1356998596",
    "source_url": "https://www.openstreetmap.org/way/1356998596"
   }
  },
  {
   "type": "Feature",
   "geometry": {
    "type": "Point",
    "coordinates": [
     -76.5409946,
     3.4421118
    ]
   },
   "properties": {
    "kind": "market",
    "name": "D1",
    "address": null,
    "phone": null,
    "capacity": null,
    "source": "osm",
    "source_ref": "way/1362432769",
    "source_url": "https://www.openstreetmap.org/way/1362432769"
   }
  },
  {
   "type": "Feature",
   "geometry": {
    "type": "Point",
    "coordinates": [
     -76.5013023,
     3.4708131
    ]
   },
   "properties": {
    "kind": "shelter_candidate",
    "name": "Colegio Parroquial Nuestra Señora de Los Andes",
    "address": null,
    "phone": null,
    "capacity": null,
    "source": "osm",
    "source_ref": "way/1370334363",
    "source_url": "https://www.openstreetmap.org/way/1370334363"
   }
  },
  {
   "type": "Feature",
   "geometry": {
    "type": "Point",
    "coordinates": [
     -76.5241197,
     3.3737067
    ]
   },
   "properties": {
    "kind": "medical",
    "name": "Farmatodo",
    "address": "Cali",
    "phone": null,
    "capacity": null,
    "source": "osm",
    "source_ref": "way/1410760260",
    "source_url": "https://www.openstreetmap.org/way/1410760260"
   }
  },
  {
   "type": "Feature",
   "geometry": {
    "type": "Point",
    "coordinates": [
     -76.5745964,
     3.4094907
    ]
   },
   "properties": {
    "kind": "shelter_candidate",
    "name": "Jardín Infantil Kiwanas",
    "address": "Diagonal 51 Calle Principal La Sirena",
    "phone": null,
    "capacity": null,
    "source": "osm",
    "source_ref": "way/1414092674",
    "source_url": "https://www.openstreetmap.org/way/1414092674"
   }
  },
  {
   "type": "Feature",
   "geometry": {
    "type": "Point",
    "coordinates": [
     -76.538844,
     3.3891714
    ]
   },
   "properties": {
    "kind": "medical",
    "name": "Colfenalco",
    "address": null,
    "phone": null,
    "capacity": null,
    "source": "osm",
    "source_ref": "way/1463263483",
    "source_url": "https://www.openstreetmap.org/way/1463263483"
   }
  },
  {
   "type": "Feature",
   "geometry": {
    "type": "Point",
    "coordinates": [
     -76.5310169,
     3.4240982
    ]
   },
   "properties": {
    "kind": "shelter_candidate",
    "name": "Institucion Educativa Normal Superior de Cali - Bachillerato",
    "address": "Carrera 34 #12-60",
    "phone": null,
    "capacity": null,
    "source": "osm",
    "source_ref": "way/1470125942",
    "source_url": "https://www.openstreetmap.org/way/1470125942"
   }
  },
  {
   "type": "Feature",
   "geometry": {
    "type": "Point",
    "coordinates": [
     -76.5164642,
     3.5169903
    ]
   },
   "properties": {
    "kind": "fuel",
    "name": "Terpel Portal menga",
    "address": "Calle 10 29b-02, Yumbo",
    "phone": null,
    "capacity": null,
    "source": "osm",
    "source_ref": "way/1476293097",
    "source_url": "https://www.openstreetmap.org/way/1476293097"
   }
  },
  {
   "type": "Feature",
   "geometry": {
    "type": "Point",
    "coordinates": [
     -76.4853674,
     3.4403148
    ]
   },
   "properties": {
    "kind": "medical",
    "name": "Puesto de Salud Charco Azul",
    "address": null,
    "phone": null,
    "capacity": null,
    "source": "osm",
    "source_ref": "way/1512779044",
    "source_url": "https://www.openstreetmap.org/way/1512779044"
   }
  },
  {
   "type": "Feature",
   "geometry": {
    "type": "Point",
    "coordinates": [
     -76.5750185,
     3.40824
    ]
   },
   "properties": {
    "kind": "shelter_candidate",
    "name": "Salon Comunal Vereda La Sirena",
    "address": null,
    "phone": null,
    "capacity": null,
    "source": "osm",
    "source_ref": "way/1532016965",
    "source_url": "https://www.openstreetmap.org/way/1532016965"
   }
  },
  {
   "type": "Feature",
   "geometry": {
    "type": "Point",
    "coordinates": [
     -76.5447762,
     3.4272851
    ]
   },
   "properties": {
    "kind": "medical",
    "name": "Cruz Roja Colombiana - Seccional Valle del Cauca",
    "address": null,
    "phone": "5184200",
    "capacity": null,
    "source": "osm",
    "source_ref": "relation/5752000",
    "source_url": "https://www.openstreetmap.org/relation/5752000"
   }
  },
  {
   "type": "Feature",
   "geometry": {
    "type": "Point",
    "coordinates": [
     -76.5482191,
     3.4028259
    ]
   },
   "properties": {
    "kind": "shelter_candidate",
    "name": "Universidad Santiago de Cali",
    "address": null,
    "phone": "5183000",
    "capacity": null,
    "source": "osm",
    "source_ref": "relation/6058310",
    "source_url": "https://www.openstreetmap.org/relation/6058310"
   }
  },
  {
   "type": "Feature",
   "geometry": {
    "type": "Point",
    "coordinates": [
     -76.5539261,
     3.40331
    ]
   },
   "properties": {
    "kind": "shelter_candidate",
    "name": "I.E. Politécnico Municipal - Sede Central",
    "address": "Carrera 62 2-28, Cali",
    "phone": null,
    "capacity": null,
    "source": "osm",
    "source_ref": "relation/6058346",
    "source_url": "https://www.openstreetmap.org/relation/6058346"
   }
  },
  {
   "type": "Feature",
   "geometry": {
    "type": "Point",
    "coordinates": [
     -76.5435458,
     3.4445694
    ]
   },
   "properties": {
    "kind": "shelter_candidate",
    "name": "Hogar Infantil Los Caleñitos",
    "address": null,
    "phone": null,
    "capacity": null,
    "source": "osm",
    "source_ref": "relation/6063239",
    "source_url": "https://www.openstreetmap.org/relation/6063239"
   }
  },
  {
   "type": "Feature",
   "geometry": {
    "type": "Point",
    "coordinates": [
     -76.5434053,
     3.4450185
    ]
   },
   "properties": {
    "kind": "medical",
    "name": "Hospital Cañaveralejo",
    "address": null,
    "phone": null,
    "capacity": null,
    "source": "osm",
    "source_ref": "relation/6063240",
    "source_url": "https://www.openstreetmap.org/relation/6063240"
   }
  },
  {
   "type": "Feature",
   "geometry": {
    "type": "Point",
    "coordinates": [
     -76.5453275,
     3.4301143
    ]
   },
   "properties": {
    "kind": "medical",
    "name": "ESE Hospital Universitario del Valle Evaristo Garcia",
    "address": null,
    "phone": null,
    "capacity": null,
    "source": "osm",
    "source_ref": "relation/6073629",
    "source_url": "https://www.openstreetmap.org/relation/6073629"
   }
  },
  {
   "type": "Feature",
   "geometry": {
    "type": "Point",
    "coordinates": [
     -76.5472577,
     3.4319216
    ]
   },
   "properties": {
    "kind": "shelter_candidate",
    "name": "Universidad Del Valle - Sede San Fernando",
    "address": null,
    "phone": "3212100",
    "capacity": null,
    "source": "osm",
    "source_ref": "relation/6073631",
    "source_url": "https://www.openstreetmap.org/relation/6073631"
   }
  },
  {
   "type": "Feature",
   "geometry": {
    "type": "Point",
    "coordinates": [
     -76.5460035,
     3.4311935
    ]
   },
   "properties": {
    "kind": "shelter_candidate",
    "name": "Universidad Del Valle - Sede San Fernando",
    "address": null,
    "phone": "3212100",
    "capacity": null,
    "source": "osm",
    "source_ref": "relation/6073632",
    "source_url": "https://www.openstreetmap.org/relation/6073632"
   }
  },
  {
   "type": "Feature",
   "geometry": {
    "type": "Point",
    "coordinates": [
     -76.5440118,
     3.4278258
    ]
   },
   "properties": {
    "kind": "medical",
    "name": "Instituto para Niños Ciegos y Sordos - Sede San Fernando",
    "address": null,
    "phone": null,
    "capacity": null,
    "source": "osm",
    "source_ref": "relation/6116546",
    "source_url": "https://www.openstreetmap.org/relation/6116546"
   }
  },
  {
   "type": "Feature",
   "geometry": {
    "type": "Point",
    "coordinates": [
     -76.5472733,
     3.4253552
    ]
   },
   "properties": {
    "kind": "shelter_candidate",
    "name": "Hogar Hermanitas de los Pobres Mi Casa",
    "address": null,
    "phone": null,
    "capacity": null,
    "source": "osm",
    "source_ref": "relation/6116627",
    "source_url": "https://www.openstreetmap.org/relation/6116627"
   }
  },
  {
   "type": "Feature",
   "geometry": {
    "type": "Point",
    "coordinates": [
     -76.545283,
     3.4263193
    ]
   },
   "properties": {
    "kind": "medical",
    "name": "IPS Centro Medico Imbanaco S.A.",
    "address": null,
    "phone": null,
    "capacity": null,
    "source": "osm",
    "source_ref": "relation/6116628",
    "source_url": "https://www.openstreetmap.org/relation/6116628"
   }
  },
  {
   "type": "Feature",
   "geometry": {
    "type": "Point",
    "coordinates": [
     -76.5468985,
     3.4246433
    ]
   },
   "properties": {
    "kind": "fuel",
    "name": "Estación de servicio (sin nombre)",
    "address": null,
    "phone": null,
    "capacity": null,
    "source": "osm",
    "source_ref": "relation/6116630",
    "source_url": "https://www.openstreetmap.org/relation/6116630"
   }
  },
  {
   "type": "Feature",
   "geometry": {
    "type": "Point",
    "coordinates": [
     -76.5378224,
     3.3851686
    ]
   },
   "properties": {
    "kind": "market",
    "name": "Alkosto",
    "address": "Calle 13 # 80-60",
    "phone": null,
    "capacity": null,
    "source": "osm",
    "source_ref": "relation/6117422",
    "source_url": "https://www.openstreetmap.org/relation/6117422"
   }
  },
  {
   "type": "Feature",
   "geometry": {
    "type": "Point",
    "coordinates": [
     -76.5253656,
     3.3933211
    ]
   },
   "properties": {
    "kind": "medical",
    "name": "IPS Clínica Amiga",
    "address": null,
    "phone": null,
    "capacity": null,
    "source": "osm",
    "source_ref": "relation/6117463",
    "source_url": "https://www.openstreetmap.org/relation/6117463"
   }
  },
  {
   "type": "Feature",
   "geometry": {
    "type": "Point",
    "coordinates": [
     -76.5235386,
     3.3684443
    ]
   },
   "properties": {
    "kind": "market",
    "name": "Éxito Valle del Lili",
    "address": null,
    "phone": null,
    "capacity": null,
    "source": "osm",
    "source_ref": "relation/6119668",
    "source_url": "https://www.openstreetmap.org/relation/6119668"
   }
  },
  {
   "type": "Feature",
   "geometry": {
    "type": "Point",
    "coordinates": [
     -76.5332999,
     3.3741477
    ]
   },
   "properties": {
    "kind": "shelter_candidate",
    "name": "Universidad del Valle - Sede Melendez",
    "address": null,
    "phone": null,
    "capacity": null,
    "source": "osm",
    "source_ref": "relation/6119670",
    "source_url": "https://www.openstreetmap.org/relation/6119670"
   }
  },
  {
   "type": "Feature",
   "geometry": {
    "type": "Point",
    "coordinates": [
     -76.5468509,
     3.3922637
    ]
   },
   "properties": {
    "kind": "shelter_candidate",
    "name": "Colegio Central de Comercio y Bachillerato",
    "address": null,
    "phone": null,
    "capacity": null,
    "source": "osm",
    "source_ref": "relation/6130445",
    "source_url": "https://www.openstreetmap.org/relation/6130445"
   }
  },
  {
   "type": "Feature",
   "geometry": {
    "type": "Point",
    "coordinates": [
     -76.5465783,
     3.4058734
    ]
   },
   "properties": {
    "kind": "market",
    "name": "MercaMIO",
    "address": null,
    "phone": null,
    "capacity": null,
    "source": "osm",
    "source_ref": "relation/6130529",
    "source_url": "https://www.openstreetmap.org/relation/6130529"
   }
  },
  {
   "type": "Feature",
   "geometry": {
    "type": "Point",
    "coordinates": [
     -76.552021,
     3.3923948
    ]
   },
   "properties": {
    "kind": "medical",
    "name": "E.S.E. HOSPITAL GERIÁTRICO ANCIANATO SAN MIGUEL",
    "address": null,
    "phone": null,
    "capacity": null,
    "source": "osm",
    "source_ref": "relation/6132974",
    "source_url": "https://www.openstreetmap.org/relation/6132974"
   }
  },
  {
   "type": "Feature",
   "geometry": {
    "type": "Point",
    "coordinates": [
     -76.5454888,
     3.387352
    ]
   },
   "properties": {
    "kind": "medical",
    "name": "ESE Hospital Psiquiatrico Universitario del Valle",
    "address": null,
    "phone": null,
    "capacity": null,
    "source": "osm",
    "source_ref": "relation/6132975",
    "source_url": "https://www.openstreetmap.org/relation/6132975"
   }
  },
  {
   "type": "Feature",
   "geometry": {
    "type": "Point",
    "coordinates": [
     -76.5457129,
     3.3888715
    ]
   },
   "properties": {
    "kind": "medical",
    "name": "Complejo Integral de Salud Pública Anibal Patiño Rodriguez",
    "address": null,
    "phone": null,
    "capacity": null,
    "source": "osm",
    "source_ref": "relation/6132976",
    "source_url": "https://www.openstreetmap.org/relation/6132976"
   }
  },
  {
   "type": "Feature",
   "geometry": {
    "type": "Point",
    "coordinates": [
     -76.5299752,
     3.4603404
    ]
   },
   "properties": {
    "kind": "medical",
    "name": "IPS Clínica de Occidente",
    "address": null,
    "phone": null,
    "capacity": null,
    "source": "osm",
    "source_ref": "relation/6135876",
    "source_url": "https://www.openstreetmap.org/relation/6135876"
   }
  },
  {
   "type": "Feature",
   "geometry": {
    "type": "Point",
    "coordinates": [
     -76.5169927,
     3.3782901
    ]
   },
   "properties": {
    "kind": "medical",
    "name": "Policlinica",
    "address": "Calle 48 86-08, Cali",
    "phone": null,
    "capacity": null,
    "source": "osm",
    "source_ref": "relation/6135918",
    "source_url": "https://www.openstreetmap.org/relation/6135918"
   }
  },
  {
   "type": "Feature",
   "geometry": {
    "type": "Point",
    "coordinates": [
     -76.5490584,
     3.3949724
    ]
   },
   "properties": {
    "kind": "shelter_candidate",
    "name": "I.E. Politécnico Municipal - Sede Jhon F. Kennedy",
    "address": "Carrera 68 3-83, Cali",
    "phone": null,
    "capacity": null,
    "source": "osm",
    "source_ref": "relation/6138471",
    "source_url": "https://www.openstreetmap.org/relation/6138471"
   }
  },
  {
   "type": "Feature",
   "geometry": {
    "type": "Point",
    "coordinates": [
     -76.5491462,
     3.3955714
    ]
   },
   "properties": {
    "kind": "shelter_candidate",
    "name": "Colegio Parroquial Divino Salvador",
    "address": null,
    "phone": null,
    "capacity": null,
    "source": "osm",
    "source_ref": "relation/6138472",
    "source_url": "https://www.openstreetmap.org/relation/6138472"
   }
  },
  {
   "type": "Feature",
   "geometry": {
    "type": "Point",
    "coordinates": [
     -76.5517287,
     3.3964186
    ]
   },
   "properties": {
    "kind": "shelter_candidate",
    "name": "Colegio San José Servas del Santísimo y de los caidos",
    "address": null,
    "phone": null,
    "capacity": null,
    "source": "osm",
    "source_ref": "relation/6138473",
    "source_url": "https://www.openstreetmap.org/relation/6138473"
   }
  },
  {
   "type": "Feature",
   "geometry": {
    "type": "Point",
    "coordinates": [
     -76.5545977,
     3.3907096
    ]
   },
   "properties": {
    "kind": "shelter_candidate",
    "name": "Escuela Alvaro Escobar Navia",
    "address": null,
    "phone": null,
    "capacity": null,
    "source": "osm",
    "source_ref": "relation/6138655",
    "source_url": "https://www.openstreetmap.org/relation/6138655"
   }
  },
  {
   "type": "Feature",
   "geometry": {
    "type": "Point",
    "coordinates": [
     -76.5543622,
     3.3909077
    ]
   },
   "properties": {
    "kind": "medical",
    "name": "Puesto de Salud de Lourdes",
    "address": null,
    "phone": null,
    "capacity": null,
    "source": "osm",
    "source_ref": "relation/6138656",
    "source_url": "https://www.openstreetmap.org/relation/6138656"
   }
  },
  {
   "type": "Feature",
   "geometry": {
    "type": "Point",
    "coordinates": [
     -76.5483873,
     3.3913877
    ]
   },
   "properties": {
    "kind": "shelter_candidate",
    "name": "I.E. Politécnico Municipal - Sede Célimo Rueda",
    "address": "Carrera 73 3-94, Cali",
    "phone": null,
    "capacity": null,
    "source": "osm",
    "source_ref": "relation/6138716",
    "source_url": "https://www.openstreetmap.org/relation/6138716"
   }
  },
  {
   "type": "Feature",
   "geometry": {
    "type": "Point",
    "coordinates": [
     -76.5477171,
     3.3904047
    ]
   },
   "properties": {
    "kind": "shelter_candidate",
    "name": "Colegio El Hogar",
    "address": null,
    "phone": null,
    "capacity": null,
    "source": "osm",
    "source_ref": "relation/6138717",
    "source_url": "https://www.openstreetmap.org/relation/6138717"
   }
  },
  {
   "type": "Feature",
   "geometry": {
    "type": "Point",
    "coordinates": [
     -76.5569888,
     3.4266806
    ]
   },
   "properties": {
    "kind": "shelter_candidate",
    "name": "Escuela Manuel María Buenaventura",
    "address": null,
    "phone": null,
    "capacity": null,
    "source": "osm",
    "source_ref": "relation/6151503",
    "source_url": "https://www.openstreetmap.org/relation/6151503"
   }
  },
  {
   "type": "Feature",
   "geometry": {
    "type": "Point",
    "coordinates": [
     -76.5617943,
     3.4108505
    ]
   },
   "properties": {
    "kind": "shelter_candidate",
    "name": "Institucion Técnica Multiproposito",
    "address": null,
    "phone": null,
    "capacity": null,
    "source": "osm",
    "source_ref": "relation/6151608",
    "source_url": "https://www.openstreetmap.org/relation/6151608"
   }
  },
  {
   "type": "Feature",
   "geometry": {
    "type": "Point",
    "coordinates": [
     -76.5579468,
     3.4124676
    ]
   },
   "properties": {
    "kind": "shelter_candidate",
    "name": "Colegio NuestraSeñora de Chiquinquira",
    "address": null,
    "phone": null,
    "capacity": null,
    "source": "osm",
    "source_ref": "relation/6151612",
    "source_url": "https://www.openstreetmap.org/relation/6151612"
   }
  },
  {
   "type": "Feature",
   "geometry": {
    "type": "Point",
    "coordinates": [
     -76.553442,
     3.4088112
    ]
   },
   "properties": {
    "kind": "shelter_candidate",
    "name": "Fundación Universitaria Seminario Teológico Bautista Internacional",
    "address": "Carrera 56 1B-112, Cali",
    "phone": null,
    "capacity": null,
    "source": "osm",
    "source_ref": "relation/6151643",
    "source_url": "https://www.openstreetmap.org/relation/6151643"
   }
  },
  {
   "type": "Feature",
   "geometry": {
    "type": "Point",
    "coordinates": [
     -76.5649144,
     3.4093884
    ]
   },
   "properties": {
    "kind": "shelter_candidate",
    "name": "Hogar Geriatrico Abuelitos",
    "address": null,
    "phone": null,
    "capacity": null,
    "source": "osm",
    "source_ref": "relation/6151665",
    "source_url": "https://www.openstreetmap.org/relation/6151665"
   }
  },
  {
   "type": "Feature",
   "geometry": {
    "type": "Point",
    "coordinates": [
     -76.5648867,
     3.4097425
    ]
   },
   "properties": {
    "kind": "shelter_candidate",
    "name": "Hogar Geriatrico El Buen Vivir",
    "address": null,
    "phone": null,
    "capacity": null,
    "source": "osm",
    "source_ref": "relation/6151666",
    "source_url": "https://www.openstreetmap.org/relation/6151666"
   }
  },
  {
   "type": "Feature",
   "geometry": {
    "type": "Point",
    "coordinates": [
     -76.5654453,
     3.4071966
    ]
   },
   "properties": {
    "kind": "shelter_candidate",
    "name": "Colegio Guías",
    "address": null,
    "phone": null,
    "capacity": null,
    "source": "osm",
    "source_ref": "relation/6151674",
    "source_url": "https://www.openstreetmap.org/relation/6151674"
   }
  },
  {
   "type": "Feature",
   "geometry": {
    "type": "Point",
    "coordinates": [
     -76.5616608,
     3.41489
    ]
   },
   "properties": {
    "kind": "shelter_candidate",
    "name": "Colegio Juan Pablo II",
    "address": null,
    "phone": null,
    "capacity": null,
    "source": "osm",
    "source_ref": "relation/6151686",
    "source_url": "https://www.openstreetmap.org/relation/6151686"
   }
  },
  {
   "type": "Feature",
   "geometry": {
    "type": "Point",
    "coordinates": [
     -76.5684913,
     3.4145877
    ]
   },
   "properties": {
    "kind": "shelter_candidate",
    "name": "Grupo de carabineros y guías caninos",
    "address": null,
    "phone": null,
    "capacity": null,
    "source": "osm",
    "source_ref": "relation/6151687",
    "source_url": "https://www.openstreetmap.org/relation/6151687"
   }
  },
  {
   "type": "Feature",
   "geometry": {
    "type": "Point",
    "coordinates": [
     -76.562874,
     3.4151818
    ]
   },
   "properties": {
    "kind": "shelter_candidate",
    "name": "Centro Docente Republica de Panamá",
    "address": null,
    "phone": null,
    "capacity": null,
    "source": "osm",
    "source_ref": "relation/6151691",
    "source_url": "https://www.openstreetmap.org/relation/6151691"
   }
  },
  {
   "type": "Feature",
   "geometry": {
    "type": "Point",
    "coordinates": [
     -76.5705301,
     3.4099596
    ]
   },
   "properties": {
    "kind": "shelter_candidate",
    "name": "Colegio Ideas",
    "address": null,
    "phone": null,
    "capacity": null,
    "source": "osm",
    "source_ref": "relation/6152819",
    "source_url": "https://www.openstreetmap.org/relation/6152819"
   }
  },
  {
   "type": "Feature",
   "geometry": {
    "type": "Point",
    "coordinates": [
     -76.5273037,
     3.4701706
    ]
   },
   "properties": {
    "kind": "shelter_candidate",
    "name": "Antonio José Camacho",
    "address": null,
    "phone": null,
    "capacity": null,
    "source": "osm",
    "source_ref": "relation/6188220",
    "source_url": "https://www.openstreetmap.org/relation/6188220"
   }
  },
  {
   "type": "Feature",
   "geometry": {
    "type": "Point",
    "coordinates": [
     -76.536284,
     3.426234
    ]
   },
   "properties": {
    "kind": "shelter_candidate",
    "name": "IU-Escuela Nacional del Deporte",
    "address": null,
    "phone": null,
    "capacity": null,
    "source": "osm",
    "source_ref": "relation/6193312",
    "source_url": "https://www.openstreetmap.org/relation/6193312"
   }
  },
  {
   "type": "Feature",
   "geometry": {
    "type": "Point",
    "coordinates": [
     -76.5384543,
     3.4270846
    ]
   },
   "properties": {
    "kind": "medical",
    "name": "Clínica Rey David",
    "address": null,
    "phone": null,
    "capacity": null,
    "source": "osm",
    "source_ref": "relation/6203247",
    "source_url": "https://www.openstreetmap.org/relation/6203247"
   }
  },
  {
   "type": "Feature",
   "geometry": {
    "type": "Point",
    "coordinates": [
     -76.5349609,
     3.4295632
    ]
   },
   "properties": {
    "kind": "shelter_candidate",
    "name": "Fundación Centro Colombiano de Estudios Profesionales Cecep",
    "address": "Calle 9B 29A-67, Cali",
    "phone": null,
    "capacity": null,
    "source": "osm",
    "source_ref": "relation/6205769",
    "source_url": "https://www.openstreetmap.org/relation/6205769"
   }
  },
  {
   "type": "Feature",
   "geometry": {
    "type": "Point",
    "coordinates": [
     -76.5363473,
     3.4288711
    ]
   },
   "properties": {
    "kind": "medical",
    "name": "Corporacion IPS Saludcoop - Clínica Cali Calle 9",
    "address": null,
    "phone": null,
    "capacity": null,
    "source": "osm",
    "source_ref": "relation/6205770",
    "source_url": "https://www.openstreetmap.org/relation/6205770"
   }
  },
  {
   "type": "Feature",
   "geometry": {
    "type": "Point",
    "coordinates": [
     -76.5440083,
     3.4237423
    ]
   },
   "properties": {
    "kind": "medical",
    "name": "IPS Centro Medico Imbanaco S.A.",
    "address": null,
    "phone": null,
    "capacity": null,
    "source": "osm",
    "source_ref": "relation/6205777",
    "source_url": "https://www.openstreetmap.org/relation/6205777"
   }
  },
  {
   "type": "Feature",
   "geometry": {
    "type": "Point",
    "coordinates": [
     -76.4999072,
     3.4673449
    ]
   },
   "properties": {
    "kind": "shelter_candidate",
    "name": "Servicio Nacional de Aprendizaje – SENA. Complejo Salomia",
    "address": "Calle 52, Cali",
    "phone": null,
    "capacity": null,
    "source": "osm",
    "source_ref": "relation/6565646",
    "source_url": "https://www.openstreetmap.org/relation/6565646"
   }
  },
  {
   "type": "Feature",
   "geometry": {
    "type": "Point",
    "coordinates": [
     -76.4886445,
     3.4573026
    ]
   },
   "properties": {
    "kind": "shelter_candidate",
    "name": "Institución Educativa Manuel María Mallarino",
    "address": null,
    "phone": null,
    "capacity": null,
    "source": "osm",
    "source_ref": "relation/6645335",
    "source_url": "https://www.openstreetmap.org/relation/6645335"
   }
  },
  {
   "type": "Feature",
   "geometry": {
    "type": "Point",
    "coordinates": [
     -76.5162678,
     3.4786038
    ]
   },
   "properties": {
    "kind": "shelter_candidate",
    "name": "Colegio Miguel Camacho Perea",
    "address": null,
    "phone": null,
    "capacity": null,
    "source": "osm",
    "source_ref": "relation/6654794",
    "source_url": "https://www.openstreetmap.org/relation/6654794"
   }
  },
  {
   "type": "Feature",
   "geometry": {
    "type": "Point",
    "coordinates": [
     -76.5225642,
     3.4733892
    ]
   },
   "properties": {
    "kind": "shelter_candidate",
    "name": "Colegio Hispanoamericano",
    "address": null,
    "phone": null,
    "capacity": null,
    "source": "osm",
    "source_ref": "relation/6656419",
    "source_url": "https://www.openstreetmap.org/relation/6656419"
   }
  },
  {
   "type": "Feature",
   "geometry": {
    "type": "Point",
    "coordinates": [
     -76.5197611,
     3.4790354
    ]
   },
   "properties": {
    "kind": "shelter_candidate",
    "name": "Colegio Leonistico",
    "address": null,
    "phone": null,
    "capacity": null,
    "source": "osm",
    "source_ref": "relation/6656451",
    "source_url": "https://www.openstreetmap.org/relation/6656451"
   }
  },
  {
   "type": "Feature",
   "geometry": {
    "type": "Point",
    "coordinates": [
     -76.5201739,
     3.4786364
    ]
   },
   "properties": {
    "kind": "shelter_candidate",
    "name": "Juan XXIII",
    "address": null,
    "phone": null,
    "capacity": null,
    "source": "osm",
    "source_ref": "relation/6656452",
    "source_url": "https://www.openstreetmap.org/relation/6656452"
   }
  },
  {
   "type": "Feature",
   "geometry": {
    "type": "Point",
    "coordinates": [
     -76.521509,
     3.4869982
    ]
   },
   "properties": {
    "kind": "shelter_candidate",
    "name": "Liceo francés \"Paul Valéry\"",
    "address": "Calle 50N 4 AN - 56, Cali",
    "phone": "+57-2485-58-50",
    "capacity": null,
    "source": "osm",
    "source_ref": "relation/6656668",
    "source_url": "https://www.openstreetmap.org/relation/6656668"
   }
  },
  {
   "type": "Feature",
   "geometry": {
    "type": "Point",
    "coordinates": [
     -76.5086268,
     3.4880771
    ]
   },
   "properties": {
    "kind": "shelter_candidate",
    "name": "Institucion Educativa Republica De Francia",
    "address": null,
    "phone": null,
    "capacity": null,
    "source": "osm",
    "source_ref": "relation/6657250",
    "source_url": "https://www.openstreetmap.org/relation/6657250"
   }
  },
  {
   "type": "Feature",
   "geometry": {
    "type": "Point",
    "coordinates": [
     -76.5055821,
     3.4870716
    ]
   },
   "properties": {
    "kind": "shelter_candidate",
    "name": "Institucion Educativa Santa Cecilia",
    "address": null,
    "phone": null,
    "capacity": null,
    "source": "osm",
    "source_ref": "relation/6657251",
    "source_url": "https://www.openstreetmap.org/relation/6657251"
   }
  },
  {
   "type": "Feature",
   "geometry": {
    "type": "Point",
    "coordinates": [
     -76.5363229,
     3.4475593
    ]
   },
   "properties": {
    "kind": "medical",
    "name": "Clínica Comfenalco",
    "address": "Calle 5 6-63, Santiago de Cali",
    "phone": null,
    "capacity": null,
    "source": "osm",
    "source_ref": "relation/6660125",
    "source_url": "https://www.openstreetmap.org/relation/6660125"
   }
  },
  {
   "type": "Feature",
   "geometry": {
    "type": "Point",
    "coordinates": [
     -76.5629046,
     3.4098096
    ]
   },
   "properties": {
    "kind": "shelter_candidate",
    "name": "Kiosco comunal barrio Cañaveral",
    "address": null,
    "phone": null,
    "capacity": null,
    "source": "osm",
    "source_ref": "relation/6660558",
    "source_url": "https://www.openstreetmap.org/relation/6660558"
   }
  },
  {
   "type": "Feature",
   "geometry": {
    "type": "Point",
    "coordinates": [
     -76.5392764,
     3.4444814
    ]
   },
   "properties": {
    "kind": "shelter_candidate",
    "name": "Hogar Infantil Casita de Ruiseñores",
    "address": null,
    "phone": null,
    "capacity": null,
    "source": "osm",
    "source_ref": "relation/6666593",
    "source_url": "https://www.openstreetmap.org/relation/6666593"
   }
  },
  {
   "type": "Feature",
   "geometry": {
    "type": "Point",
    "coordinates": [
     -76.5316643,
     3.3592809
    ]
   },
   "properties": {
    "kind": "shelter_candidate",
    "name": "Bennett School",
    "address": "Avenida Cascajal, Calle Alferez Real, Ciudad Jardin",
    "phone": null,
    "capacity": null,
    "source": "osm",
    "source_ref": "relation/6775328",
    "source_url": "https://www.openstreetmap.org/relation/6775328"
   }
  },
  {
   "type": "Feature",
   "geometry": {
    "type": "Point",
    "coordinates": [
     -76.5292179,
     3.3409879
    ]
   },
   "properties": {
    "kind": "shelter_candidate",
    "name": "Universidad Icesi",
    "address": null,
    "phone": null,
    "capacity": null,
    "source": "osm",
    "source_ref": "relation/6784907",
    "source_url": "https://www.openstreetmap.org/relation/6784907"
   }
  },
  {
   "type": "Feature",
   "geometry": {
    "type": "Point",
    "coordinates": [
     -76.5324693,
     3.3468521
    ]
   },
   "properties": {
    "kind": "shelter_candidate",
    "name": "Pontificia Universidad Javeriana",
    "address": "Cañasgordas 118-250, Cali",
    "phone": "3218200",
    "capacity": null,
    "source": "osm",
    "source_ref": "relation/6784925",
    "source_url": "https://www.openstreetmap.org/relation/6784925"
   }
  },
  {
   "type": "Feature",
   "geometry": {
    "type": "Point",
    "coordinates": [
     -76.5147847,
     3.4658123
    ]
   },
   "properties": {
    "kind": "market",
    "name": "Makro",
    "address": null,
    "phone": null,
    "capacity": null,
    "source": "osm",
    "source_ref": "relation/7025045",
    "source_url": "https://www.openstreetmap.org/relation/7025045"
   }
  },
  {
   "type": "Feature",
   "geometry": {
    "type": "Point",
    "coordinates": [
     -76.5173387,
     3.4675421
    ]
   },
   "properties": {
    "kind": "shelter_candidate",
    "name": "Institución Educativa Técnico Industrial 20 de Julio",
    "address": null,
    "phone": null,
    "capacity": null,
    "source": "osm",
    "source_ref": "relation/7025108",
    "source_url": "https://www.openstreetmap.org/relation/7025108"
   }
  },
  {
   "type": "Feature",
   "geometry": {
    "type": "Point",
    "coordinates": [
     -76.5173042,
     3.4666835
    ]
   },
   "properties": {
    "kind": "shelter_candidate",
    "name": "Santo Tomás (CASD )",
    "address": null,
    "phone": null,
    "capacity": null,
    "source": "osm",
    "source_ref": "relation/7025110",
    "source_url": "https://www.openstreetmap.org/relation/7025110"
   }
  },
  {
   "type": "Feature",
   "geometry": {
    "type": "Point",
    "coordinates": [
     -76.5187758,
     3.4687553
    ]
   },
   "properties": {
    "kind": "shelter_candidate",
    "name": "ICBF Regional Valle",
    "address": null,
    "phone": null,
    "capacity": null,
    "source": "osm",
    "source_ref": "relation/7025117",
    "source_url": "https://www.openstreetmap.org/relation/7025117"
   }
  },
  {
   "type": "Feature",
   "geometry": {
    "type": "Point",
    "coordinates": [
     -76.5178985,
     3.3498723
    ]
   },
   "properties": {
    "kind": "shelter_candidate",
    "name": "Colegio Franciscano Pío XII",
    "address": "Santiago de Cali",
    "phone": null,
    "capacity": null,
    "source": "osm",
    "source_ref": "relation/7346436",
    "source_url": "https://www.openstreetmap.org/relation/7346436"
   }
  },
  {
   "type": "Feature",
   "geometry": {
    "type": "Point",
    "coordinates": [
     -76.5201615,
     3.3521147
    ]
   },
   "properties": {
    "kind": "shelter_candidate",
    "name": "Colegio Sagrado Corazón de Jesús Valle del Lili",
    "address": "Carrera 166 25-50, Santiago de Cali",
    "phone": null,
    "capacity": null,
    "source": "osm",
    "source_ref": "relation/7346438",
    "source_url": "https://www.openstreetmap.org/relation/7346438"
   }
  },
  {
   "type": "Feature",
   "geometry": {
    "type": "Point",
    "coordinates": [
     -76.5579613,
     3.3870944
    ]
   },
   "properties": {
    "kind": "medical",
    "name": "Hospital Departamental Mario Correa Rengifo",
    "address": null,
    "phone": "3180020-3230090",
    "capacity": null,
    "source": "osm",
    "source_ref": "relation/7416528",
    "source_url": "https://www.openstreetmap.org/relation/7416528"
   }
  },
  {
   "type": "Feature",
   "geometry": {
    "type": "Point",
    "coordinates": [
     -76.5554533,
     3.3381242
    ]
   },
   "properties": {
    "kind": "shelter_candidate",
    "name": "Colegio La Arboleda",
    "address": "Cali",
    "phone": null,
    "capacity": null,
    "source": "osm",
    "source_ref": "relation/7589316",
    "source_url": "https://www.openstreetmap.org/relation/7589316"
   }
  },
  {
   "type": "Feature",
   "geometry": {
    "type": "Point",
    "coordinates": [
     -76.5338683,
     3.4426946
    ]
   },
   "properties": {
    "kind": "shelter_candidate",
    "name": "Colegio San Juan Bosco",
    "address": null,
    "phone": null,
    "capacity": null,
    "source": "osm",
    "source_ref": "relation/7669716",
    "source_url": "https://www.openstreetmap.org/relation/7669716"
   }
  },
  {
   "type": "Feature",
   "geometry": {
    "type": "Point",
    "coordinates": [
     -76.5296213,
     3.4407218
    ]
   },
   "properties": {
    "kind": "shelter_candidate",
    "name": "IETI Antonio José Camacho",
    "address": null,
    "phone": null,
    "capacity": null,
    "source": "osm",
    "source_ref": "relation/7669859",
    "source_url": "https://www.openstreetmap.org/relation/7669859"
   }
  },
  {
   "type": "Feature",
   "geometry": {
    "type": "Point",
    "coordinates": [
     -76.5440265,
     3.4423458
    ]
   },
   "properties": {
    "kind": "shelter_candidate",
    "name": "Escuela Normal Superior Los Farallones",
    "address": null,
    "phone": null,
    "capacity": null,
    "source": "osm",
    "source_ref": "relation/7670011",
    "source_url": "https://www.openstreetmap.org/relation/7670011"
   }
  },
  {
   "type": "Feature",
   "geometry": {
    "type": "Point",
    "coordinates": [
     -76.5289971,
     3.36112
    ]
   },
   "properties": {
    "kind": "shelter_candidate",
    "name": "Colegio Aleman Cali",
    "address": null,
    "phone": null,
    "capacity": null,
    "source": "osm",
    "source_ref": "relation/7950159",
    "source_url": "https://www.openstreetmap.org/relation/7950159"
   }
  },
  {
   "type": "Feature",
   "geometry": {
    "type": "Point",
    "coordinates": [
     -76.5358983,
     3.3167485
    ]
   },
   "properties": {
    "kind": "shelter_candidate",
    "name": "Colegio Británico British School",
    "address": null,
    "phone": null,
    "capacity": null,
    "source": "osm",
    "source_ref": "relation/7950229",
    "source_url": "https://www.openstreetmap.org/relation/7950229"
   }
  },
  {
   "type": "Feature",
   "geometry": {
    "type": "Point",
    "coordinates": [
     -76.5341665,
     3.3263506
    ]
   },
   "properties": {
    "kind": "shelter_candidate",
    "name": "San Francisco de Asis",
    "address": null,
    "phone": null,
    "capacity": null,
    "source": "osm",
    "source_ref": "relation/7950230",
    "source_url": "https://www.openstreetmap.org/relation/7950230"
   }
  },
  {
   "type": "Feature",
   "geometry": {
    "type": "Point",
    "coordinates": [
     -76.5321688,
     3.3284007
    ]
   },
   "properties": {
    "kind": "shelter_candidate",
    "name": "Colegio Coomeva",
    "address": null,
    "phone": null,
    "capacity": null,
    "source": "osm",
    "source_ref": "relation/7950231",
    "source_url": "https://www.openstreetmap.org/relation/7950231"
   }
  },
  {
   "type": "Feature",
   "geometry": {
    "type": "Point",
    "coordinates": [
     -76.5209113,
     3.3536823
    ]
   },
   "properties": {
    "kind": "shelter_candidate",
    "name": "Universidad Autónoma de Occidente",
    "address": null,
    "phone": null,
    "capacity": null,
    "source": "osm",
    "source_ref": "relation/7961927",
    "source_url": "https://www.openstreetmap.org/relation/7961927"
   }
  },
  {
   "type": "Feature",
   "geometry": {
    "type": "Point",
    "coordinates": [
     -76.527955,
     3.4550039
    ]
   },
   "properties": {
    "kind": "medical",
    "name": "Hospital de San Juan de Dios cali",
    "address": null,
    "phone": null,
    "capacity": null,
    "source": "osm",
    "source_ref": "relation/8108764",
    "source_url": "https://www.openstreetmap.org/relation/8108764"
   }
  },
  {
   "type": "Feature",
   "geometry": {
    "type": "Point",
    "coordinates": [
     -76.4864736,
     3.4693564
    ]
   },
   "properties": {
    "kind": "market",
    "name": "METRO - Calle 70",
    "address": null,
    "phone": null,
    "capacity": null,
    "source": "osm",
    "source_ref": "relation/8131214",
    "source_url": "https://www.openstreetmap.org/relation/8131214"
   }
  },
  {
   "type": "Feature",
   "geometry": {
    "type": "Point",
    "coordinates": [
     -76.5342565,
     3.3924844
    ]
   },
   "properties": {
    "kind": "shelter_candidate",
    "name": "Colegio Reyes Católicos",
    "address": null,
    "phone": null,
    "capacity": null,
    "source": "osm",
    "source_ref": "relation/8134860",
    "source_url": "https://www.openstreetmap.org/relation/8134860"
   }
  },
  {
   "type": "Feature",
   "geometry": {
    "type": "Point",
    "coordinates": [
     -76.5492473,
     3.4266091
    ]
   },
   "properties": {
    "kind": "shelter_candidate",
    "name": "Colegio Stella Maris",
    "address": null,
    "phone": null,
    "capacity": null,
    "source": "osm",
    "source_ref": "relation/8223799",
    "source_url": "https://www.openstreetmap.org/relation/8223799"
   }
  },
  {
   "type": "Feature",
   "geometry": {
    "type": "Point",
    "coordinates": [
     -76.5497456,
     3.4275967
    ]
   },
   "properties": {
    "kind": "shelter_candidate",
    "name": "Universidad Libre",
    "address": null,
    "phone": null,
    "capacity": null,
    "source": "osm",
    "source_ref": "relation/8223800",
    "source_url": "https://www.openstreetmap.org/relation/8223800"
   }
  },
  {
   "type": "Feature",
   "geometry": {
    "type": "Point",
    "coordinates": [
     -76.5386871,
     3.3714644
    ]
   },
   "properties": {
    "kind": "market",
    "name": "Carulla",
    "address": null,
    "phone": null,
    "capacity": null,
    "source": "osm",
    "source_ref": "relation/8502057",
    "source_url": "https://www.openstreetmap.org/relation/8502057"
   }
  },
  {
   "type": "Feature",
   "geometry": {
    "type": "Point",
    "coordinates": [
     -76.5561549,
     3.4109553
    ]
   },
   "properties": {
    "kind": "shelter_candidate",
    "name": "Colegio El Amparo",
    "address": null,
    "phone": null,
    "capacity": null,
    "source": "osm",
    "source_ref": "relation/8529764",
    "source_url": "https://www.openstreetmap.org/relation/8529764"
   }
  },
  {
   "type": "Feature",
   "geometry": {
    "type": "Point",
    "coordinates": [
     -76.5529869,
     3.4165609
    ]
   },
   "properties": {
    "kind": "responder",
    "name": "Distrito Estación de Policia El Lido",
    "address": null,
    "phone": null,
    "capacity": null,
    "source": "osm",
    "source_ref": "relation/8693459",
    "source_url": "https://www.openstreetmap.org/relation/8693459"
   }
  },
  {
   "type": "Feature",
   "geometry": {
    "type": "Point",
    "coordinates": [
     -76.5540139,
     3.417604
    ]
   },
   "properties": {
    "kind": "medical",
    "name": "Centro de salud Siloe",
    "address": null,
    "phone": "6080124",
    "capacity": null,
    "source": "osm",
    "source_ref": "relation/8693691",
    "source_url": "https://www.openstreetmap.org/relation/8693691"
   }
  },
  {
   "type": "Feature",
   "geometry": {
    "type": "Point",
    "coordinates": [
     -76.5536074,
     3.4171423
    ]
   },
   "properties": {
    "kind": "shelter_candidate",
    "name": "Institución Educativa Juana de Caicedo y Cuero",
    "address": null,
    "phone": null,
    "capacity": null,
    "source": "osm",
    "source_ref": "relation/8693692",
    "source_url": "https://www.openstreetmap.org/relation/8693692"
   }
  },
  {
   "type": "Feature",
   "geometry": {
    "type": "Point",
    "coordinates": [
     -76.5520944,
     3.4161159
    ]
   },
   "properties": {
    "kind": "shelter_candidate",
    "name": "Institución Educativa Eustaquio Palacios",
    "address": null,
    "phone": null,
    "capacity": null,
    "source": "osm",
    "source_ref": "relation/8693693",
    "source_url": "https://www.openstreetmap.org/relation/8693693"
   }
  },
  {
   "type": "Feature",
   "geometry": {
    "type": "Point",
    "coordinates": [
     -76.4698098,
     3.4072531
    ]
   },
   "properties": {
    "kind": "medical",
    "name": "Centro de Salud Potrero Grande",
    "address": "Carrera 28D 123-00, Santiago de Cali",
    "phone": "+57 2 437 7777",
    "capacity": null,
    "source": "osm",
    "source_ref": "relation/8696728",
    "source_url": "https://www.openstreetmap.org/relation/8696728"
   }
  },
  {
   "type": "Feature",
   "geometry": {
    "type": "Point",
    "coordinates": [
     -76.4692524,
     3.4076177
    ]
   },
   "properties": {
    "kind": "shelter_candidate",
    "name": "Institución Educativa Nelson Garcés Vernaza",
    "address": null,
    "phone": null,
    "capacity": null,
    "source": "osm",
    "source_ref": "relation/8696835",
    "source_url": "https://www.openstreetmap.org/relation/8696835"
   }
  },
  {
   "type": "Feature",
   "geometry": {
    "type": "Point",
    "coordinates": [
     -76.4711166,
     3.4100751
    ]
   },
   "properties": {
    "kind": "shelter_candidate",
    "name": "Tecnocentro Cultural Somos Pacífico",
    "address": null,
    "phone": null,
    "capacity": null,
    "source": "osm",
    "source_ref": "relation/8697586",
    "source_url": "https://www.openstreetmap.org/relation/8697586"
   }
  },
  {
   "type": "Feature",
   "geometry": {
    "type": "Point",
    "coordinates": [
     -76.5047153,
     3.4021224
    ]
   },
   "properties": {
    "kind": "market",
    "name": "La Gran Colombia",
    "address": null,
    "phone": null,
    "capacity": null,
    "source": "osm",
    "source_ref": "relation/8697722",
    "source_url": "https://www.openstreetmap.org/relation/8697722"
   }
  },
  {
   "type": "Feature",
   "geometry": {
    "type": "Point",
    "coordinates": [
     -76.4855899,
     3.4117729
    ]
   },
   "properties": {
    "kind": "medical",
    "name": "ESE Hospital Isaias Duarte Cancino",
    "address": null,
    "phone": null,
    "capacity": null,
    "source": "osm",
    "source_ref": "relation/8708541",
    "source_url": "https://www.openstreetmap.org/relation/8708541"
   }
  },
  {
   "type": "Feature",
   "geometry": {
    "type": "Point",
    "coordinates": [
     -76.4869543,
     3.4110138
    ]
   },
   "properties": {
    "kind": "shelter_candidate",
    "name": "Institucion Educativa Isaias Duarte Cancino",
    "address": null,
    "phone": null,
    "capacity": null,
    "source": "osm",
    "source_ref": "relation/8708542",
    "source_url": "https://www.openstreetmap.org/relation/8708542"
   }
  },
  {
   "type": "Feature",
   "geometry": {
    "type": "Point",
    "coordinates": [
     -76.4754985,
     3.4100564
    ]
   },
   "properties": {
    "kind": "shelter_candidate",
    "name": "Colegio Villa Mercedes",
    "address": null,
    "phone": null,
    "capacity": null,
    "source": "osm",
    "source_ref": "relation/8708543",
    "source_url": "https://www.openstreetmap.org/relation/8708543"
   }
  },
  {
   "type": "Feature",
   "geometry": {
    "type": "Point",
    "coordinates": [
     -76.4869707,
     3.4201475
    ]
   },
   "properties": {
    "kind": "shelter_candidate",
    "name": "Ciudadela Educativa Nuevo Latir",
    "address": null,
    "phone": null,
    "capacity": null,
    "source": "osm",
    "source_ref": "relation/8708553",
    "source_url": "https://www.openstreetmap.org/relation/8708553"
   }
  },
  {
   "type": "Feature",
   "geometry": {
    "type": "Point",
    "coordinates": [
     -76.5507712,
     3.3907308
    ]
   },
   "properties": {
    "kind": "shelter_candidate",
    "name": "Universidad Cooperativa de Colombia",
    "address": null,
    "phone": null,
    "capacity": null,
    "source": "osm",
    "source_ref": "relation/8708588",
    "source_url": "https://www.openstreetmap.org/relation/8708588"
   }
  },
  {
   "type": "Feature",
   "geometry": {
    "type": "Point",
    "coordinates": [
     -76.5246307,
     3.4671942
    ]
   },
   "properties": {
    "kind": "medical",
    "name": "IPS Clínica Nueva Rafael Uribe Uribe",
    "address": null,
    "phone": null,
    "capacity": null,
    "source": "osm",
    "source_ref": "relation/8709115",
    "source_url": "https://www.openstreetmap.org/relation/8709115"
   }
  },
  {
   "type": "Feature",
   "geometry": {
    "type": "Point",
    "coordinates": [
     -76.5307626,
     3.4603768
    ]
   },
   "properties": {
    "kind": "medical",
    "name": "Núcleo Profesional",
    "address": null,
    "phone": null,
    "capacity": null,
    "source": "osm",
    "source_ref": "relation/8709243",
    "source_url": "https://www.openstreetmap.org/relation/8709243"
   }
  },
  {
   "type": "Feature",
   "geometry": {
    "type": "Point",
    "coordinates": [
     -76.5404166,
     3.3459578
    ]
   },
   "properties": {
    "kind": "shelter_candidate",
    "name": "Unicatólica",
    "address": "Carrera 122, Santiago de Cali",
    "phone": "+57 2 524 0007",
    "capacity": null,
    "source": "osm",
    "source_ref": "relation/8711332",
    "source_url": "https://www.openstreetmap.org/relation/8711332"
   }
  },
  {
   "type": "Feature",
   "geometry": {
    "type": "Point",
    "coordinates": [
     -76.5265323,
     3.3615442
    ]
   },
   "properties": {
    "kind": "shelter_candidate",
    "name": "Universidad Libre",
    "address": "Carrera 109, Santiago de Cali",
    "phone": "+57 2 524 0007",
    "capacity": null,
    "source": "osm",
    "source_ref": "relation/8711333",
    "source_url": "https://www.openstreetmap.org/relation/8711333"
   }
  },
  {
   "type": "Feature",
   "geometry": {
    "type": "Point",
    "coordinates": [
     -76.5339574,
     3.349023
    ]
   },
   "properties": {
    "kind": "shelter_candidate",
    "name": "Colegio Berchmans - Compañia de Jesús",
    "address": null,
    "phone": null,
    "capacity": null,
    "source": "osm",
    "source_ref": "relation/8715208",
    "source_url": "https://www.openstreetmap.org/relation/8715208"
   }
  },
  {
   "type": "Feature",
   "geometry": {
    "type": "Point",
    "coordinates": [
     -76.5161232,
     3.4347774
    ]
   },
   "properties": {
    "kind": "medical",
    "name": "IPS Comfandi El Prado",
    "address": null,
    "phone": "+57 2 3340000",
    "capacity": null,
    "source": "osm",
    "source_ref": "relation/8753764",
    "source_url": "https://www.openstreetmap.org/relation/8753764"
   }
  },
  {
   "type": "Feature",
   "geometry": {
    "type": "Point",
    "coordinates": [
     -76.5355761,
     3.4418093
    ]
   },
   "properties": {
    "kind": "shelter_candidate",
    "name": "Colegio Republicano de Santa Librada",
    "address": null,
    "phone": null,
    "capacity": null,
    "source": "osm",
    "source_ref": "relation/8753774",
    "source_url": "https://www.openstreetmap.org/relation/8753774"
   }
  },
  {
   "type": "Feature",
   "geometry": {
    "type": "Point",
    "coordinates": [
     -76.5279311,
     3.4642268
    ]
   },
   "properties": {
    "kind": "medical",
    "name": "Clínica Versalles",
    "address": null,
    "phone": "6809990",
    "capacity": null,
    "source": "osm",
    "source_ref": "relation/8790005",
    "source_url": "https://www.openstreetmap.org/relation/8790005"
   }
  },
  {
   "type": "Feature",
   "geometry": {
    "type": "Point",
    "coordinates": [
     -76.5383339,
     3.4209947
    ]
   },
   "properties": {
    "kind": "medical",
    "name": "Clínica Valle Salud",
    "address": null,
    "phone": null,
    "capacity": null,
    "source": "osm",
    "source_ref": "relation/8825795",
    "source_url": "https://www.openstreetmap.org/relation/8825795"
   }
  },
  {
   "type": "Feature",
   "geometry": {
    "type": "Point",
    "coordinates": [
     -76.5433946,
     3.4382081
    ]
   },
   "properties": {
    "kind": "shelter_candidate",
    "name": "Corporación Universitaria Minuto de Dios",
    "address": "Carrera 25 2-01",
    "phone": "+57 25545554",
    "capacity": null,
    "source": "osm",
    "source_ref": "relation/8830950",
    "source_url": "https://www.openstreetmap.org/relation/8830950"
   }
  },
  {
   "type": "Feature",
   "geometry": {
    "type": "Point",
    "coordinates": [
     -76.5275785,
     3.4442061
    ]
   },
   "properties": {
    "kind": "responder",
    "name": "Estación de Policía Fray Damián",
    "address": null,
    "phone": null,
    "capacity": null,
    "source": "osm",
    "source_ref": "relation/8832475",
    "source_url": "https://www.openstreetmap.org/relation/8832475"
   }
  },
  {
   "type": "Feature",
   "geometry": {
    "type": "Point",
    "coordinates": [
     -76.5208297,
     3.3421824
    ]
   },
   "properties": {
    "kind": "shelter_candidate",
    "name": "Fundación Universitaria San Martín",
    "address": null,
    "phone": null,
    "capacity": null,
    "source": "osm",
    "source_ref": "relation/8872180",
    "source_url": "https://www.openstreetmap.org/relation/8872180"
   }
  },
  {
   "type": "Feature",
   "geometry": {
    "type": "Point",
    "coordinates": [
     -76.5205682,
     3.3165918
    ]
   },
   "properties": {
    "kind": "shelter_candidate",
    "name": "Colegio Ciudadela Educativa \"La Presentación\"",
    "address": null,
    "phone": null,
    "capacity": null,
    "source": "osm",
    "source_ref": "relation/8872374",
    "source_url": "https://www.openstreetmap.org/relation/8872374"
   }
  },
  {
   "type": "Feature",
   "geometry": {
    "type": "Point",
    "coordinates": [
     -76.5169287,
     3.3815841
    ]
   },
   "properties": {
    "kind": "market",
    "name": "Supermercado Mercar",
    "address": null,
    "phone": null,
    "capacity": null,
    "source": "osm",
    "source_ref": "relation/8927608",
    "source_url": "https://www.openstreetmap.org/relation/8927608"
   }
  },
  {
   "type": "Feature",
   "geometry": {
    "type": "Point",
    "coordinates": [
     -76.5166975,
     3.387596
    ]
   },
   "properties": {
    "kind": "responder",
    "name": "Estación de Policía El Caney",
    "address": null,
    "phone": null,
    "capacity": null,
    "source": "osm",
    "source_ref": "relation/8927609",
    "source_url": "https://www.openstreetmap.org/relation/8927609"
   }
  },
  {
   "type": "Feature",
   "geometry": {
    "type": "Point",
    "coordinates": [
     -76.5171155,
     3.4258157
    ]
   },
   "properties": {
    "kind": "shelter_candidate",
    "name": "Colegio Francisco de Paula Santander",
    "address": null,
    "phone": null,
    "capacity": null,
    "source": "osm",
    "source_ref": "relation/8968221",
    "source_url": "https://www.openstreetmap.org/relation/8968221"
   }
  },
  {
   "type": "Feature",
   "geometry": {
    "type": "Point",
    "coordinates": [
     -76.5673044,
     3.4520792
    ]
   },
   "properties": {
    "kind": "shelter_candidate",
    "name": "Institición Educativa José Holguín Garcés, Sede Central",
    "address": "23-108 Avenida 4 oeste, Cali",
    "phone": null,
    "capacity": null,
    "source": "osm",
    "source_ref": "relation/9100676",
    "source_url": "https://www.openstreetmap.org/relation/9100676"
   }
  },
  {
   "type": "Feature",
   "geometry": {
    "type": "Point",
    "coordinates": [
     -76.5687806,
     3.4517986
    ]
   },
   "properties": {
    "kind": "shelter_candidate",
    "name": "I.E. José Holguín Garcés, Sede Ana María de Lloreda",
    "address": null,
    "phone": null,
    "capacity": null,
    "source": "osm",
    "source_ref": "relation/9100677",
    "source_url": "https://www.openstreetmap.org/relation/9100677"
   }
  },
  {
   "type": "Feature",
   "geometry": {
    "type": "Point",
    "coordinates": [
     -76.5690407,
     3.4512665
    ]
   },
   "properties": {
    "kind": "shelter_candidate",
    "name": "I.E. José Holguín Garcés, Sede José Acevedo y Gómez",
    "address": null,
    "phone": null,
    "capacity": null,
    "source": "osm",
    "source_ref": "relation/9100678",
    "source_url": "https://www.openstreetmap.org/relation/9100678"
   }
  },
  {
   "type": "Feature",
   "geometry": {
    "type": "Point",
    "coordinates": [
     -76.4984405,
     3.4062743
    ]
   },
   "properties": {
    "kind": "shelter_candidate",
    "name": "Colegio Fe y Alegria",
    "address": null,
    "phone": null,
    "capacity": null,
    "source": "osm",
    "source_ref": "relation/9225349",
    "source_url": "https://www.openstreetmap.org/relation/9225349"
   }
  },
  {
   "type": "Feature",
   "geometry": {
    "type": "Point",
    "coordinates": [
     -76.5015495,
     3.4074336
    ]
   },
   "properties": {
    "kind": "shelter_candidate",
    "name": "Colegio Enríque Olaya Herrera",
    "address": null,
    "phone": null,
    "capacity": null,
    "source": "osm",
    "source_ref": "relation/9225351",
    "source_url": "https://www.openstreetmap.org/relation/9225351"
   }
  },
  {
   "type": "Feature",
   "geometry": {
    "type": "Point",
    "coordinates": [
     -76.5258021,
     3.3497196
    ]
   },
   "properties": {
    "kind": "shelter_candidate",
    "name": "Colegio de la Sagrada Familia",
    "address": null,
    "phone": null,
    "capacity": null,
    "source": "osm",
    "source_ref": "relation/9512430",
    "source_url": "https://www.openstreetmap.org/relation/9512430"
   }
  },
  {
   "type": "Feature",
   "geometry": {
    "type": "Point",
    "coordinates": [
     -76.4586677,
     3.4110539
    ]
   },
   "properties": {
    "kind": "shelter_candidate",
    "name": "Institucion Educativa Panebianco Americano",
    "address": null,
    "phone": null,
    "capacity": null,
    "source": "osm",
    "source_ref": "relation/9614785",
    "source_url": "https://www.openstreetmap.org/relation/9614785"
   }
  },
  {
   "type": "Feature",
   "geometry": {
    "type": "Point",
    "coordinates": [
     -76.477163,
     3.4149594
    ]
   },
   "properties": {
    "kind": "shelter_candidate",
    "name": "Colegio Parroquial San Francisco Javier Orquídeas",
    "address": "Carrera 27D 107B-16",
    "phone": null,
    "capacity": null,
    "source": "osm",
    "source_ref": "relation/9664312",
    "source_url": "https://www.openstreetmap.org/relation/9664312"
   }
  },
  {
   "type": "Feature",
   "geometry": {
    "type": "Point",
    "coordinates": [
     -76.4774666,
     3.4146276
    ]
   },
   "properties": {
    "kind": "shelter_candidate",
    "name": "Fundación Hogar Nazareth",
    "address": null,
    "phone": "4220444",
    "capacity": null,
    "source": "osm",
    "source_ref": "relation/9664336",
    "source_url": "https://www.openstreetmap.org/relation/9664336"
   }
  },
  {
   "type": "Feature",
   "geometry": {
    "type": "Point",
    "coordinates": [
     -76.5320473,
     3.4036982
    ]
   },
   "properties": {
    "kind": "medical",
    "name": "Centro de Salud Primero de Mayo",
    "address": null,
    "phone": "6080124",
    "capacity": null,
    "source": "osm",
    "source_ref": "relation/9724219",
    "source_url": "https://www.openstreetmap.org/relation/9724219"
   }
  },
  {
   "type": "Feature",
   "geometry": {
    "type": "Point",
    "coordinates": [
     -76.5322383,
     3.4037586
    ]
   },
   "properties": {
    "kind": "shelter_candidate",
    "name": "Institucion Educativa Técnico Industrial Sede Luis Carlos Rojas Garcés",
    "address": null,
    "phone": null,
    "capacity": null,
    "source": "osm",
    "source_ref": "relation/9724220",
    "source_url": "https://www.openstreetmap.org/relation/9724220"
   }
  },
  {
   "type": "Feature",
   "geometry": {
    "type": "Point",
    "coordinates": [
     -76.5151888,
     3.3503249
    ]
   },
   "properties": {
    "kind": "medical",
    "name": "IPS Fundación Valle del Lili - Unidad de Cuidados Especiales Betania",
    "address": "Calle 50 118A 68, Cali",
    "phone": null,
    "capacity": null,
    "source": "osm",
    "source_ref": "relation/9812751",
    "source_url": "https://www.openstreetmap.org/relation/9812751"
   }
  },
  {
   "type": "Feature",
   "geometry": {
    "type": "Point",
    "coordinates": [
     -76.5401,
     3.3298439
    ]
   },
   "properties": {
    "kind": "shelter_candidate",
    "name": "Colegio Lauretta Bender",
    "address": null,
    "phone": null,
    "capacity": null,
    "source": "osm",
    "source_ref": "relation/10229625",
    "source_url": "https://www.openstreetmap.org/relation/10229625"
   }
  },
  {
   "type": "Feature",
   "geometry": {
    "type": "Point",
    "coordinates": [
     -76.554898,
     3.3311951
    ]
   },
   "properties": {
    "kind": "shelter_candidate",
    "name": "Colegio Philadelphia",
    "address": null,
    "phone": null,
    "capacity": null,
    "source": "osm",
    "source_ref": "relation/10274531",
    "source_url": "https://www.openstreetmap.org/relation/10274531"
   }
  },
  {
   "type": "Feature",
   "geometry": {
    "type": "Point",
    "coordinates": [
     -76.5653807,
     3.5087192
    ]
   },
   "properties": {
    "kind": "shelter_candidate",
    "name": "Institución Educativa La Paz",
    "address": null,
    "phone": null,
    "capacity": null,
    "source": "osm",
    "source_ref": "relation/10276088",
    "source_url": "https://www.openstreetmap.org/relation/10276088"
   }
  },
  {
   "type": "Feature",
   "geometry": {
    "type": "Point",
    "coordinates": [
     -76.5149132,
     3.4093682
    ]
   },
   "properties": {
    "kind": "shelter_candidate",
    "name": "Comedor comunitario Juan XXIII",
    "address": null,
    "phone": null,
    "capacity": null,
    "source": "osm",
    "source_ref": "relation/10561814",
    "source_url": "https://www.openstreetmap.org/relation/10561814"
   }
  },
  {
   "type": "Feature",
   "geometry": {
    "type": "Point",
    "coordinates": [
     -76.5146771,
     3.4097743
    ]
   },
   "properties": {
    "kind": "medical",
    "name": "Red de salud del Suroriente ESE - Hospital Carlos Carmona Montoya",
    "address": "Carrera 43 39A-00",
    "phone": "3280847",
    "capacity": null,
    "source": "osm",
    "source_ref": "relation/10561815",
    "source_url": "https://www.openstreetmap.org/relation/10561815"
   }
  },
  {
   "type": "Feature",
   "geometry": {
    "type": "Point",
    "coordinates": [
     -76.5142154,
     3.4085595
    ]
   },
   "properties": {
    "kind": "shelter_candidate",
    "name": "Institucion Educativa Donald Rodrigo Tafur",
    "address": null,
    "phone": null,
    "capacity": null,
    "source": "osm",
    "source_ref": "relation/10561818",
    "source_url": "https://www.openstreetmap.org/relation/10561818"
   }
  },
  {
   "type": "Feature",
   "geometry": {
    "type": "Point",
    "coordinates": [
     -76.5261103,
     3.3727411
    ]
   },
   "properties": {
    "kind": "medical",
    "name": "Clínica Fundacion Valle del Lili",
    "address": null,
    "phone": null,
    "capacity": null,
    "source": "osm",
    "source_ref": "relation/11336544",
    "source_url": "https://www.openstreetmap.org/relation/11336544"
   }
  },
  {
   "type": "Feature",
   "geometry": {
    "type": "Point",
    "coordinates": [
     -76.5389245,
     3.423028
    ]
   },
   "properties": {
    "kind": "shelter_candidate",
    "name": "Liceo Departamental",
    "address": null,
    "phone": null,
    "capacity": null,
    "source": "osm",
    "source_ref": "relation/12483713",
    "source_url": "https://www.openstreetmap.org/relation/12483713"
   }
  },
  {
   "type": "Feature",
   "geometry": {
    "type": "Point",
    "coordinates": [
     -76.5665439,
     3.4186056
    ]
   },
   "properties": {
    "kind": "shelter_candidate",
    "name": "Colegio General José María Córdoba",
    "address": null,
    "phone": null,
    "capacity": null,
    "source": "osm",
    "source_ref": "relation/12559516",
    "source_url": "https://www.openstreetmap.org/relation/12559516"
   }
  },
  {
   "type": "Feature",
   "geometry": {
    "type": "Point",
    "coordinates": [
     -76.5197757,
     3.411248
    ]
   },
   "properties": {
    "kind": "shelter_candidate",
    "name": "Escuela Marino Rengifo",
    "address": "Calle 26B",
    "phone": null,
    "capacity": null,
    "source": "osm",
    "source_ref": "relation/12752105",
    "source_url": "https://www.openstreetmap.org/relation/12752105"
   }
  },
  {
   "type": "Feature",
   "geometry": {
    "type": "Point",
    "coordinates": [
     -76.5177056,
     3.4106907
    ]
   },
   "properties": {
    "kind": "responder",
    "name": "Alfredo Hurtado Sanchez",
    "address": null,
    "phone": null,
    "capacity": null,
    "source": "osm",
    "source_ref": "relation/12752113",
    "source_url": "https://www.openstreetmap.org/relation/12752113"
   }
  },
  {
   "type": "Feature",
   "geometry": {
    "type": "Point",
    "coordinates": [
     -76.5304158,
     3.4113171
    ]
   },
   "properties": {
    "kind": "shelter_candidate",
    "name": "Institución Educativa Técnico Comercial José María Vivas Balcázar",
    "address": null,
    "phone": null,
    "capacity": null,
    "source": "osm",
    "source_ref": "relation/13180343",
    "source_url": "https://www.openstreetmap.org/relation/13180343"
   }
  },
  {
   "type": "Feature",
   "geometry": {
    "type": "Point",
    "coordinates": [
     -76.5532408,
     3.4179658
    ]
   },
   "properties": {
    "kind": "shelter_candidate",
    "name": "Instituto Popular de Cultura",
    "address": null,
    "phone": null,
    "capacity": null,
    "source": "osm",
    "source_ref": "relation/14060857",
    "source_url": "https://www.openstreetmap.org/relation/14060857"
   }
  },
  {
   "type": "Feature",
   "geometry": {
    "type": "Point",
    "coordinates": [
     -76.5346153,
     3.4620142
    ]
   },
   "properties": {
    "kind": "medical",
    "name": "Policía Nacional Direccion de Sanidad USP Seccional Valle",
    "address": "Avenida 10",
    "phone": null,
    "capacity": null,
    "source": "osm",
    "source_ref": "relation/14136884",
    "source_url": "https://www.openstreetmap.org/relation/14136884"
   }
  },
  {
   "type": "Feature",
   "geometry": {
    "type": "Point",
    "coordinates": [
     -76.539473,
     3.4100932
    ]
   },
   "properties": {
    "kind": "medical",
    "name": "Clínica Farallones",
    "address": "Calle 9C 50 -25, Santiago De Cali",
    "phone": "+57 602 4896070",
    "capacity": null,
    "source": "osm",
    "source_ref": "relation/14176545",
    "source_url": "https://www.openstreetmap.org/relation/14176545"
   }
  },
  {
   "type": "Feature",
   "geometry": {
    "type": "Point",
    "coordinates": [
     -76.4993101,
     3.4330042
    ]
   },
   "properties": {
    "kind": "shelter_candidate",
    "name": "Hernando Navia Baron",
    "address": null,
    "phone": null,
    "capacity": null,
    "source": "osm",
    "source_ref": "relation/14650856",
    "source_url": "https://www.openstreetmap.org/relation/14650856"
   }
  },
  {
   "type": "Feature",
   "geometry": {
    "type": "Point",
    "coordinates": [
     -76.5063726,
     3.430621
    ]
   },
   "properties": {
    "kind": "shelter_candidate",
    "name": "Colegia La Presentacion El Paraiso",
    "address": "Carrera 28B",
    "phone": null,
    "capacity": null,
    "source": "osm",
    "source_ref": "relation/14650984",
    "source_url": "https://www.openstreetmap.org/relation/14650984"
   }
  },
  {
   "type": "Feature",
   "geometry": {
    "type": "Point",
    "coordinates": [
     -76.5473242,
     3.3760166
    ]
   },
   "properties": {
    "kind": "responder",
    "name": "Estacion de Policía Melendez",
    "address": null,
    "phone": null,
    "capacity": null,
    "source": "osm",
    "source_ref": "relation/14679812",
    "source_url": "https://www.openstreetmap.org/relation/14679812"
   }
  },
  {
   "type": "Feature",
   "geometry": {
    "type": "Point",
    "coordinates": [
     -76.5444002,
     3.3751665
    ]
   },
   "properties": {
    "kind": "shelter_candidate",
    "name": "Unicatólica - Sede Meléndez",
    "address": "Carrera 94 4C-04, Santiago de Cali",
    "phone": null,
    "capacity": null,
    "source": "osm",
    "source_ref": "relation/14679814",
    "source_url": "https://www.openstreetmap.org/relation/14679814"
   }
  },
  {
   "type": "Feature",
   "geometry": {
    "type": "Point",
    "coordinates": [
     -76.54383,
     3.377213
    ]
   },
   "properties": {
    "kind": "shelter_candidate",
    "name": "Colegio Lacordaire",
    "address": null,
    "phone": null,
    "capacity": null,
    "source": "osm",
    "source_ref": "relation/14680121",
    "source_url": "https://www.openstreetmap.org/relation/14680121"
   }
  },
  {
   "type": "Feature",
   "geometry": {
    "type": "Point",
    "coordinates": [
     -76.5443672,
     3.3798987
    ]
   },
   "properties": {
    "kind": "responder",
    "name": "Estación de Bomberos Meléndez",
    "address": "Carrera 85",
    "phone": "+57 602 5190959",
    "capacity": null,
    "source": "osm",
    "source_ref": "relation/14680123",
    "source_url": "https://www.openstreetmap.org/relation/14680123"
   }
  },
  {
   "type": "Feature",
   "geometry": {
    "type": "Point",
    "coordinates": [
     -76.5442755,
     3.3789728
    ]
   },
   "properties": {
    "kind": "shelter_candidate",
    "name": "Colegio Americano",
    "address": null,
    "phone": null,
    "capacity": null,
    "source": "osm",
    "source_ref": "relation/14680124",
    "source_url": "https://www.openstreetmap.org/relation/14680124"
   }
  },
  {
   "type": "Feature",
   "geometry": {
    "type": "Point",
    "coordinates": [
     -76.4879932,
     3.4225047
    ]
   },
   "properties": {
    "kind": "shelter_candidate",
    "name": "Institución Educativa Santa Rosa",
    "address": null,
    "phone": null,
    "capacity": null,
    "source": "osm",
    "source_ref": "relation/14685290",
    "source_url": "https://www.openstreetmap.org/relation/14685290"
   }
  },
  {
   "type": "Feature",
   "geometry": {
    "type": "Point",
    "coordinates": [
     -76.4952774,
     3.3650353
    ]
   },
   "properties": {
    "kind": "shelter_candidate",
    "name": "Colegio Encuentros",
    "address": null,
    "phone": null,
    "capacity": null,
    "source": "osm",
    "source_ref": "relation/14715457",
    "source_url": "https://www.openstreetmap.org/relation/14715457"
   }
  },
  {
   "type": "Feature",
   "geometry": {
    "type": "Point",
    "coordinates": [
     -76.4988489,
     3.3629081
    ]
   },
   "properties": {
    "kind": "shelter_candidate",
    "name": "Colegio y Centro de Arte Juvenilia",
    "address": null,
    "phone": null,
    "capacity": null,
    "source": "osm",
    "source_ref": "relation/14715459",
    "source_url": "https://www.openstreetmap.org/relation/14715459"
   }
  },
  {
   "type": "Feature",
   "geometry": {
    "type": "Point",
    "coordinates": [
     -76.5338359,
     3.3629732
    ]
   },
   "properties": {
    "kind": "shelter_candidate",
    "name": "Colegio Mayor San Francisco de Asis",
    "address": "Carrera 106 15-74",
    "phone": "+57 2 3323854",
    "capacity": null,
    "source": "osm",
    "source_ref": "relation/14862324",
    "source_url": "https://www.openstreetmap.org/relation/14862324"
   }
  },
  {
   "type": "Feature",
   "geometry": {
    "type": "Point",
    "coordinates": [
     -76.5339356,
     3.3639775
    ]
   },
   "properties": {
    "kind": "medical",
    "name": "Clinica Lungavita",
    "address": "Carrera 105 15-20, Cali",
    "phone": "+57 602 4858989",
    "capacity": null,
    "source": "osm",
    "source_ref": "relation/14862327",
    "source_url": "https://www.openstreetmap.org/relation/14862327"
   }
  },
  {
   "type": "Feature",
   "geometry": {
    "type": "Point",
    "coordinates": [
     -76.5140539,
     3.4147836
    ]
   },
   "properties": {
    "kind": "responder",
    "name": "Sijin",
    "address": null,
    "phone": null,
    "capacity": null,
    "source": "osm",
    "source_ref": "relation/14874584",
    "source_url": "https://www.openstreetmap.org/relation/14874584"
   }
  },
  {
   "type": "Feature",
   "geometry": {
    "type": "Point",
    "coordinates": [
     -76.5531248,
     3.3870219
    ]
   },
   "properties": {
    "kind": "shelter",
    "name": "Aldeas Infantiles SOS Colombia",
    "address": null,
    "phone": "(60+1) 634-8049",
    "capacity": null,
    "source": "osm",
    "source_ref": "relation/15003298",
    "source_url": "https://www.openstreetmap.org/relation/15003298"
   }
  },
  {
   "type": "Feature",
   "geometry": {
    "type": "Point",
    "coordinates": [
     -76.5557055,
     3.3863624
    ]
   },
   "properties": {
    "kind": "shelter_candidate",
    "name": "Juan Pablo II",
    "address": null,
    "phone": null,
    "capacity": null,
    "source": "osm",
    "source_ref": "relation/15003454",
    "source_url": "https://www.openstreetmap.org/relation/15003454"
   }
  },
  {
   "type": "Feature",
   "geometry": {
    "type": "Point",
    "coordinates": [
     -76.5638876,
     3.4094251
    ]
   },
   "properties": {
    "kind": "shelter_candidate",
    "name": "Fundación Educativa Jesús de Nazareth Sede Néstor Cortés Cardona",
    "address": null,
    "phone": null,
    "capacity": null,
    "source": "osm",
    "source_ref": "relation/15013930",
    "source_url": "https://www.openstreetmap.org/relation/15013930"
   }
  },
  {
   "type": "Feature",
   "geometry": {
    "type": "Point",
    "coordinates": [
     -76.5643429,
     3.4096131
    ]
   },
   "properties": {
    "kind": "medical",
    "name": "Centro Médico Bella Suiza",
    "address": null,
    "phone": null,
    "capacity": null,
    "source": "osm",
    "source_ref": "relation/15013931",
    "source_url": "https://www.openstreetmap.org/relation/15013931"
   }
  },
  {
   "type": "Feature",
   "geometry": {
    "type": "Point",
    "coordinates": [
     -76.5540663,
     3.398271
    ]
   },
   "properties": {
    "kind": "market",
    "name": "Supermercado Su Papá",
    "address": null,
    "phone": null,
    "capacity": null,
    "source": "osm",
    "source_ref": "relation/15677649",
    "source_url": "https://www.openstreetmap.org/relation/15677649"
   }
  },
  {
   "type": "Feature",
   "geometry": {
    "type": "Point",
    "coordinates": [
     -76.5531886,
     3.4236083
    ]
   },
   "properties": {
    "kind": "fuel",
    "name": "Texaco",
    "address": null,
    "phone": null,
    "capacity": null,
    "source": "osm",
    "source_ref": "relation/16790991",
    "source_url": "https://www.openstreetmap.org/relation/16790991"
   }
  },
  {
   "type": "Feature",
   "geometry": {
    "type": "Point",
    "coordinates": [
     -76.5531948,
     3.423148
    ]
   },
   "properties": {
    "kind": "market",
    "name": "Tiendas Ara",
    "address": "Carrera 42A",
    "phone": null,
    "capacity": null,
    "source": "osm",
    "source_ref": "relation/16790992",
    "source_url": "https://www.openstreetmap.org/relation/16790992"
   }
  },
  {
   "type": "Feature",
   "geometry": {
    "type": "Point",
    "coordinates": [
     -76.4635689,
     3.4272461
    ]
   },
   "properties": {
    "kind": "shelter_candidate",
    "name": "Institucion Educativa Técnica Ciudadela Desepaz",
    "address": "Calle 119",
    "phone": null,
    "capacity": null,
    "source": "osm",
    "source_ref": "relation/17047891",
    "source_url": "https://www.openstreetmap.org/relation/17047891"
   }
  },
  {
   "type": "Feature",
   "geometry": {
    "type": "Point",
    "coordinates": [
     -76.4638362,
     3.4276585
    ]
   },
   "properties": {
    "kind": "shelter_candidate",
    "name": "Institución Educativa Llano Verde Sede Ivicali Desepaz",
    "address": null,
    "phone": null,
    "capacity": null,
    "source": "osm",
    "source_ref": "relation/17047892",
    "source_url": "https://www.openstreetmap.org/relation/17047892"
   }
  },
  {
   "type": "Feature",
   "geometry": {
    "type": "Point",
    "coordinates": [
     -76.4637978,
     3.4282587
    ]
   },
   "properties": {
    "kind": "shelter_candidate",
    "name": "Institución Educativa Llano Verde Sede San Felipe",
    "address": null,
    "phone": null,
    "capacity": null,
    "source": "osm",
    "source_ref": "relation/17047893",
    "source_url": "https://www.openstreetmap.org/relation/17047893"
   }
  },
  {
   "type": "Feature",
   "geometry": {
    "type": "Point",
    "coordinates": [
     -76.5274423,
     3.4789558
    ]
   },
   "properties": {
    "kind": "market",
    "name": "Jumbo Chipichape",
    "address": "Calle 40 Norte 6A - 45, Cali",
    "phone": null,
    "capacity": null,
    "source": "osm",
    "source_ref": "relation/17051957",
    "source_url": "https://www.openstreetmap.org/relation/17051957"
   }
  },
  {
   "type": "Feature",
   "geometry": {
    "type": "Point",
    "coordinates": [
     -76.5225379,
     3.4630935
    ]
   },
   "properties": {
    "kind": "medical",
    "name": "IPS Clínica Nuestra Señora de Los Remedios",
    "address": null,
    "phone": null,
    "capacity": null,
    "source": "osm",
    "source_ref": "relation/17271481",
    "source_url": "https://www.openstreetmap.org/relation/17271481"
   }
  },
  {
   "type": "Feature",
   "geometry": {
    "type": "Point",
    "coordinates": [
     -76.5425341,
     3.4376613
    ]
   },
   "properties": {
    "kind": "shelter_candidate",
    "name": "Colegio María Auxiliadora Cali",
    "address": "Calle 2A 24C-60",
    "phone": null,
    "capacity": null,
    "source": "osm",
    "source_ref": "relation/17511688",
    "source_url": "https://www.openstreetmap.org/relation/17511688"
   }
  },
  {
   "type": "Feature",
   "geometry": {
    "type": "Point",
    "coordinates": [
     -76.5154055,
     3.4449067
    ]
   },
   "properties": {
    "kind": "fuel",
    "name": "Texaco",
    "address": "Calle 30",
    "phone": null,
    "capacity": null,
    "source": "osm",
    "source_ref": "relation/17541190",
    "source_url": "https://www.openstreetmap.org/relation/17541190"
   }
  },
  {
   "type": "Feature",
   "geometry": {
    "type": "Point",
    "coordinates": [
     -76.5224404,
     3.4438626
    ]
   },
   "properties": {
    "kind": "fuel",
    "name": "Texaco",
    "address": "Carrera 15",
    "phone": null,
    "capacity": null,
    "source": "osm",
    "source_ref": "relation/17541193",
    "source_url": "https://www.openstreetmap.org/relation/17541193"
   }
  },
  {
   "type": "Feature",
   "geometry": {
    "type": "Point",
    "coordinates": [
     -76.4998746,
     3.4437182
    ]
   },
   "properties": {
    "kind": "fuel",
    "name": "Texaco",
    "address": "Carrera 15",
    "phone": null,
    "capacity": null,
    "source": "osm",
    "source_ref": "relation/17541258",
    "source_url": "https://www.openstreetmap.org/relation/17541258"
   }
  },
  {
   "type": "Feature",
   "geometry": {
    "type": "Point",
    "coordinates": [
     -76.5381732,
     3.4398961
    ]
   },
   "properties": {
    "kind": "medical",
    "name": "Fundacion Clínica Infantil Club Noel",
    "address": null,
    "phone": "+576024854404",
    "capacity": null,
    "source": "osm",
    "source_ref": "relation/17687295",
    "source_url": "https://www.openstreetmap.org/relation/17687295"
   }
  },
  {
   "type": "Feature",
   "geometry": {
    "type": "Point",
    "coordinates": [
     -76.5285997,
     3.4628393
    ]
   },
   "properties": {
    "kind": "medical",
    "name": "Centro Médico Versalles",
    "address": null,
    "phone": null,
    "capacity": null,
    "source": "osm",
    "source_ref": "relation/18058798",
    "source_url": "https://www.openstreetmap.org/relation/18058798"
   }
  },
  {
   "type": "Feature",
   "geometry": {
    "type": "Point",
    "coordinates": [
     -76.5297988,
     3.4605482
    ]
   },
   "properties": {
    "kind": "medical",
    "name": "Centro médico de Cali",
    "address": null,
    "phone": null,
    "capacity": null,
    "source": "osm",
    "source_ref": "relation/18058799",
    "source_url": "https://www.openstreetmap.org/relation/18058799"
   }
  },
  {
   "type": "Feature",
   "geometry": {
    "type": "Point",
    "coordinates": [
     -76.533127,
     3.4568596
    ]
   },
   "properties": {
    "kind": "shelter_candidate",
    "name": "Universidad ECCI",
    "address": null,
    "phone": null,
    "capacity": null,
    "source": "osm",
    "source_ref": "relation/18197473",
    "source_url": "https://www.openstreetmap.org/relation/18197473"
   }
  }
 ]
}